user_id,full_name,email,metadata
u1,User 1,user1@example.com,"{""role"": ""user"", ""level"": 1}"
u2,User 2,user2@example.com,"{""role"": ""user"", ""level"": 2}"
u3,User 3,user3@example.com,"{""role"": ""user"", ""level"": 3}"
u4,User 4,user4@example.com,"{""role"": ""user"", ""level"": 4}"
u5,User 5,user5@example.com,"{""role"": ""user"", ""level"": 0}"
u6,User 6,user6@example.com,"{""role"": ""user"", ""level"": 1}"
u7,User 7,user7@example.com,"{""role"": ""user"", ""level"": 2}"
u8,User 8,user8@example.com,"{""role"": ""user"", ""level"": 3}"
u9,User 9,user9@example.com,"{""role"": ""user"", ""level"": 4}"
u10,User 10,user10@example.com,"{""role"": ""user"", ""level"": 0}"
u11,User 11,user11@example.com,"{""role"": ""user"", ""level"": 1}"
u12,User 12,user12@example.com,"{""role"": ""user"", ""level"": 2}"
u13,User 13,user13@example.com,"{""role"": ""user"", ""level"": 3}"
u14,User 14,user14@example.com,"{""role"": ""user"", ""level"": 4}"
u15,User 15,user15@example.com,"{""role"": ""user"", ""level"": 0}"
u16,User 16,user16@example.com,"{""role"": ""user"", ""level"": 1}"
u17,User 17,user17@example.com,"{""role"": ""user"", ""level"": 2}"
u18,User 18,user18@example.com,"{""role"": ""user"", ""level"": 3}"
u19,User 19,user19@example.com,"{""role"": ""user"", ""level"": 4}"
u20,User 20,user20@example.com,"{""role"": ""user"", ""level"": 0}"
u21,User 21,user21@example.com,"{""role"": ""user"", ""level"": 1}"
u22,User 22,user22@example.com,"{""role"": ""user"", ""level"": 2}"
u23,User 23,user23@example.com,"{""role"": ""user"", ""level"": 3}"
u24,User 24,user24@example.com,"{""role"": ""user"", ""level"": 4}"
u25,User 25,user25@example.com,"{""role"": ""user"", ""level"": 0}"
u26,User 26,user26@example.com,"{""role"": ""user"", ""level"": 1}"
u27,User 27,user27@example.com,"{""role"": ""user"", ""level"": 2}"
u28,User 28,user28@example.com,"{""role"": ""user"", ""level"": 3}"
u29,User 29,user29@example.com,"{""role"": ""user"", ""level"": 4}"
u30,User 30,user30@example.com,"{""role"": ""user"", ""level"": 0}"
u31,User 31,user31@example.com,"{""role"": ""user"", ""level"": 1}"
u32,User 32,user32@example.com,"{""role"": ""user"", ""level"": 2}"
u33,User 33,user33@example.com,"{""role"": ""user"", ""level"": 3}"
u34,User 34,user34@example.com,"{""role"": ""user"", ""level"": 4}"
u35,User 35,user35@example.com,"{""role"": ""user"", ""level"": 0}"
u36,User 36,user36@example.com,"{""role"": ""user"", ""level"": 1}"
u37,User 37,user37@example.com,"{""role"": ""user"", ""level"": 2}"
u38,User 38,user38@example.com,"{""role"": ""user"", ""level"": 3}"
u39,User 39,user39@example.com,"{""role"": ""user"", ""level"": 4}"
u40,User 40,user40@example.com,"{""role"": ""user"", ""level"": 0}"
u41,User 41,user41@example.com,"{""role"": ""user"", ""level"": 1}"
u42,User 42,user42@example.com,"{""role"": ""user"", ""level"": 2}"
u43,User 43,user43@example.com,"{""role"": ""user"", ""level"": 3}"
u44,User 44,user44@example.com,"{""role"": ""user"", ""level"": 4}"
u45,User 45,user45@example.com,"{""role"": ""user"", ""level"": 0}"
u46,User 46,user46@example.com,"{""role"": ""user"", ""level"": 1}"
u47,User 47,user47@example.com,"{""role"": ""user"", ""level"": 2}"
u48,User 48,user48@example.com,"{""role"": ""user"", ""level"": 3}"
u49,User 49,user49@example.com,"{""role"": ""user"", ""level"": 4}"
u50,User 50,user50@example.com,"{""role"": ""user"", ""level"": 0}"
u51,User 51,user51@example.com,"{""role"": ""user"", ""level"": 1}"
u52,User 52,user52@example.com,"{""role"": ""user"", ""level"": 2}"
u53,User 53,user53@example.com,"{""role"": ""user"", ""level"": 3}"
u54,User 54,user54@example.com,"{""role"": ""user"", ""level"": 4}"
u55,User 55,user55@example.com,"{""role"": ""user"", ""level"": 0}"
u56,User 56,user56@example.com,"{""role"": ""user"", ""level"": 1}"
u57,User 57,user57@example.com,"{""role"": ""user"", ""level"": 2}"
u58,User 58,user58@example.com,"{""role"": ""user"", ""level"": 3}"
u59,User 59,user59@example.com,"{""role"": ""user"", ""level"": 4}"
u60,User 60,user60@example.com,"{""role"": ""user"", ""level"": 0}"
u61,User 61,user61@example.com,"{""role"": ""user"", ""level"": 1}"
u62,User 62,user62@example.com,"{""role"": ""user"", ""level"": 2}"
u63,User 63,user63@example.com,"{""role"": ""user"", ""level"": 3}"
u64,User 64,user64@example.com,"{""role"": ""user"", ""level"": 4}"
u65,User 65,user65@example.com,"{""role"": ""user"", ""level"": 0}"
u66,User 66,user66@example.com,"{""role"": ""user"", ""level"": 1}"
u67,User 67,user67@example.com,"{""role"": ""user"", ""level"": 2}"
u68,User 68,user68@example.com,"{""role"": ""user"", ""level"": 3}"
u69,User 69,user69@example.com,"{""role"": ""user"", ""level"": 4}"
u70,User 70,user70@example.com,"{""role"": ""user"", ""level"": 0}"
u71,User 71,user71@example.com,"{""role"": ""user"", ""level"": 1}"
u72,User 72,user72@example.com,"{""role"": ""user"", ""level"": 2}"
u73,User 73,user73@example.com,"{""role"": ""user"", ""level"": 3}"
u74,User 74,user74@example.com,"{""role"": ""user"", ""level"": 4}"
u75,User 75,user75@example.com,"{""role"": ""user"", ""level"": 0}"
u76,User 76,user76@example.com,"{""role"": ""user"", ""level"": 1}"
u77,User 77,user77@example.com,"{""role"": ""user"", ""level"": 2}"
u78,User 78,user78@example.com,"{""role"": ""user"", ""level"": 3}"
u79,User 79,user79@example.com,"{""role"": ""user"", ""level"": 4}"
u80,User 80,user80@example.com,"{""role"": ""user"", ""level"": 0}"
u81,User 81,user81@example.com,"{""role"": ""user"", ""level"": 1}"
u82,User 82,user82@example.com,"{""role"": ""user"", ""level"": 2}"
u83,User 83,user83@example.com,"{""role"": ""user"", ""level"": 3}"
u84,User 84,user84@example.com,"{""role"": ""user"", ""level"": 4}"
u85,User 85,user85@example.com,"{""role"": ""user"", ""level"": 0}"
u86,User 86,user86@example.com,"{""role"": ""user"", ""level"": 1}"
u87,User 87,user87@example.com,"{""role"": ""user"", ""level"": 2}"
u88,User 88,user88@example.com,"{""role"": ""user"", ""level"": 3}"
u89,User 89,user89@example.com,"{""role"": ""user"", ""level"": 4}"
u90,User 90,user90@example.com,"{""role"": ""user"", ""level"": 0}"
u91,User 91,user91@example.com,"{""role"": ""user"", ""level"": 1}"
u92,User 92,user92@example.com,"{""role"": ""user"", ""level"": 2}"
u93,User 93,user93@example.com,"{""role"": ""user"", ""level"": 3}"
u94,User 94,user94@example.com,"{""role"": ""user"", ""level"": 4}"
u95,User 95,user95@example.com,"{""role"": ""user"", ""level"": 0}"
u96,User 96,user96@example.com,"{""role"": ""user"", ""level"": 1}"
u97,User 97,user97@example.com,"{""role"": ""user"", ""level"": 2}"
u98,User 98,user98@example.com,"{""role"": ""user"", ""level"": 3}"
u99,User 99,user99@example.com,"{""role"": ""user"", ""level"": 4}"
u100,User 100,user100@example.com,"{""role"": ""user"", ""level"": 0}"
u101,User 101,user101@example.com,"{""role"": ""user"", ""level"": 1}"
u102,User 102,user102@example.com,"{""role"": ""user"", ""level"": 2}"
u103,User 103,user103@example.com,"{""role"": ""user"", ""level"": 3}"
u104,User 104,user104@example.com,"{""role"": ""user"", ""level"": 4}"
u105,User 105,user105@example.com,"{""role"": ""user"", ""level"": 0}"
u106,User 106,user106@example.com,"{""role"": ""user"", ""level"": 1}"
u107,User 107,user107@example.com,"{""role"": ""user"", ""level"": 2}"
u108,User 108,user108@example.com,"{""role"": ""user"", ""level"": 3}"
u109,User 109,user109@example.com,"{""role"": ""user"", ""level"": 4}"
u110,User 110,user110@example.com,"{""role"": ""user"", ""level"": 0}"
u111,User 111,user111@example.com,"{""role"": ""user"", ""level"": 1}"
u112,User 112,user112@example.com,"{""role"": ""user"", ""level"": 2}"
u113,User 113,user113@example.com,"{""role"": ""user"", ""level"": 3}"
u114,User 114,user114@example.com,"{""role"": ""user"", ""level"": 4}"
u115,User 115,user115@example.com,"{""role"": ""user"", ""level"": 0}"
u116,User 116,user116@example.com,"{""role"": ""user"", ""level"": 1}"
u117,User 117,user117@example.com,"{""role"": ""user"", ""level"": 2}"
u118,User 118,user118@example.com,"{""role"": ""user"", ""level"": 3}"
u119,User 119,user119@example.com,"{""role"": ""user"", ""level"": 4}"
u120,User 120,user120@example.com,"{""role"": ""user"", ""level"": 0}"
u121,User 121,user121@example.com,"{""role"": ""user"", ""level"": 1}"
u122,User 122,user122@example.com,"{""role"": ""user"", ""level"": 2}"
u123,User 123,user123@example.com,"{""role"": ""user"", ""level"": 3}"
u124,User 124,user124@example.com,"{""role"": ""user"", ""level"": 4}"
u125,User 125,user125@example.com,"{""role"": ""user"", ""level"": 0}"
u126,User 126,user126@example.com,"{""role"": ""user"", ""level"": 1}"
u127,User 127,user127@example.com,"{""role"": ""user"", ""level"": 2}"
u128,User 128,user128@example.com,"{""role"": ""user"", ""level"": 3}"
u129,User 129,user129@example.com,"{""role"": ""user"", ""level"": 4}"
u130,User 130,user130@example.com,"{""role"": ""user"", ""level"": 0}"
u131,User 131,user131@example.com,"{""role"": ""user"", ""level"": 1}"
u132,User 132,user132@example.com,"{""role"": ""user"", ""level"": 2}"
u133,User 133,user133@example.com,"{""role"": ""user"", ""level"": 3}"
u134,User 134,user134@example.com,"{""role"": ""user"", ""level"": 4}"
u135,User 135,user135@example.com,"{""role"": ""user"", ""level"": 0}"
u136,User 136,user136@example.com,"{""role"": ""user"", ""level"": 1}"
u137,User 137,user137@example.com,"{""role"": ""user"", ""level"": 2}"
u138,User 138,user138@example.com,"{""role"": ""user"", ""level"": 3}"
u139,User 139,user139@example.com,"{""role"": ""user"", ""level"": 4}"
u140,User 140,user140@example.com,"{""role"": ""user"", ""level"": 0}"
u141,User 141,user141@example.com,"{""role"": ""user"", ""level"": 1}"
u142,User 142,user142@example.com,"{""role"": ""user"", ""level"": 2}"
u143,User 143,user143@example.com,"{""role"": ""user"", ""level"": 3}"
u144,User 144,user144@example.com,"{""role"": ""user"", ""level"": 4}"
u145,User 145,user145@example.com,"{""role"": ""user"", ""level"": 0}"
u146,User 146,user146@example.com,"{""role"": ""user"", ""level"": 1}"
u147,User 147,user147@example.com,"{""role"": ""user"", ""level"": 2}"
u148,User 148,user148@example.com,"{""role"": ""user"", ""level"": 3}"
u149,User 149,user149@example.com,"{""role"": ""user"", ""level"": 4}"
u150,User 150,user150@example.com,"{""role"": ""user"", ""level"": 0}"
u151,User 151,user151@example.com,"{""role"": ""user"", ""level"": 1}"
u152,User 152,user152@example.com,"{""role"": ""user"", ""level"": 2}"
u153,User 153,user153@example.com,"{""role"": ""user"", ""level"": 3}"
u154,User 154,user154@example.com,"{""role"": ""user"", ""level"": 4}"
u155,User 155,user155@example.com,"{""role"": ""user"", ""level"": 0}"
u156,User 156,user156@example.com,"{""role"": ""user"", ""level"": 1}"
u157,User 157,user157@example.com,"{""role"": ""user"", ""level"": 2}"
u158,User 158,user158@example.com,"{""role"": ""user"", ""level"": 3}"
u159,User 159,user159@example.com,"{""role"": ""user"", ""level"": 4}"
u160,User 160,user160@example.com,"{""role"": ""user"", ""level"": 0}"
u161,User 161,user161@example.com,"{""role"": ""user"", ""level"": 1}"
u162,User 162,user162@example.com,"{""role"": ""user"", ""level"": 2}"
u163,User 163,user163@example.com,"{""role"": ""user"", ""level"": 3}"
u164,User 164,user164@example.com,"{""role"": ""user"", ""level"": 4}"
u165,User 165,user165@example.com,"{""role"": ""user"", ""level"": 0}"
u166,User 166,user166@example.com,"{""role"": ""user"", ""level"": 1}"
u167,User 167,user167@example.com,"{""role"": ""user"", ""level"": 2}"
u168,User 168,user168@example.com,"{""role"": ""user"", ""level"": 3}"
u169,User 169,user169@example.com,"{""role"": ""user"", ""level"": 4}"
u170,User 170,user170@example.com,"{""role"": ""user"", ""level"": 0}"
u171,User 171,user171@example.com,"{""role"": ""user"", ""level"": 1}"
u172,User 172,user172@example.com,"{""role"": ""user"", ""level"": 2}"
u173,User 173,user173@example.com,"{""role"": ""user"", ""level"": 3}"
u174,User 174,user174@example.com,"{""role"": ""user"", ""level"": 4}"
u175,User 175,user175@example.com,"{""role"": ""user"", ""level"": 0}"
u176,User 176,user176@example.com,"{""role"": ""user"", ""level"": 1}"
u177,User 177,user177@example.com,"{""role"": ""user"", ""level"": 2}"
u178,User 178,user178@example.com,"{""role"": ""user"", ""level"": 3}"
u179,User 179,user179@example.com,"{""role"": ""user"", ""level"": 4}"
u180,User 180,user180@example.com,"{""role"": ""user"", ""level"": 0}"
u181,User 181,user181@example.com,"{""role"": ""user"", ""level"": 1}"
u182,User 182,user182@example.com,"{""role"": ""user"", ""level"": 2}"
u183,User 183,user183@example.com,"{""role"": ""user"", ""level"": 3}"
u184,User 184,user184@example.com,"{""role"": ""user"", ""level"": 4}"
u185,User 185,user185@example.com,"{""role"": ""user"", ""level"": 0}"
u186,User 186,user186@example.com,"{""role"": ""user"", ""level"": 1}"
u187,User 187,user187@example.com,"{""role"": ""user"", ""level"": 2}"
u188,User 188,user188@example.com,"{""role"": ""user"", ""level"": 3}"
u189,User 189,user189@example.com,"{""role"": ""user"", ""level"": 4}"
u190,User 190,user190@example.com,"{""role"": ""user"", ""level"": 0}"
u191,User 191,user191@example.com,"{""role"": ""user"", ""level"": 1}"
u192,User 192,user192@example.com,"{""role"": ""user"", ""level"": 2}"
u193,User 193,user193@example.com,"{""role"": ""user"", ""level"": 3}"
u194,User 194,user194@example.com,"{""role"": ""user"", ""level"": 4}"
u195,User 195,user195@example.com,"{""role"": ""user"", ""level"": 0}"
u196,User 196,user196@example.com,"{""role"": ""user"", ""level"": 1}"
u197,User 197,user197@example.com,"{""role"": ""user"", ""level"": 2}"
u198,User 198,user198@example.com,"{""role"": ""user"", ""level"": 3}"
u199,User 199,user199@example.com,"{""role"": ""user"", ""level"": 4}"
u200,User 200,user200@example.com,"{""role"": ""user"", ""level"": 0}"
u201,User 201,user201@example.com,"{""role"": ""user"", ""level"": 1}"
u202,User 202,user202@example.com,"{""role"": ""user"", ""level"": 2}"
u203,User 203,user203@example.com,"{""role"": ""user"", ""level"": 3}"
u204,User 204,user204@example.com,"{""role"": ""user"", ""level"": 4}"
u205,User 205,user205@example.com,"{""role"": ""user"", ""level"": 0}"
u206,User 206,user206@example.com,"{""role"": ""user"", ""level"": 1}"
u207,User 207,user207@example.com,"{""role"": ""user"", ""level"": 2}"
u208,User 208,user208@example.com,"{""role"": ""user"", ""level"": 3}"
u209,User 209,user209@example.com,"{""role"": ""user"", ""level"": 4}"
u210,User 210,user210@example.com,"{""role"": ""user"", ""level"": 0}"
u211,User 211,user211@example.com,"{""role"": ""user"", ""level"": 1}"
u212,User 212,user212@example.com,"{""role"": ""user"", ""level"": 2}"
u213,User 213,user213@example.com,"{""role"": ""user"", ""level"": 3}"
u214,User 214,user214@example.com,"{""role"": ""user"", ""level"": 4}"
u215,User 215,user215@example.com,"{""role"": ""user"", ""level"": 0}"
u216,User 216,user216@example.com,"{""role"": ""user"", ""level"": 1}"
u217,User 217,user217@example.com,"{""role"": ""user"", ""level"": 2}"
u218,User 218,user218@example.com,"{""role"": ""user"", ""level"": 3}"
u219,User 219,user219@example.com,"{""role"": ""user"", ""level"": 4}"
u220,User 220,user220@example.com,"{""role"": ""user"", ""level"": 0}"
u221,User 221,user221@example.com,"{""role"": ""user"", ""level"": 1}"
u222,User 222,user222@example.com,"{""role"": ""user"", ""level"": 2}"
u223,User 223,user223@example.com,"{""role"": ""user"", ""level"": 3}"
u224,User 224,user224@example.com,"{""role"": ""user"", ""level"": 4}"
u225,User 225,user225@example.com,"{""role"": ""user"", ""level"": 0}"
u226,User 226,user226@example.com,"{""role"": ""user"", ""level"": 1}"
u227,User 227,user227@example.com,"{""role"": ""user"", ""level"": 2}"
u228,User 228,user228@example.com,"{""role"": ""user"", ""level"": 3}"
u229,User 229,user229@example.com,"{""role"": ""user"", ""level"": 4}"
u230,User 230,user230@example.com,"{""role"": ""user"", ""level"": 0}"
u231,User 231,user231@example.com,"{""role"": ""user"", ""level"": 1}"
u232,User 232,user232@example.com,"{""role"": ""user"", ""level"": 2}"
u233,User 233,user233@example.com,"{""role"": ""user"", ""level"": 3}"
u234,User 234,user234@example.com,"{""role"": ""user"", ""level"": 4}"
u235,User 235,user235@example.com,"{""role"": ""user"", ""level"": 0}"
u236,User 236,user236@example.com,"{""role"": ""user"", ""level"": 1}"
u237,User 237,user237@example.com,"{""role"": ""user"", ""level"": 2}"
u238,User 238,user238@example.com,"{""role"": ""user"", ""level"": 3}"
u239,User 239,user239@example.com,"{""role"": ""user"", ""level"": 4}"
u240,User 240,user240@example.com,"{""role"": ""user"", ""level"": 0}"
u241,User 241,user241@example.com,"{""role"": ""user"", ""level"": 1}"
u242,User 242,user242@example.com,"{""role"": ""user"", ""level"": 2}"
u243,User 243,user243@example.com,"{""role"": ""user"", ""level"": 3}"
u244,User 244,user244@example.com,"{""role"": ""user"", ""level"": 4}"
u245,User 245,user245@example.com,"{""role"": ""user"", ""level"": 0}"
u246,User 246,user246@example.com,"{""role"": ""user"", ""level"": 1}"
u247,User 247,user247@example.com,"{""role"": ""user"", ""level"": 2}"
u248,User 248,user248@example.com,"{""role"": ""user"", ""level"": 3}"
u249,User 249,user249@example.com,"{""role"": ""user"", ""level"": 4}"
u250,User 250,user250@example.com,"{""role"": ""user"", ""level"": 0}"
u251,User 251,user251@example.com,"{""role"": ""user"", ""level"": 1}"
u252,User 252,user252@example.com,"{""role"": ""user"", ""level"": 2}"
u253,User 253,user253@example.com,"{""role"": ""user"", ""level"": 3}"
u254,User 254,user254@example.com,"{""role"": ""user"", ""level"": 4}"
u255,User 255,user255@example.com,"{""role"": ""user"", ""level"": 0}"
u256,User 256,user256@example.com,"{""role"": ""user"", ""level"": 1}"
u257,User 257,user257@example.com,"{""role"": ""user"", ""level"": 2}"
u258,User 258,user258@example.com,"{""role"": ""user"", ""level"": 3}"
u259,User 259,user259@example.com,"{""role"": ""user"", ""level"": 4}"
u260,User 260,user260@example.com,"{""role"": ""user"", ""level"": 0}"
u261,User 261,user261@example.com,"{""role"": ""user"", ""level"": 1}"
u262,User 262,user262@example.com,"{""role"": ""user"", ""level"": 2}"
u263,User 263,user263@example.com,"{""role"": ""user"", ""level"": 3}"
u264,User 264,user264@example.com,"{""role"": ""user"", ""level"": 4}"
u265,User 265,user265@example.com,"{""role"": ""user"", ""level"": 0}"
u266,User 266,user266@example.com,"{""role"": ""user"", ""level"": 1}"
u267,User 267,user267@example.com,"{""role"": ""user"", ""level"": 2}"
u268,User 268,user268@example.com,"{""role"": ""user"", ""level"": 3}"
u269,User 269,user269@example.com,"{""role"": ""user"", ""level"": 4}"
u270,User 270,user270@example.com,"{""role"": ""user"", ""level"": 0}"
u271,User 271,user271@example.com,"{""role"": ""user"", ""level"": 1}"
u272,User 272,user272@example.com,"{""role"": ""user"", ""level"": 2}"
u273,User 273,user273@example.com,"{""role"": ""user"", ""level"": 3}"
u274,User 274,user274@example.com,"{""role"": ""user"", ""level"": 4}"
u275,User 275,user275@example.com,"{""role"": ""user"", ""level"": 0}"
u276,User 276,user276@example.com,"{""role"": ""user"", ""level"": 1}"
u277,User 277,user277@example.com,"{""role"": ""user"", ""level"": 2}"
u278,User 278,user278@example.com,"{""role"": ""user"", ""level"": 3}"
u279,User 279,user279@example.com,"{""role"": ""user"", ""level"": 4}"
u280,User 280,user280@example.com,"{""role"": ""user"", ""level"": 0}"
u281,User 281,user281@example.com,"{""role"": ""user"", ""level"": 1}"
u282,User 282,user282@example.com,"{""role"": ""user"", ""level"": 2}"
u283,User 283,user283@example.com,"{""role"": ""user"", ""level"": 3}"
u284,User 284,user284@example.com,"{""role"": ""user"", ""level"": 4}"
u285,User 285,user285@example.com,"{""role"": ""user"", ""level"": 0}"
u286,User 286,user286@example.com,"{""role"": ""user"", ""level"": 1}"
u287,User 287,user287@example.com,"{""role"": ""user"", ""level"": 2}"
u288,User 288,user288@example.com,"{""role"": ""user"", ""level"": 3}"
u289,User 289,user289@example.com,"{""role"": ""user"", ""level"": 4}"
u290,User 290,user290@example.com,"{""role"": ""user"", ""level"": 0}"
u291,User 291,user291@example.com,"{""role"": ""user"", ""level"": 1}"
u292,User 292,user292@example.com,"{""role"": ""user"", ""level"": 2}"
u293,User 293,user293@example.com,"{""role"": ""user"", ""level"": 3}"
u294,User 294,user294@example.com,"{""role"": ""user"", ""level"": 4}"
u295,User 295,user295@example.com,"{""role"": ""user"", ""level"": 0}"
u296,User 296,user296@example.com,"{""role"": ""user"", ""level"": 1}"
u297,User 297,user297@example.com,"{""role"": ""user"", ""level"": 2}"
u298,User 298,user298@example.com,"{""role"": ""user"", ""level"": 3}"
u299,User 299,user299@example.com,"{""role"": ""user"", ""level"": 4}"
u300,User 300,user300@example.com,"{""role"": ""user"", ""level"": 0}"
u301,User 301,user301@example.com,"{""role"": ""user"", ""level"": 1}"
u302,User 302,user302@example.com,"{""role"": ""user"", ""level"": 2}"
u303,User 303,user303@example.com,"{""role"": ""user"", ""level"": 3}"
u304,User 304,user304@example.com,"{""role"": ""user"", ""level"": 4}"
u305,User 305,user305@example.com,"{""role"": ""user"", ""level"": 0}"
u306,User 306,user306@example.com,"{""role"": ""user"", ""level"": 1}"
u307,User 307,user307@example.com,"{""role"": ""user"", ""level"": 2}"
u308,User 308,user308@example.com,"{""role"": ""user"", ""level"": 3}"
u309,User 309,user309@example.com,"{""role"": ""user"", ""level"": 4}"
u310,User 310,user310@example.com,"{""role"": ""user"", ""level"": 0}"
u311,User 311,user311@example.com,"{""role"": ""user"", ""level"": 1}"
u312,User 312,user312@example.com,"{""role"": ""user"", ""level"": 2}"
u313,User 313,user313@example.com,"{""role"": ""user"", ""level"": 3}"
u314,User 314,user314@example.com,"{""role"": ""user"", ""level"": 4}"
u315,User 315,user315@example.com,"{""role"": ""user"", ""level"": 0}"
u316,User 316,user316@example.com,"{""role"": ""user"", ""level"": 1}"
u317,User 317,user317@example.com,"{""role"": ""user"", ""level"": 2}"
u318,User 318,user318@example.com,"{""role"": ""user"", ""level"": 3}"
u319,User 319,user319@example.com,"{""role"": ""user"", ""level"": 4}"
u320,User 320,user320@example.com,"{""role"": ""user"", ""level"": 0}"
u321,User 321,user321@example.com,"{""role"": ""user"", ""level"": 1}"
u322,User 322,user322@example.com,"{""role"": ""user"", ""level"": 2}"
u323,User 323,user323@example.com,"{""role"": ""user"", ""level"": 3}"
u324,User 324,user324@example.com,"{""role"": ""user"", ""level"": 4}"
u325,User 325,user325@example.com,"{""role"": ""user"", ""level"": 0}"
u326,User 326,user326@example.com,"{""role"": ""user"", ""level"": 1}"
u327,User 327,user327@example.com,"{""role"": ""user"", ""level"": 2}"
u328,User 328,user328@example.com,"{""role"": ""user"", ""level"": 3}"
u329,User 329,user329@example.com,"{""role"": ""user"", ""level"": 4}"
u330,User 330,user330@example.com,"{""role"": ""user"", ""level"": 0}"
u331,User 331,user331@example.com,"{""role"": ""user"", ""level"": 1}"
u332,User 332,user332@example.com,"{""role"": ""user"", ""level"": 2}"
u333,User 333,user333@example.com,"{""role"": ""user"", ""level"": 3}"
u334,User 334,user334@example.com,"{""role"": ""user"", ""level"": 4}"
u335,User 335,user335@example.com,"{""role"": ""user"", ""level"": 0}"
u336,User 336,user336@example.com,"{""role"": ""user"", ""level"": 1}"
u337,User 337,user337@example.com,"{""role"": ""user"", ""level"": 2}"
u338,User 338,user338@example.com,"{""role"": ""user"", ""level"": 3}"
u339,User 339,user339@example.com,"{""role"": ""user"", ""level"": 4}"
u340,User 340,user340@example.com,"{""role"": ""user"", ""level"": 0}"
u341,User 341,user341@example.com,"{""role"": ""user"", ""level"": 1}"
u342,User 342,user342@example.com,"{""role"": ""user"", ""level"": 2}"
u343,User 343,user343@example.com,"{""role"": ""user"", ""level"": 3}"
u344,User 344,user344@example.com,"{""role"": ""user"", ""level"": 4}"
u345,User 345,user345@example.com,"{""role"": ""user"", ""level"": 0}"
u346,User 346,user346@example.com,"{""role"": ""user"", ""level"": 1}"
u347,User 347,user347@example.com,"{""role"": ""user"", ""level"": 2}"
u348,User 348,user348@example.com,"{""role"": ""user"", ""level"": 3}"
u349,User 349,user349@example.com,"{""role"": ""user"", ""level"": 4}"
u350,User 350,user350@example.com,"{""role"": ""user"", ""level"": 0}"
u351,User 351,user351@example.com,"{""role"": ""user"", ""level"": 1}"
u352,User 352,user352@example.com,"{""role"": ""user"", ""level"": 2}"
u353,User 353,user353@example.com,"{""role"": ""user"", ""level"": 3}"
u354,User 354,user354@example.com,"{""role"": ""user"", ""level"": 4}"
u355,User 355,user355@example.com,"{""role"": ""user"", ""level"": 0}"
u356,User 356,user356@example.com,"{""role"": ""user"", ""level"": 1}"
u357,User 357,user357@example.com,"{""role"": ""user"", ""level"": 2}"
u358,User 358,user358@example.com,"{""role"": ""user"", ""level"": 3}"
u359,User 359,user359@example.com,"{""role"": ""user"", ""level"": 4}"
u360,User 360,user360@example.com,"{""role"": ""user"", ""level"": 0}"
u361,User 361,user361@example.com,"{""role"": ""user"", ""level"": 1}"
u362,User 362,user362@example.com,"{""role"": ""user"", ""level"": 2}"
u363,User 363,user363@example.com,"{""role"": ""user"", ""level"": 3}"
u364,User 364,user364@example.com,"{""role"": ""user"", ""level"": 4}"
u365,User 365,user365@example.com,"{""role"": ""user"", ""level"": 0}"
u366,User 366,user366@example.com,"{""role"": ""user"", ""level"": 1}"
u367,User 367,user367@example.com,"{""role"": ""user"", ""level"": 2}"
u368,User 368,user368@example.com,"{""role"": ""user"", ""level"": 3}"
u369,User 369,user369@example.com,"{""role"": ""user"", ""level"": 4}"
u370,User 370,user370@example.com,"{""role"": ""user"", ""level"": 0}"
u371,User 371,user371@example.com,"{""role"": ""user"", ""level"": 1}"
u372,User 372,user372@example.com,"{""role"": ""user"", ""level"": 2}"
u373,User 373,user373@example.com,"{""role"": ""user"", ""level"": 3}"
u374,User 374,user374@example.com,"{""role"": ""user"", ""level"": 4}"
u375,User 375,user375@example.com,"{""role"": ""user"", ""level"": 0}"
u376,User 376,user376@example.com,"{""role"": ""user"", ""level"": 1}"
u377,User 377,user377@example.com,"{""role"": ""user"", ""level"": 2}"
u378,User 378,user378@example.com,"{""role"": ""user"", ""level"": 3}"
u379,User 379,user379@example.com,"{""role"": ""user"", ""level"": 4}"
u380,User 380,user380@example.com,"{""role"": ""user"", ""level"": 0}"
u381,User 381,user381@example.com,"{""role"": ""user"", ""level"": 1}"
u382,User 382,user382@example.com,"{""role"": ""user"", ""level"": 2}"
u383,User 383,user383@example.com,"{""role"": ""user"", ""level"": 3}"
u384,User 384,user384@example.com,"{""role"": ""user"", ""level"": 4}"
u385,User 385,user385@example.com,"{""role"": ""user"", ""level"": 0}"
u386,User 386,user386@example.com,"{""role"": ""user"", ""level"": 1}"
u387,User 387,user387@example.com,"{""role"": ""user"", ""level"": 2}"
u388,User 388,user388@example.com,"{""role"": ""user"", ""level"": 3}"
u389,User 389,user389@example.com,"{""role"": ""user"", ""level"": 4}"
u390,User 390,user390@example.com,"{""role"": ""user"", ""level"": 0}"
u391,User 391,user391@example.com,"{""role"": ""user"", ""level"": 1}"
u392,User 392,user392@example.com,"{""role"": ""user"", ""level"": 2}"
u393,User 393,user393@example.com,"{""role"": ""user"", ""level"": 3}"
u394,User 394,user394@example.com,"{""role"": ""user"", ""level"": 4}"
u395,User 395,user395@example.com,"{""role"": ""user"", ""level"": 0}"
u396,User 396,user396@example.com,"{""role"": ""user"", ""level"": 1}"
u397,User 397,user397@example.com,"{""role"": ""user"", ""level"": 2}"
u398,User 398,user398@example.com,"{""role"": ""user"", ""level"": 3}"
u399,User 399,user399@example.com,"{""role"": ""user"", ""level"": 4}"
u400,User 400,user400@example.com,"{""role"": ""user"", ""level"": 0}"
u401,User 401,user401@example.com,"{""role"": ""user"", ""level"": 1}"
u402,User 402,user402@example.com,"{""role"": ""user"", ""level"": 2}"
u403,User 403,user403@example.com,"{""role"": ""user"", ""level"": 3}"
u404,User 404,user404@example.com,"{""role"": ""user"", ""level"": 4}"
u405,User 405,user405@example.com,"{""role"": ""user"", ""level"": 0}"
u406,User 406,user406@example.com,"{""role"": ""user"", ""level"": 1}"
u407,User 407,user407@example.com,"{""role"": ""user"", ""level"": 2}"
u408,User 408,user408@example.com,"{""role"": ""user"", ""level"": 3}"
u409,User 409,user409@example.com,"{""role"": ""user"", ""level"": 4}"
u410,User 410,user410@example.com,"{""role"": ""user"", ""level"": 0}"
u411,User 411,user411@example.com,"{""role"": ""user"", ""level"": 1}"
u412,User 412,user412@example.com,"{""role"": ""user"", ""level"": 2}"
u413,User 413,user413@example.com,"{""role"": ""user"", ""level"": 3}"
u414,User 414,user414@example.com,"{""role"": ""user"", ""level"": 4}"
u415,User 415,user415@example.com,"{""role"": ""user"", ""level"": 0}"
u416,User 416,user416@example.com,"{""role"": ""user"", ""level"": 1}"
u417,User 417,user417@example.com,"{""role"": ""user"", ""level"": 2}"
u418,User 418,user418@example.com,"{""role"": ""user"", ""level"": 3}"
u419,User 419,user419@example.com,"{""role"": ""user"", ""level"": 4}"
u420,User 420,user420@example.com,"{""role"": ""user"", ""level"": 0}"
u421,User 421,user421@example.com,"{""role"": ""user"", ""level"": 1}"
u422,User 422,user422@example.com,"{""role"": ""user"", ""level"": 2}"
u423,User 423,user423@example.com,"{""role"": ""user"", ""level"": 3}"
u424,User 424,user424@example.com,"{""role"": ""user"", ""level"": 4}"
u425,User 425,user425@example.com,"{""role"": ""user"", ""level"": 0}"
u426,User 426,user426@example.com,"{""role"": ""user"", ""level"": 1}"
u427,User 427,user427@example.com,"{""role"": ""user"", ""level"": 2}"
u428,User 428,user428@example.com,"{""role"": ""user"", ""level"": 3}"
u429,User 429,user429@example.com,"{""role"": ""user"", ""level"": 4}"
u430,User 430,user430@example.com,"{""role"": ""user"", ""level"": 0}"
u431,User 431,user431@example.com,"{""role"": ""user"", ""level"": 1}"
u432,User 432,user432@example.com,"{""role"": ""user"", ""level"": 2}"
u433,User 433,user433@example.com,"{""role"": ""user"", ""level"": 3}"
u434,User 434,user434@example.com,"{""role"": ""user"", ""level"": 4}"
u435,User 435,user435@example.com,"{""role"": ""user"", ""level"": 0}"
u436,User 436,user436@example.com,"{""role"": ""user"", ""level"": 1}"
u437,User 437,user437@example.com,"{""role"": ""user"", ""level"": 2}"
u438,User 438,user438@example.com,"{""role"": ""user"", ""level"": 3}"
u439,User 439,user439@example.com,"{""role"": ""user"", ""level"": 4}"
u440,User 440,user440@example.com,"{""role"": ""user"", ""level"": 0}"
u441,User 441,user441@example.com,"{""role"": ""user"", ""level"": 1}"
u442,User 442,user442@example.com,"{""role"": ""user"", ""level"": 2}"
u443,User 443,user443@example.com,"{""role"": ""user"", ""level"": 3}"
u444,User 444,user444@example.com,"{""role"": ""user"", ""level"": 4}"
u445,User 445,user445@example.com,"{""role"": ""user"", ""level"": 0}"
u446,User 446,user446@example.com,"{""role"": ""user"", ""level"": 1}"
u447,User 447,user447@example.com,"{""role"": ""user"", ""level"": 2}"
u448,User 448,user448@example.com,"{""role"": ""user"", ""level"": 3}"
u449,User 449,user449@example.com,"{""role"": ""user"", ""level"": 4}"
u450,User 450,user450@example.com,"{""role"": ""user"", ""level"": 0}"
u451,User 451,user451@example.com,"{""role"": ""user"", ""level"": 1}"
u452,User 452,user452@example.com,"{""role"": ""user"", ""level"": 2}"
u453,User 453,user453@example.com,"{""role"": ""user"", ""level"": 3}"
u454,User 454,user454@example.com,"{""role"": ""user"", ""level"": 4}"
u455,User 455,user455@example.com,"{""role"": ""user"", ""level"": 0}"
u456,User 456,user456@example.com,"{""role"": ""user"", ""level"": 1}"
u457,User 457,user457@example.com,"{""role"": ""user"", ""level"": 2}"
u458,User 458,user458@example.com,"{""role"": ""user"", ""level"": 3}"
u459,User 459,user459@example.com,"{""role"": ""user"", ""level"": 4}"
u460,User 460,user460@example.com,"{""role"": ""user"", ""level"": 0}"
u461,User 461,user461@example.com,"{""role"": ""user"", ""level"": 1}"
u462,User 462,user462@example.com,"{""role"": ""user"", ""level"": 2}"
u463,User 463,user463@example.com,"{""role"": ""user"", ""level"": 3}"
u464,User 464,user464@example.com,"{""role"": ""user"", ""level"": 4}"
u465,User 465,user465@example.com,"{""role"": ""user"", ""level"": 0}"
u466,User 466,user466@example.com,"{""role"": ""user"", ""level"": 1}"
u467,User 467,user467@example.com,"{""role"": ""user"", ""level"": 2}"
u468,User 468,user468@example.com,"{""role"": ""user"", ""level"": 3}"
u469,User 469,user469@example.com,"{""role"": ""user"", ""level"": 4}"
u470,User 470,user470@example.com,"{""role"": ""user"", ""level"": 0}"
u471,User 471,user471@example.com,"{""role"": ""user"", ""level"": 1}"
u472,User 472,user472@example.com,"{""role"": ""user"", ""level"": 2}"
u473,User 473,user473@example.com,"{""role"": ""user"", ""level"": 3}"
u474,User 474,user474@example.com,"{""role"": ""user"", ""level"": 4}"
u475,User 475,user475@example.com,"{""role"": ""user"", ""level"": 0}"
u476,User 476,user476@example.com,"{""role"": ""user"", ""level"": 1}"
u477,User 477,user477@example.com,"{""role"": ""user"", ""level"": 2}"
u478,User 478,user478@example.com,"{""role"": ""user"", ""level"": 3}"
u479,User 479,user479@example.com,"{""role"": ""user"", ""level"": 4}"
u480,User 480,user480@example.com,"{""role"": ""user"", ""level"": 0}"
u481,User 481,user481@example.com,"{""role"": ""user"", ""level"": 1}"
u482,User 482,user482@example.com,"{""role"": ""user"", ""level"": 2}"
u483,User 483,user483@example.com,"{""role"": ""user"", ""level"": 3}"
u484,User 484,user484@example.com,"{""role"": ""user"", ""level"": 4}"
u485,User 485,user485@example.com,"{""role"": ""user"", ""level"": 0}"
u486,User 486,user486@example.com,"{""role"": ""user"", ""level"": 1}"
u487,User 487,user487@example.com,"{""role"": ""user"", ""level"": 2}"
u488,User 488,user488@example.com,"{""role"": ""user"", ""level"": 3}"
u489,User 489,user489@example.com,"{""role"": ""user"", ""level"": 4}"
u490,User 490,user490@example.com,"{""role"": ""user"", ""level"": 0}"
u491,User 491,user491@example.com,"{""role"": ""user"", ""level"": 1}"
u492,User 492,user492@example.com,"{""role"": ""user"", ""level"": 2}"
u493,User 493,user493@example.com,"{""role"": ""user"", ""level"": 3}"
u494,User 494,user494@example.com,"{""role"": ""user"", ""level"": 4}"
u495,User 495,user495@example.com,"{""role"": ""user"", ""level"": 0}"
u496,User 496,user496@example.com,"{""role"": ""user"", ""level"": 1}"
u497,User 497,user497@example.com,"{""role"": ""user"", ""level"": 2}"
u498,User 498,user498@example.com,"{""role"": ""user"", ""level"": 3}"
u499,User 499,user499@example.com,"{""role"": ""user"", ""level"": 4}"
u500,User 500,user500@example.com,"{""role"": ""user"", ""level"": 0}"
u501,User 501,user501@example.com,"{""role"": ""user"", ""level"": 1}"
u502,User 502,user502@example.com,"{""role"": ""user"", ""level"": 2}"
u503,User 503,user503@example.com,"{""role"": ""user"", ""level"": 3}"
u504,User 504,user504@example.com,"{""role"": ""user"", ""level"": 4}"
u505,User 505,user505@example.com,"{""role"": ""user"", ""level"": 0}"
u506,User 506,user506@example.com,"{""role"": ""user"", ""level"": 1}"
u507,User 507,user507@example.com,"{""role"": ""user"", ""level"": 2}"
u508,User 508,user508@example.com,"{""role"": ""user"", ""level"": 3}"
u509,User 509,user509@example.com,"{""role"": ""user"", ""level"": 4}"
u510,User 510,user510@example.com,"{""role"": ""user"", ""level"": 0}"
u511,User 511,user511@example.com,"{""role"": ""user"", ""level"": 1}"
u512,User 512,user512@example.com,"{""role"": ""user"", ""level"": 2}"
u513,User 513,user513@example.com,"{""role"": ""user"", ""level"": 3}"
u514,User 514,user514@example.com,"{""role"": ""user"", ""level"": 4}"
u515,User 515,user515@example.com,"{""role"": ""user"", ""level"": 0}"
u516,User 516,user516@example.com,"{""role"": ""user"", ""level"": 1}"
u517,User 517,user517@example.com,"{""role"": ""user"", ""level"": 2}"
u518,User 518,user518@example.com,"{""role"": ""user"", ""level"": 3}"
u519,User 519,user519@example.com,"{""role"": ""user"", ""level"": 4}"
u520,User 520,user520@example.com,"{""role"": ""user"", ""level"": 0}"
u521,User 521,user521@example.com,"{""role"": ""user"", ""level"": 1}"
u522,User 522,user522@example.com,"{""role"": ""user"", ""level"": 2}"
u523,User 523,user523@example.com,"{""role"": ""user"", ""level"": 3}"
u524,User 524,user524@example.com,"{""role"": ""user"", ""level"": 4}"
u525,User 525,user525@example.com,"{""role"": ""user"", ""level"": 0}"
u526,User 526,user526@example.com,"{""role"": ""user"", ""level"": 1}"
u527,User 527,user527@example.com,"{""role"": ""user"", ""level"": 2}"
u528,User 528,user528@example.com,"{""role"": ""user"", ""level"": 3}"
u529,User 529,user529@example.com,"{""role"": ""user"", ""level"": 4}"
u530,User 530,user530@example.com,"{""role"": ""user"", ""level"": 0}"
u531,User 531,user531@example.com,"{""role"": ""user"", ""level"": 1}"
u532,User 532,user532@example.com,"{""role"": ""user"", ""level"": 2}"
u533,User 533,user533@example.com,"{""role"": ""user"", ""level"": 3}"
u534,User 534,user534@example.com,"{""role"": ""user"", ""level"": 4}"
u535,User 535,user535@example.com,"{""role"": ""user"", ""level"": 0}"
u536,User 536,user536@example.com,"{""role"": ""user"", ""level"": 1}"
u537,User 537,user537@example.com,"{""role"": ""user"", ""level"": 2}"
u538,User 538,user538@example.com,"{""role"": ""user"", ""level"": 3}"
u539,User 539,user539@example.com,"{""role"": ""user"", ""level"": 4}"
u540,User 540,user540@example.com,"{""role"": ""user"", ""level"": 0}"
u541,User 541,user541@example.com,"{""role"": ""user"", ""level"": 1}"
u542,User 542,user542@example.com,"{""role"": ""user"", ""level"": 2}"
u543,User 543,user543@example.com,"{""role"": ""user"", ""level"": 3}"
u544,User 544,user544@example.com,"{""role"": ""user"", ""level"": 4}"
u545,User 545,user545@example.com,"{""role"": ""user"", ""level"": 0}"
u546,User 546,user546@example.com,"{""role"": ""user"", ""level"": 1}"
u547,User 547,user547@example.com,"{""role"": ""user"", ""level"": 2}"
u548,User 548,user548@example.com,"{""role"": ""user"", ""level"": 3}"
u549,User 549,user549@example.com,"{""role"": ""user"", ""level"": 4}"
u550,User 550,user550@example.com,"{""role"": ""user"", ""level"": 0}"
u551,User 551,user551@example.com,"{""role"": ""user"", ""level"": 1}"
u552,User 552,user552@example.com,"{""role"": ""user"", ""level"": 2}"
u553,User 553,user553@example.com,"{""role"": ""user"", ""level"": 3}"
u554,User 554,user554@example.com,"{""role"": ""user"", ""level"": 4}"
u555,User 555,user555@example.com,"{""role"": ""user"", ""level"": 0}"
u556,User 556,user556@example.com,"{""role"": ""user"", ""level"": 1}"
u557,User 557,user557@example.com,"{""role"": ""user"", ""level"": 2}"
u558,User 558,user558@example.com,"{""role"": ""user"", ""level"": 3}"
u559,User 559,user559@example.com,"{""role"": ""user"", ""level"": 4}"
u560,User 560,user560@example.com,"{""role"": ""user"", ""level"": 0}"
u561,User 561,user561@example.com,"{""role"": ""user"", ""level"": 1}"
u562,User 562,user562@example.com,"{""role"": ""user"", ""level"": 2}"
u563,User 563,user563@example.com,"{""role"": ""user"", ""level"": 3}"
u564,User 564,user564@example.com,"{""role"": ""user"", ""level"": 4}"
u565,User 565,user565@example.com,"{""role"": ""user"", ""level"": 0}"
u566,User 566,user566@example.com,"{""role"": ""user"", ""level"": 1}"
u567,User 567,user567@example.com,"{""role"": ""user"", ""level"": 2}"
u568,User 568,user568@example.com,"{""role"": ""user"", ""level"": 3}"
u569,User 569,user569@example.com,"{""role"": ""user"", ""level"": 4}"
u570,User 570,user570@example.com,"{""role"": ""user"", ""level"": 0}"
u571,User 571,user571@example.com,"{""role"": ""user"", ""level"": 1}"
u572,User 572,user572@example.com,"{""role"": ""user"", ""level"": 2}"
u573,User 573,user573@example.com,"{""role"": ""user"", ""level"": 3}"
u574,User 574,user574@example.com,"{""role"": ""user"", ""level"": 4}"
u575,User 575,user575@example.com,"{""role"": ""user"", ""level"": 0}"
u576,User 576,user576@example.com,"{""role"": ""user"", ""level"": 1}"
u577,User 577,user577@example.com,"{""role"": ""user"", ""level"": 2}"
u578,User 578,user578@example.com,"{""role"": ""user"", ""level"": 3}"
u579,User 579,user579@example.com,"{""role"": ""user"", ""level"": 4}"
u580,User 580,user580@example.com,"{""role"": ""user"", ""level"": 0}"
u581,User 581,user581@example.com,"{""role"": ""user"", ""level"": 1}"
u582,User 582,user582@example.com,"{""role"": ""user"", ""level"": 2}"
u583,User 583,user583@example.com,"{""role"": ""user"", ""level"": 3}"
u584,User 584,user584@example.com,"{""role"": ""user"", ""level"": 4}"
u585,User 585,user585@example.com,"{""role"": ""user"", ""level"": 0}"
u586,User 586,user586@example.com,"{""role"": ""user"", ""level"": 1}"
u587,User 587,user587@example.com,"{""role"": ""user"", ""level"": 2}"
u588,User 588,user588@example.com,"{""role"": ""user"", ""level"": 3}"
u589,User 589,user589@example.com,"{""role"": ""user"", ""level"": 4}"
u590,User 590,user590@example.com,"{""role"": ""user"", ""level"": 0}"
u591,User 591,user591@example.com,"{""role"": ""user"", ""level"": 1}"
u592,User 592,user592@example.com,"{""role"": ""user"", ""level"": 2}"
u593,User 593,user593@example.com,"{""role"": ""user"", ""level"": 3}"
u594,User 594,user594@example.com,"{""role"": ""user"", ""level"": 4}"
u595,User 595,user595@example.com,"{""role"": ""user"", ""level"": 0}"
u596,User 596,user596@example.com,"{""role"": ""user"", ""level"": 1}"
u597,User 597,user597@example.com,"{""role"": ""user"", ""level"": 2}"
u598,User 598,user598@example.com,"{""role"": ""user"", ""level"": 3}"
u599,User 599,user599@example.com,"{""role"": ""user"", ""level"": 4}"
u600,User 600,user600@example.com,"{""role"": ""user"", ""level"": 0}"
u601,User 601,user601@example.com,"{""role"": ""user"", ""level"": 1}"
u602,User 602,user602@example.com,"{""role"": ""user"", ""level"": 2}"
u603,User 603,user603@example.com,"{""role"": ""user"", ""level"": 3}"
u604,User 604,user604@example.com,"{""role"": ""user"", ""level"": 4}"
u605,User 605,user605@example.com,"{""role"": ""user"", ""level"": 0}"
u606,User 606,user606@example.com,"{""role"": ""user"", ""level"": 1}"
u607,User 607,user607@example.com,"{""role"": ""user"", ""level"": 2}"
u608,User 608,user608@example.com,"{""role"": ""user"", ""level"": 3}"
u609,User 609,user609@example.com,"{""role"": ""user"", ""level"": 4}"
u610,User 610,user610@example.com,"{""role"": ""user"", ""level"": 0}"
u611,User 611,user611@example.com,"{""role"": ""user"", ""level"": 1}"
u612,User 612,user612@example.com,"{""role"": ""user"", ""level"": 2}"
u613,User 613,user613@example.com,"{""role"": ""user"", ""level"": 3}"
u614,User 614,user614@example.com,"{""role"": ""user"", ""level"": 4}"
u615,User 615,user615@example.com,"{""role"": ""user"", ""level"": 0}"
u616,User 616,user616@example.com,"{""role"": ""user"", ""level"": 1}"
u617,User 617,user617@example.com,"{""role"": ""user"", ""level"": 2}"
u618,User 618,user618@example.com,"{""role"": ""user"", ""level"": 3}"
u619,User 619,user619@example.com,"{""role"": ""user"", ""level"": 4}"
u620,User 620,user620@example.com,"{""role"": ""user"", ""level"": 0}"
u621,User 621,user621@example.com,"{""role"": ""user"", ""level"": 1}"
u622,User 622,user622@example.com,"{""role"": ""user"", ""level"": 2}"
u623,User 623,user623@example.com,"{""role"": ""user"", ""level"": 3}"
u624,User 624,user624@example.com,"{""role"": ""user"", ""level"": 4}"
u625,User 625,user625@example.com,"{""role"": ""user"", ""level"": 0}"
u626,User 626,user626@example.com,"{""role"": ""user"", ""level"": 1}"
u627,User 627,user627@example.com,"{""role"": ""user"", ""level"": 2}"
u628,User 628,user628@example.com,"{""role"": ""user"", ""level"": 3}"
u629,User 629,user629@example.com,"{""role"": ""user"", ""level"": 4}"
u630,User 630,user630@example.com,"{""role"": ""user"", ""level"": 0}"
u631,User 631,user631@example.com,"{""role"": ""user"", ""level"": 1}"
u632,User 632,user632@example.com,"{""role"": ""user"", ""level"": 2}"
u633,User 633,user633@example.com,"{""role"": ""user"", ""level"": 3}"
u634,User 634,user634@example.com,"{""role"": ""user"", ""level"": 4}"
u635,User 635,user635@example.com,"{""role"": ""user"", ""level"": 0}"
u636,User 636,user636@example.com,"{""role"": ""user"", ""level"": 1}"
u637,User 637,user637@example.com,"{""role"": ""user"", ""level"": 2}"
u638,User 638,user638@example.com,"{""role"": ""user"", ""level"": 3}"
u639,User 639,user639@example.com,"{""role"": ""user"", ""level"": 4}"
u640,User 640,user640@example.com,"{""role"": ""user"", ""level"": 0}"
u641,User 641,user641@example.com,"{""role"": ""user"", ""level"": 1}"
u642,User 642,user642@example.com,"{""role"": ""user"", ""level"": 2}"
u643,User 643,user643@example.com,"{""role"": ""user"", ""level"": 3}"
u644,User 644,user644@example.com,"{""role"": ""user"", ""level"": 4}"
u645,User 645,user645@example.com,"{""role"": ""user"", ""level"": 0}"
u646,User 646,user646@example.com,"{""role"": ""user"", ""level"": 1}"
u647,User 647,user647@example.com,"{""role"": ""user"", ""level"": 2}"
u648,User 648,user648@example.com,"{""role"": ""user"", ""level"": 3}"
u649,User 649,user649@example.com,"{""role"": ""user"", ""level"": 4}"
u650,User 650,user650@example.com,"{""role"": ""user"", ""level"": 0}"
u651,User 651,user651@example.com,"{""role"": ""user"", ""level"": 1}"
u652,User 652,user652@example.com,"{""role"": ""user"", ""level"": 2}"
u653,User 653,user653@example.com,"{""role"": ""user"", ""level"": 3}"
u654,User 654,user654@example.com,"{""role"": ""user"", ""level"": 4}"
u655,User 655,user655@example.com,"{""role"": ""user"", ""level"": 0}"
u656,User 656,user656@example.com,"{""role"": ""user"", ""level"": 1}"
u657,User 657,user657@example.com,"{""role"": ""user"", ""level"": 2}"
u658,User 658,user658@example.com,"{""role"": ""user"", ""level"": 3}"
u659,User 659,user659@example.com,"{""role"": ""user"", ""level"": 4}"
u660,User 660,user660@example.com,"{""role"": ""user"", ""level"": 0}"
u661,User 661,user661@example.com,"{""role"": ""user"", ""level"": 1}"
u662,User 662,user662@example.com,"{""role"": ""user"", ""level"": 2}"
u663,User 663,user663@example.com,"{""role"": ""user"", ""level"": 3}"
u664,User 664,user664@example.com,"{""role"": ""user"", ""level"": 4}"
u665,User 665,user665@example.com,"{""role"": ""user"", ""level"": 0}"
u666,User 666,user666@example.com,"{""role"": ""user"", ""level"": 1}"
u667,User 667,user667@example.com,"{""role"": ""user"", ""level"": 2}"
u668,User 668,user668@example.com,"{""role"": ""user"", ""level"": 3}"
u669,User 669,user669@example.com,"{""role"": ""user"", ""level"": 4}"
u670,User 670,user670@example.com,"{""role"": ""user"", ""level"": 0}"
u671,User 671,user671@example.com,"{""role"": ""user"", ""level"": 1}"
u672,User 672,user672@example.com,"{""role"": ""user"", ""level"": 2}"
u673,User 673,user673@example.com,"{""role"": ""user"", ""level"": 3}"
u674,User 674,user674@example.com,"{""role"": ""user"", ""level"": 4}"
u675,User 675,user675@example.com,"{""role"": ""user"", ""level"": 0}"
u676,User 676,user676@example.com,"{""role"": ""user"", ""level"": 1}"
u677,User 677,user677@example.com,"{""role"": ""user"", ""level"": 2}"
u678,User 678,user678@example.com,"{""role"": ""user"", ""level"": 3}"
u679,User 679,user679@example.com,"{""role"": ""user"", ""level"": 4}"
u680,User 680,user680@example.com,"{""role"": ""user"", ""level"": 0}"
u681,User 681,user681@example.com,"{""role"": ""user"", ""level"": 1}"
u682,User 682,user682@example.com,"{""role"": ""user"", ""level"": 2}"
u683,User 683,user683@example.com,"{""role"": ""user"", ""level"": 3}"
u684,User 684,user684@example.com,"{""role"": ""user"", ""level"": 4}"
u685,User 685,user685@example.com,"{""role"": ""user"", ""level"": 0}"
u686,User 686,user686@example.com,"{""role"": ""user"", ""level"": 1}"
u687,User 687,user687@example.com,"{""role"": ""user"", ""level"": 2}"
u688,User 688,user688@example.com,"{""role"": ""user"", ""level"": 3}"
u689,User 689,user689@example.com,"{""role"": ""user"", ""level"": 4}"
u690,User 690,user690@example.com,"{""role"": ""user"", ""level"": 0}"
u691,User 691,user691@example.com,"{""role"": ""user"", ""level"": 1}"
u692,User 692,user692@example.com,"{""role"": ""user"", ""level"": 2}"
u693,User 693,user693@example.com,"{""role"": ""user"", ""level"": 3}"
u694,User 694,user694@example.com,"{""role"": ""user"", ""level"": 4}"
u695,User 695,user695@example.com,"{""role"": ""user"", ""level"": 0}"
u696,User 696,user696@example.com,"{""role"": ""user"", ""level"": 1}"
u697,User 697,user697@example.com,"{""role"": ""user"", ""level"": 2}"
u698,User 698,user698@example.com,"{""role"": ""user"", ""level"": 3}"
u699,User 699,user699@example.com,"{""role"": ""user"", ""level"": 4}"
u700,User 700,user700@example.com,"{""role"": ""user"", ""level"": 0}"
u701,User 701,user701@example.com,"{""role"": ""user"", ""level"": 1}"
u702,User 702,user702@example.com,"{""role"": ""user"", ""level"": 2}"
u703,User 703,user703@example.com,"{""role"": ""user"", ""level"": 3}"
u704,User 704,user704@example.com,"{""role"": ""user"", ""level"": 4}"
u705,User 705,user705@example.com,"{""role"": ""user"", ""level"": 0}"
u706,User 706,user706@example.com,"{""role"": ""user"", ""level"": 1}"
u707,User 707,user707@example.com,"{""role"": ""user"", ""level"": 2}"
u708,User 708,user708@example.com,"{""role"": ""user"", ""level"": 3}"
u709,User 709,user709@example.com,"{""role"": ""user"", ""level"": 4}"
u710,User 710,user710@example.com,"{""role"": ""user"", ""level"": 0}"
u711,User 711,user711@example.com,"{""role"": ""user"", ""level"": 1}"
u712,User 712,user712@example.com,"{""role"": ""user"", ""level"": 2}"
u713,User 713,user713@example.com,"{""role"": ""user"", ""level"": 3}"
u714,User 714,user714@example.com,"{""role"": ""user"", ""level"": 4}"
u715,User 715,user715@example.com,"{""role"": ""user"", ""level"": 0}"
u716,User 716,user716@example.com,"{""role"": ""user"", ""level"": 1}"
u717,User 717,user717@example.com,"{""role"": ""user"", ""level"": 2}"
u718,User 718,user718@example.com,"{""role"": ""user"", ""level"": 3}"
u719,User 719,user719@example.com,"{""role"": ""user"", ""level"": 4}"
u720,User 720,user720@example.com,"{""role"": ""user"", ""level"": 0}"
u721,User 721,user721@example.com,"{""role"": ""user"", ""level"": 1}"
u722,User 722,user722@example.com,"{""role"": ""user"", ""level"": 2}"
u723,User 723,user723@example.com,"{""role"": ""user"", ""level"": 3}"
u724,User 724,user724@example.com,"{""role"": ""user"", ""level"": 4}"
u725,User 725,user725@example.com,"{""role"": ""user"", ""level"": 0}"
u726,User 726,user726@example.com,"{""role"": ""user"", ""level"": 1}"
u727,User 727,user727@example.com,"{""role"": ""user"", ""level"": 2}"
u728,User 728,user728@example.com,"{""role"": ""user"", ""level"": 3}"
u729,User 729,user729@example.com,"{""role"": ""user"", ""level"": 4}"
u730,User 730,user730@example.com,"{""role"": ""user"", ""level"": 0}"
u731,User 731,user731@example.com,"{""role"": ""user"", ""level"": 1}"
u732,User 732,user732@example.com,"{""role"": ""user"", ""level"": 2}"
u733,User 733,user733@example.com,"{""role"": ""user"", ""level"": 3}"
u734,User 734,user734@example.com,"{""role"": ""user"", ""level"": 4}"
u735,User 735,user735@example.com,"{""role"": ""user"", ""level"": 0}"
u736,User 736,user736@example.com,"{""role"": ""user"", ""level"": 1}"
u737,User 737,user737@example.com,"{""role"": ""user"", ""level"": 2}"
u738,User 738,user738@example.com,"{""role"": ""user"", ""level"": 3}"
u739,User 739,user739@example.com,"{""role"": ""user"", ""level"": 4}"
u740,User 740,user740@example.com,"{""role"": ""user"", ""level"": 0}"
u741,User 741,user741@example.com,"{""role"": ""user"", ""level"": 1}"
u742,User 742,user742@example.com,"{""role"": ""user"", ""level"": 2}"
u743,User 743,user743@example.com,"{""role"": ""user"", ""level"": 3}"
u744,User 744,user744@example.com,"{""role"": ""user"", ""level"": 4}"
u745,User 745,user745@example.com,"{""role"": ""user"", ""level"": 0}"
u746,User 746,user746@example.com,"{""role"": ""user"", ""level"": 1}"
u747,User 747,user747@example.com,"{""role"": ""user"", ""level"": 2}"
u748,User 748,user748@example.com,"{""role"": ""user"", ""level"": 3}"
u749,User 749,user749@example.com,"{""role"": ""user"", ""level"": 4}"
u750,User 750,user750@example.com,"{""role"": ""user"", ""level"": 0}"
u751,User 751,user751@example.com,"{""role"": ""user"", ""level"": 1}"
u752,User 752,user752@example.com,"{""role"": ""user"", ""level"": 2}"
u753,User 753,user753@example.com,"{""role"": ""user"", ""level"": 3}"
u754,User 754,user754@example.com,"{""role"": ""user"", ""level"": 4}"
u755,User 755,user755@example.com,"{""role"": ""user"", ""level"": 0}"
u756,User 756,user756@example.com,"{""role"": ""user"", ""level"": 1}"
u757,User 757,user757@example.com,"{""role"": ""user"", ""level"": 2}"
u758,User 758,user758@example.com,"{""role"": ""user"", ""level"": 3}"
u759,User 759,user759@example.com,"{""role"": ""user"", ""level"": 4}"
u760,User 760,user760@example.com,"{""role"": ""user"", ""level"": 0}"
u761,User 761,user761@example.com,"{""role"": ""user"", ""level"": 1}"
u762,User 762,user762@example.com,"{""role"": ""user"", ""level"": 2}"
u763,User 763,user763@example.com,"{""role"": ""user"", ""level"": 3}"
u764,User 764,user764@example.com,"{""role"": ""user"", ""level"": 4}"
u765,User 765,user765@example.com,"{""role"": ""user"", ""level"": 0}"
u766,User 766,user766@example.com,"{""role"": ""user"", ""level"": 1}"
u767,User 767,user767@example.com,"{""role"": ""user"", ""level"": 2}"
u768,User 768,user768@example.com,"{""role"": ""user"", ""level"": 3}"
u769,User 769,user769@example.com,"{""role"": ""user"", ""level"": 4}"
u770,User 770,user770@example.com,"{""role"": ""user"", ""level"": 0}"
u771,User 771,user771@example.com,"{""role"": ""user"", ""level"": 1}"
u772,User 772,user772@example.com,"{""role"": ""user"", ""level"": 2}"
u773,User 773,user773@example.com,"{""role"": ""user"", ""level"": 3}"
u774,User 774,user774@example.com,"{""role"": ""user"", ""level"": 4}"
u775,User 775,user775@example.com,"{""role"": ""user"", ""level"": 0}"
u776,User 776,user776@example.com,"{""role"": ""user"", ""level"": 1}"
u777,User 777,user777@example.com,"{""role"": ""user"", ""level"": 2}"
u778,User 778,user778@example.com,"{""role"": ""user"", ""level"": 3}"
u779,User 779,user779@example.com,"{""role"": ""user"", ""level"": 4}"
u780,User 780,user780@example.com,"{""role"": ""user"", ""level"": 0}"
u781,User 781,user781@example.com,"{""role"": ""user"", ""level"": 1}"
u782,User 782,user782@example.com,"{""role"": ""user"", ""level"": 2}"
u783,User 783,user783@example.com,"{""role"": ""user"", ""level"": 3}"
u784,User 784,user784@example.com,"{""role"": ""user"", ""level"": 4}"
u785,User 785,user785@example.com,"{""role"": ""user"", ""level"": 0}"
u786,User 786,user786@example.com,"{""role"": ""user"", ""level"": 1}"
u787,User 787,user787@example.com,"{""role"": ""user"", ""level"": 2}"
u788,User 788,user788@example.com,"{""role"": ""user"", ""level"": 3}"
u789,User 789,user789@example.com,"{""role"": ""user"", ""level"": 4}"
u790,User 790,user790@example.com,"{""role"": ""user"", ""level"": 0}"
u791,User 791,user791@example.com,"{""role"": ""user"", ""level"": 1}"
u792,User 792,user792@example.com,"{""role"": ""user"", ""level"": 2}"
u793,User 793,user793@example.com,"{""role"": ""user"", ""level"": 3}"
u794,User 794,user794@example.com,"{""role"": ""user"", ""level"": 4}"
u795,User 795,user795@example.com,"{""role"": ""user"", ""level"": 0}"
u796,User 796,user796@example.com,"{""role"": ""user"", ""level"": 1}"
u797,User 797,user797@example.com,"{""role"": ""user"", ""level"": 2}"
u798,User 798,user798@example.com,"{""role"": ""user"", ""level"": 3}"
u799,User 799,user799@example.com,"{""role"": ""user"", ""level"": 4}"
u800,User 800,user800@example.com,"{""role"": ""user"", ""level"": 0}"
u801,User 801,user801@example.com,"{""role"": ""user"", ""level"": 1}"
u802,User 802,user802@example.com,"{""role"": ""user"", ""level"": 2}"
u803,User 803,user803@example.com,"{""role"": ""user"", ""level"": 3}"
u804,User 804,user804@example.com,"{""role"": ""user"", ""level"": 4}"
u805,User 805,user805@example.com,"{""role"": ""user"", ""level"": 0}"
u806,User 806,user806@example.com,"{""role"": ""user"", ""level"": 1}"
u807,User 807,user807@example.com,"{""role"": ""user"", ""level"": 2}"
u808,User 808,user808@example.com,"{""role"": ""user"", ""level"": 3}"
u809,User 809,user809@example.com,"{""role"": ""user"", ""level"": 4}"
u810,User 810,user810@example.com,"{""role"": ""user"", ""level"": 0}"
u811,User 811,user811@example.com,"{""role"": ""user"", ""level"": 1}"
u812,User 812,user812@example.com,"{""role"": ""user"", ""level"": 2}"
u813,User 813,user813@example.com,"{""role"": ""user"", ""level"": 3}"
u814,User 814,user814@example.com,"{""role"": ""user"", ""level"": 4}"
u815,User 815,user815@example.com,"{""role"": ""user"", ""level"": 0}"
u816,User 816,user816@example.com,"{""role"": ""user"", ""level"": 1}"
u817,User 817,user817@example.com,"{""role"": ""user"", ""level"": 2}"
u818,User 818,user818@example.com,"{""role"": ""user"", ""level"": 3}"
u819,User 819,user819@example.com,"{""role"": ""user"", ""level"": 4}"
u820,User 820,user820@example.com,"{""role"": ""user"", ""level"": 0}"
u821,User 821,user821@example.com,"{""role"": ""user"", ""level"": 1}"
u822,User 822,user822@example.com,"{""role"": ""user"", ""level"": 2}"
u823,User 823,user823@example.com,"{""role"": ""user"", ""level"": 3}"
u824,User 824,user824@example.com,"{""role"": ""user"", ""level"": 4}"
u825,User 825,user825@example.com,"{""role"": ""user"", ""level"": 0}"
u826,User 826,user826@example.com,"{""role"": ""user"", ""level"": 1}"
u827,User 827,user827@example.com,"{""role"": ""user"", ""level"": 2}"
u828,User 828,user828@example.com,"{""role"": ""user"", ""level"": 3}"
u829,User 829,user829@example.com,"{""role"": ""user"", ""level"": 4}"
u830,User 830,user830@example.com,"{""role"": ""user"", ""level"": 0}"
u831,User 831,user831@example.com,"{""role"": ""user"", ""level"": 1}"
u832,User 832,user832@example.com,"{""role"": ""user"", ""level"": 2}"
u833,User 833,user833@example.com,"{""role"": ""user"", ""level"": 3}"
u834,User 834,user834@example.com,"{""role"": ""user"", ""level"": 4}"
u835,User 835,user835@example.com,"{""role"": ""user"", ""level"": 0}"
u836,User 836,user836@example.com,"{""role"": ""user"", ""level"": 1}"
u837,User 837,user837@example.com,"{""role"": ""user"", ""level"": 2}"
u838,User 838,user838@example.com,"{""role"": ""user"", ""level"": 3}"
u839,User 839,user839@example.com,"{""role"": ""user"", ""level"": 4}"
u840,User 840,user840@example.com,"{""role"": ""user"", ""level"": 0}"
u841,User 841,user841@example.com,"{""role"": ""user"", ""level"": 1}"
u842,User 842,user842@example.com,"{""role"": ""user"", ""level"": 2}"
u843,User 843,user843@example.com,"{""role"": ""user"", ""level"": 3}"
u844,User 844,user844@example.com,"{""role"": ""user"", ""level"": 4}"
u845,User 845,user845@example.com,"{""role"": ""user"", ""level"": 0}"
u846,User 846,user846@example.com,"{""role"": ""user"", ""level"": 1}"
u847,User 847,user847@example.com,"{""role"": ""user"", ""level"": 2}"
u848,User 848,user848@example.com,"{""role"": ""user"", ""level"": 3}"
u849,User 849,user849@example.com,"{""role"": ""user"", ""level"": 4}"
u850,User 850,user850@example.com,"{""role"": ""user"", ""level"": 0}"
u851,User 851,user851@example.com,"{""role"": ""user"", ""level"": 1}"
u852,User 852,user852@example.com,"{""role"": ""user"", ""level"": 2}"
u853,User 853,user853@example.com,"{""role"": ""user"", ""level"": 3}"
u854,User 854,user854@example.com,"{""role"": ""user"", ""level"": 4}"
u855,User 855,user855@example.com,"{""role"": ""user"", ""level"": 0}"
u856,User 856,user856@example.com,"{""role"": ""user"", ""level"": 1}"
u857,User 857,user857@example.com,"{""role"": ""user"", ""level"": 2}"
u858,User 858,user858@example.com,"{""role"": ""user"", ""level"": 3}"
u859,User 859,user859@example.com,"{""role"": ""user"", ""level"": 4}"
u860,User 860,user860@example.com,"{""role"": ""user"", ""level"": 0}"
u861,User 861,user861@example.com,"{""role"": ""user"", ""level"": 1}"
u862,User 862,user862@example.com,"{""role"": ""user"", ""level"": 2}"
u863,User 863,user863@example.com,"{""role"": ""user"", ""level"": 3}"
u864,User 864,user864@example.com,"{""role"": ""user"", ""level"": 4}"
u865,User 865,user865@example.com,"{""role"": ""user"", ""level"": 0}"
u866,User 866,user866@example.com,"{""role"": ""user"", ""level"": 1}"
u867,User 867,user867@example.com,"{""role"": ""user"", ""level"": 2}"
u868,User 868,user868@example.com,"{""role"": ""user"", ""level"": 3}"
u869,User 869,user869@example.com,"{""role"": ""user"", ""level"": 4}"
u870,User 870,user870@example.com,"{""role"": ""user"", ""level"": 0}"
u871,User 871,user871@example.com,"{""role"": ""user"", ""level"": 1}"
u872,User 872,user872@example.com,"{""role"": ""user"", ""level"": 2}"
u873,User 873,user873@example.com,"{""role"": ""user"", ""level"": 3}"
u874,User 874,user874@example.com,"{""role"": ""user"", ""level"": 4}"
u875,User 875,user875@example.com,"{""role"": ""user"", ""level"": 0}"
u876,User 876,user876@example.com,"{""role"": ""user"", ""level"": 1}"
u877,User 877,user877@example.com,"{""role"": ""user"", ""level"": 2}"
u878,User 878,user878@example.com,"{""role"": ""user"", ""level"": 3}"
u879,User 879,user879@example.com,"{""role"": ""user"", ""level"": 4}"
u880,User 880,user880@example.com,"{""role"": ""user"", ""level"": 0}"
u881,User 881,user881@example.com,"{""role"": ""user"", ""level"": 1}"
u882,User 882,user882@example.com,"{""role"": ""user"", ""level"": 2}"
u883,User 883,user883@example.com,"{""role"": ""user"", ""level"": 3}"
u884,User 884,user884@example.com,"{""role"": ""user"", ""level"": 4}"
u885,User 885,user885@example.com,"{""role"": ""user"", ""level"": 0}"
u886,User 886,user886@example.com,"{""role"": ""user"", ""level"": 1}"
u887,User 887,user887@example.com,"{""role"": ""user"", ""level"": 2}"
u888,User 888,user888@example.com,"{""role"": ""user"", ""level"": 3}"
u889,User 889,user889@example.com,"{""role"": ""user"", ""level"": 4}"
u890,User 890,user890@example.com,"{""role"": ""user"", ""level"": 0}"
u891,User 891,user891@example.com,"{""role"": ""user"", ""level"": 1}"
u892,User 892,user892@example.com,"{""role"": ""user"", ""level"": 2}"
u893,User 893,user893@example.com,"{""role"": ""user"", ""level"": 3}"
u894,User 894,user894@example.com,"{""role"": ""user"", ""level"": 4}"
u895,User 895,user895@example.com,"{""role"": ""user"", ""level"": 0}"
u896,User 896,user896@example.com,"{""role"": ""user"", ""level"": 1}"
u897,User 897,user897@example.com,"{""role"": ""user"", ""level"": 2}"
u898,User 898,user898@example.com,"{""role"": ""user"", ""level"": 3}"
u899,User 899,user899@example.com,"{""role"": ""user"", ""level"": 4}"
u900,User 900,user900@example.com,"{""role"": ""user"", ""level"": 0}"
u901,User 901,user901@example.com,"{""role"": ""user"", ""level"": 1}"
u902,User 902,user902@example.com,"{""role"": ""user"", ""level"": 2}"
u903,User 903,user903@example.com,"{""role"": ""user"", ""level"": 3}"
u904,User 904,user904@example.com,"{""role"": ""user"", ""level"": 4}"
u905,User 905,user905@example.com,"{""role"": ""user"", ""level"": 0}"
u906,User 906,user906@example.com,"{""role"": ""user"", ""level"": 1}"
u907,User 907,user907@example.com,"{""role"": ""user"", ""level"": 2}"
u908,User 908,user908@example.com,"{""role"": ""user"", ""level"": 3}"
u909,User 909,user909@example.com,"{""role"": ""user"", ""level"": 4}"
u910,User 910,user910@example.com,"{""role"": ""user"", ""level"": 0}"
u911,User 911,user911@example.com,"{""role"": ""user"", ""level"": 1}"
u912,User 912,user912@example.com,"{""role"": ""user"", ""level"": 2}"
u913,User 913,user913@example.com,"{""role"": ""user"", ""level"": 3}"
u914,User 914,user914@example.com,"{""role"": ""user"", ""level"": 4}"
u915,User 915,user915@example.com,"{""role"": ""user"", ""level"": 0}"
u916,User 916,user916@example.com,"{""role"": ""user"", ""level"": 1}"
u917,User 917,user917@example.com,"{""role"": ""user"", ""level"": 2}"
u918,User 918,user918@example.com,"{""role"": ""user"", ""level"": 3}"
u919,User 919,user919@example.com,"{""role"": ""user"", ""level"": 4}"
u920,User 920,user920@example.com,"{""role"": ""user"", ""level"": 0}"
u921,User 921,user921@example.com,"{""role"": ""user"", ""level"": 1}"
u922,User 922,user922@example.com,"{""role"": ""user"", ""level"": 2}"
u923,User 923,user923@example.com,"{""role"": ""user"", ""level"": 3}"
u924,User 924,user924@example.com,"{""role"": ""user"", ""level"": 4}"
u925,User 925,user925@example.com,"{""role"": ""user"", ""level"": 0}"
u926,User 926,user926@example.com,"{""role"": ""user"", ""level"": 1}"
u927,User 927,user927@example.com,"{""role"": ""user"", ""level"": 2}"
u928,User 928,user928@example.com,"{""role"": ""user"", ""level"": 3}"
u929,User 929,user929@example.com,"{""role"": ""user"", ""level"": 4}"
u930,User 930,user930@example.com,"{""role"": ""user"", ""level"": 0}"
u931,User 931,user931@example.com,"{""role"": ""user"", ""level"": 1}"
u932,User 932,user932@example.com,"{""role"": ""user"", ""level"": 2}"
u933,User 933,user933@example.com,"{""role"": ""user"", ""level"": 3}"
u934,User 934,user934@example.com,"{""role"": ""user"", ""level"": 4}"
u935,User 935,user935@example.com,"{""role"": ""user"", ""level"": 0}"
u936,User 936,user936@example.com,"{""role"": ""user"", ""level"": 1}"
u937,User 937,user937@example.com,"{""role"": ""user"", ""level"": 2}"
u938,User 938,user938@example.com,"{""role"": ""user"", ""level"": 3}"
u939,User 939,user939@example.com,"{""role"": ""user"", ""level"": 4}"
u940,User 940,user940@example.com,"{""role"": ""user"", ""level"": 0}"
u941,User 941,user941@example.com,"{""role"": ""user"", ""level"": 1}"
u942,User 942,user942@example.com,"{""role"": ""user"", ""level"": 2}"
u943,User 943,user943@example.com,"{""role"": ""user"", ""level"": 3}"
u944,User 944,user944@example.com,"{""role"": ""user"", ""level"": 4}"
u945,User 945,user945@example.com,"{""role"": ""user"", ""level"": 0}"
u946,User 946,user946@example.com,"{""role"": ""user"", ""level"": 1}"
u947,User 947,user947@example.com,"{""role"": ""user"", ""level"": 2}"
u948,User 948,user948@example.com,"{""role"": ""user"", ""level"": 3}"
u949,User 949,user949@example.com,"{""role"": ""user"", ""level"": 4}"
u950,User 950,user950@example.com,"{""role"": ""user"", ""level"": 0}"
u951,User 951,user951@example.com,"{""role"": ""user"", ""level"": 1}"
u952,User 952,user952@example.com,"{""role"": ""user"", ""level"": 2}"
u953,User 953,user953@example.com,"{""role"": ""user"", ""level"": 3}"
u954,User 954,user954@example.com,"{""role"": ""user"", ""level"": 4}"
u955,User 955,user955@example.com,"{""role"": ""user"", ""level"": 0}"
u956,User 956,user956@example.com,"{""role"": ""user"", ""level"": 1}"
u957,User 957,user957@example.com,"{""role"": ""user"", ""level"": 2}"
u958,User 958,user958@example.com,"{""role"": ""user"", ""level"": 3}"
u959,User 959,user959@example.com,"{""role"": ""user"", ""level"": 4}"
u960,User 960,user960@example.com,"{""role"": ""user"", ""level"": 0}"
u961,User 961,user961@example.com,"{""role"": ""user"", ""level"": 1}"
u962,User 962,user962@example.com,"{""role"": ""user"", ""level"": 2}"
u963,User 963,user963@example.com,"{""role"": ""user"", ""level"": 3}"
u964,User 964,user964@example.com,"{""role"": ""user"", ""level"": 4}"
u965,User 965,user965@example.com,"{""role"": ""user"", ""level"": 0}"
u966,User 966,user966@example.com,"{""role"": ""user"", ""level"": 1}"
u967,User 967,user967@example.com,"{""role"": ""user"", ""level"": 2}"
u968,User 968,user968@example.com,"{""role"": ""user"", ""level"": 3}"
u969,User 969,user969@example.com,"{""role"": ""user"", ""level"": 4}"
u970,User 970,user970@example.com,"{""role"": ""user"", ""level"": 0}"
u971,User 971,user971@example.com,"{""role"": ""user"", ""level"": 1}"
u972,User 972,user972@example.com,"{""role"": ""user"", ""level"": 2}"
u973,User 973,user973@example.com,"{""role"": ""user"", ""level"": 3}"
u974,User 974,user974@example.com,"{""role"": ""user"", ""level"": 4}"
u975,User 975,user975@example.com,"{""role"": ""user"", ""level"": 0}"
u976,User 976,user976@example.com,"{""role"": ""user"", ""level"": 1}"
u977,User 977,user977@example.com,"{""role"": ""user"", ""level"": 2}"
u978,User 978,user978@example.com,"{""role"": ""user"", ""level"": 3}"
u979,User 979,user979@example.com,"{""role"": ""user"", ""level"": 4}"
u980,User 980,user980@example.com,"{""role"": ""user"", ""level"": 0}"
u981,User 981,user981@example.com,"{""role"": ""user"", ""level"": 1}"
u982,User 982,user982@example.com,"{""role"": ""user"", ""level"": 2}"
u983,User 983,user983@example.com,"{""role"": ""user"", ""level"": 3}"
u984,User 984,user984@example.com,"{""role"": ""user"", ""level"": 4}"
u985,User 985,user985@example.com,"{""role"": ""user"", ""level"": 0}"
u986,User 986,user986@example.com,"{""role"": ""user"", ""level"": 1}"
u987,User 987,user987@example.com,"{""role"": ""user"", ""level"": 2}"
u988,User 988,user988@example.com,"{""role"": ""user"", ""level"": 3}"
u989,User 989,user989@example.com,"{""role"": ""user"", ""level"": 4}"
u990,User 990,user990@example.com,"{""role"": ""user"", ""level"": 0}"
u991,User 991,user991@example.com,"{""role"": ""user"", ""level"": 1}"
u992,User 992,user992@example.com,"{""role"": ""user"", ""level"": 2}"
u993,User 993,user993@example.com,"{""role"": ""user"", ""level"": 3}"
u994,User 994,user994@example.com,"{""role"": ""user"", ""level"": 4}"
u995,User 995,user995@example.com,"{""role"": ""user"", ""level"": 0}"
u996,User 996,user996@example.com,"{""role"": ""user"", ""level"": 1}"
u997,User 997,user997@example.com,"{""role"": ""user"", ""level"": 2}"
u998,User 998,user998@example.com,"{""role"": ""user"", ""level"": 3}"
u999,User 999,user999@example.com,"{""role"": ""user"", ""level"": 4}"
u1000,User 1000,user1000@example.com,"{""role"": ""user"", ""level"": 0}"
u1001,User 1001,user1001@example.com,"{""role"": ""user"", ""level"": 1}"
u1002,User 1002,user1002@example.com,"{""role"": ""user"", ""level"": 2}"
u1003,User 1003,user1003@example.com,"{""role"": ""user"", ""level"": 3}"
u1004,User 1004,user1004@example.com,"{""role"": ""user"", ""level"": 4}"
u1005,User 1005,user1005@example.com,"{""role"": ""user"", ""level"": 0}"
u1006,User 1006,user1006@example.com,"{""role"": ""user"", ""level"": 1}"
u1007,User 1007,user1007@example.com,"{""role"": ""user"", ""level"": 2}"
u1008,User 1008,user1008@example.com,"{""role"": ""user"", ""level"": 3}"
u1009,User 1009,user1009@example.com,"{""role"": ""user"", ""level"": 4}"
u1010,User 1010,user1010@example.com,"{""role"": ""user"", ""level"": 0}"
u1011,User 1011,user1011@example.com,"{""role"": ""user"", ""level"": 1}"
u1012,User 1012,user1012@example.com,"{""role"": ""user"", ""level"": 2}"
u1013,User 1013,user1013@example.com,"{""role"": ""user"", ""level"": 3}"
u1014,User 1014,user1014@example.com,"{""role"": ""user"", ""level"": 4}"
u1015,User 1015,user1015@example.com,"{""role"": ""user"", ""level"": 0}"
u1016,User 1016,user1016@example.com,"{""role"": ""user"", ""level"": 1}"
u1017,User 1017,user1017@example.com,"{""role"": ""user"", ""level"": 2}"
u1018,User 1018,user1018@example.com,"{""role"": ""user"", ""level"": 3}"
u1019,User 1019,user1019@example.com,"{""role"": ""user"", ""level"": 4}"
u1020,User 1020,user1020@example.com,"{""role"": ""user"", ""level"": 0}"
u1021,User 1021,user1021@example.com,"{""role"": ""user"", ""level"": 1}"
u1022,User 1022,user1022@example.com,"{""role"": ""user"", ""level"": 2}"
u1023,User 1023,user1023@example.com,"{""role"": ""user"", ""level"": 3}"
u1024,User 1024,user1024@example.com,"{""role"": ""user"", ""level"": 4}"
u1025,User 1025,user1025@example.com,"{""role"": ""user"", ""level"": 0}"
u1026,User 1026,user1026@example.com,"{""role"": ""user"", ""level"": 1}"
u1027,User 1027,user1027@example.com,"{""role"": ""user"", ""level"": 2}"
u1028,User 1028,user1028@example.com,"{""role"": ""user"", ""level"": 3}"
u1029,User 1029,user1029@example.com,"{""role"": ""user"", ""level"": 4}"
u1030,User 1030,user1030@example.com,"{""role"": ""user"", ""level"": 0}"
u1031,User 1031,user1031@example.com,"{""role"": ""user"", ""level"": 1}"
u1032,User 1032,user1032@example.com,"{""role"": ""user"", ""level"": 2}"
u1033,User 1033,user1033@example.com,"{""role"": ""user"", ""level"": 3}"
u1034,User 1034,user1034@example.com,"{""role"": ""user"", ""level"": 4}"
u1035,User 1035,user1035@example.com,"{""role"": ""user"", ""level"": 0}"
u1036,User 1036,user1036@example.com,"{""role"": ""user"", ""level"": 1}"
u1037,User 1037,user1037@example.com,"{""role"": ""user"", ""level"": 2}"
u1038,User 1038,user1038@example.com,"{""role"": ""user"", ""level"": 3}"
u1039,User 1039,user1039@example.com,"{""role"": ""user"", ""level"": 4}"
u1040,User 1040,user1040@example.com,"{""role"": ""user"", ""level"": 0}"
u1041,User 1041,user1041@example.com,"{""role"": ""user"", ""level"": 1}"
u1042,User 1042,user1042@example.com,"{""role"": ""user"", ""level"": 2}"
u1043,User 1043,user1043@example.com,"{""role"": ""user"", ""level"": 3}"
u1044,User 1044,user1044@example.com,"{""role"": ""user"", ""level"": 4}"
u1045,User 1045,user1045@example.com,"{""role"": ""user"", ""level"": 0}"
u1046,User 1046,user1046@example.com,"{""role"": ""user"", ""level"": 1}"
u1047,User 1047,user1047@example.com,"{""role"": ""user"", ""level"": 2}"
u1048,User 1048,user1048@example.com,"{""role"": ""user"", ""level"": 3}"
u1049,User 1049,user1049@example.com,"{""role"": ""user"", ""level"": 4}"
u1050,User 1050,user1050@example.com,"{""role"": ""user"", ""level"": 0}"
u1051,User 1051,user1051@example.com,"{""role"": ""user"", ""level"": 1}"
u1052,User 1052,user1052@example.com,"{""role"": ""user"", ""level"": 2}"
u1053,User 1053,user1053@example.com,"{""role"": ""user"", ""level"": 3}"
u1054,User 1054,user1054@example.com,"{""role"": ""user"", ""level"": 4}"
u1055,User 1055,user1055@example.com,"{""role"": ""user"", ""level"": 0}"
u1056,User 1056,user1056@example.com,"{""role"": ""user"", ""level"": 1}"
u1057,User 1057,user1057@example.com,"{""role"": ""user"", ""level"": 2}"
u1058,User 1058,user1058@example.com,"{""role"": ""user"", ""level"": 3}"
u1059,User 1059,user1059@example.com,"{""role"": ""user"", ""level"": 4}"
u1060,User 1060,user1060@example.com,"{""role"": ""user"", ""level"": 0}"
u1061,User 1061,user1061@example.com,"{""role"": ""user"", ""level"": 1}"
u1062,User 1062,user1062@example.com,"{""role"": ""user"", ""level"": 2}"
u1063,User 1063,user1063@example.com,"{""role"": ""user"", ""level"": 3}"
u1064,User 1064,user1064@example.com,"{""role"": ""user"", ""level"": 4}"
u1065,User 1065,user1065@example.com,"{""role"": ""user"", ""level"": 0}"
u1066,User 1066,user1066@example.com,"{""role"": ""user"", ""level"": 1}"
u1067,User 1067,user1067@example.com,"{""role"": ""user"", ""level"": 2}"
u1068,User 1068,user1068@example.com,"{""role"": ""user"", ""level"": 3}"
u1069,User 1069,user1069@example.com,"{""role"": ""user"", ""level"": 4}"
u1070,User 1070,user1070@example.com,"{""role"": ""user"", ""level"": 0}"
u1071,User 1071,user1071@example.com,"{""role"": ""user"", ""level"": 1}"
u1072,User 1072,user1072@example.com,"{""role"": ""user"", ""level"": 2}"
u1073,User 1073,user1073@example.com,"{""role"": ""user"", ""level"": 3}"
u1074,User 1074,user1074@example.com,"{""role"": ""user"", ""level"": 4}"
u1075,User 1075,user1075@example.com,"{""role"": ""user"", ""level"": 0}"
u1076,User 1076,user1076@example.com,"{""role"": ""user"", ""level"": 1}"
u1077,User 1077,user1077@example.com,"{""role"": ""user"", ""level"": 2}"
u1078,User 1078,user1078@example.com,"{""role"": ""user"", ""level"": 3}"
u1079,User 1079,user1079@example.com,"{""role"": ""user"", ""level"": 4}"
u1080,User 1080,user1080@example.com,"{""role"": ""user"", ""level"": 0}"
u1081,User 1081,user1081@example.com,"{""role"": ""user"", ""level"": 1}"
u1082,User 1082,user1082@example.com,"{""role"": ""user"", ""level"": 2}"
u1083,User 1083,user1083@example.com,"{""role"": ""user"", ""level"": 3}"
u1084,User 1084,user1084@example.com,"{""role"": ""user"", ""level"": 4}"
u1085,User 1085,user1085@example.com,"{""role"": ""user"", ""level"": 0}"
u1086,User 1086,user1086@example.com,"{""role"": ""user"", ""level"": 1}"
u1087,User 1087,user1087@example.com,"{""role"": ""user"", ""level"": 2}"
u1088,User 1088,user1088@example.com,"{""role"": ""user"", ""level"": 3}"
u1089,User 1089,user1089@example.com,"{""role"": ""user"", ""level"": 4}"
u1090,User 1090,user1090@example.com,"{""role"": ""user"", ""level"": 0}"
u1091,User 1091,user1091@example.com,"{""role"": ""user"", ""level"": 1}"
u1092,User 1092,user1092@example.com,"{""role"": ""user"", ""level"": 2}"
u1093,User 1093,user1093@example.com,"{""role"": ""user"", ""level"": 3}"
u1094,User 1094,user1094@example.com,"{""role"": ""user"", ""level"": 4}"
u1095,User 1095,user1095@example.com,"{""role"": ""user"", ""level"": 0}"
u1096,User 1096,user1096@example.com,"{""role"": ""user"", ""level"": 1}"
u1097,User 1097,user1097@example.com,"{""role"": ""user"", ""level"": 2}"
u1098,User 1098,user1098@example.com,"{""role"": ""user"", ""level"": 3}"
u1099,User 1099,user1099@example.com,"{""role"": ""user"", ""level"": 4}"
u1100,User 1100,user1100@example.com,"{""role"": ""user"", ""level"": 0}"
u1101,User 1101,user1101@example.com,"{""role"": ""user"", ""level"": 1}"
u1102,User 1102,user1102@example.com,"{""role"": ""user"", ""level"": 2}"
u1103,User 1103,user1103@example.com,"{""role"": ""user"", ""level"": 3}"
u1104,User 1104,user1104@example.com,"{""role"": ""user"", ""level"": 4}"
u1105,User 1105,user1105@example.com,"{""role"": ""user"", ""level"": 0}"
u1106,User 1106,user1106@example.com,"{""role"": ""user"", ""level"": 1}"
u1107,User 1107,user1107@example.com,"{""role"": ""user"", ""level"": 2}"
u1108,User 1108,user1108@example.com,"{""role"": ""user"", ""level"": 3}"
u1109,User 1109,user1109@example.com,"{""role"": ""user"", ""level"": 4}"
u1110,User 1110,user1110@example.com,"{""role"": ""user"", ""level"": 0}"
u1111,User 1111,user1111@example.com,"{""role"": ""user"", ""level"": 1}"
u1112,User 1112,user1112@example.com,"{""role"": ""user"", ""level"": 2}"
u1113,User 1113,user1113@example.com,"{""role"": ""user"", ""level"": 3}"
u1114,User 1114,user1114@example.com,"{""role"": ""user"", ""level"": 4}"
u1115,User 1115,user1115@example.com,"{""role"": ""user"", ""level"": 0}"
u1116,User 1116,user1116@example.com,"{""role"": ""user"", ""level"": 1}"
u1117,User 1117,user1117@example.com,"{""role"": ""user"", ""level"": 2}"
u1118,User 1118,user1118@example.com,"{""role"": ""user"", ""level"": 3}"
u1119,User 1119,user1119@example.com,"{""role"": ""user"", ""level"": 4}"
u1120,User 1120,user1120@example.com,"{""role"": ""user"", ""level"": 0}"
u1121,User 1121,user1121@example.com,"{""role"": ""user"", ""level"": 1}"
u1122,User 1122,user1122@example.com,"{""role"": ""user"", ""level"": 2}"
u1123,User 1123,user1123@example.com,"{""role"": ""user"", ""level"": 3}"
u1124,User 1124,user1124@example.com,"{""role"": ""user"", ""level"": 4}"
u1125,User 1125,user1125@example.com,"{""role"": ""user"", ""level"": 0}"
u1126,User 1126,user1126@example.com,"{""role"": ""user"", ""level"": 1}"
u1127,User 1127,user1127@example.com,"{""role"": ""user"", ""level"": 2}"
u1128,User 1128,user1128@example.com,"{""role"": ""user"", ""level"": 3}"
u1129,User 1129,user1129@example.com,"{""role"": ""user"", ""level"": 4}"
u1130,User 1130,user1130@example.com,"{""role"": ""user"", ""level"": 0}"
u1131,User 1131,user1131@example.com,"{""role"": ""user"", ""level"": 1}"
u1132,User 1132,user1132@example.com,"{""role"": ""user"", ""level"": 2}"
u1133,User 1133,user1133@example.com,"{""role"": ""user"", ""level"": 3}"
u1134,User 1134,user1134@example.com,"{""role"": ""user"", ""level"": 4}"
u1135,User 1135,user1135@example.com,"{""role"": ""user"", ""level"": 0}"
u1136,User 1136,user1136@example.com,"{""role"": ""user"", ""level"": 1}"
u1137,User 1137,user1137@example.com,"{""role"": ""user"", ""level"": 2}"
u1138,User 1138,user1138@example.com,"{""role"": ""user"", ""level"": 3}"
u1139,User 1139,user1139@example.com,"{""role"": ""user"", ""level"": 4}"
u1140,User 1140,user1140@example.com,"{""role"": ""user"", ""level"": 0}"
u1141,User 1141,user1141@example.com,"{""role"": ""user"", ""level"": 1}"
u1142,User 1142,user1142@example.com,"{""role"": ""user"", ""level"": 2}"
u1143,User 1143,user1143@example.com,"{""role"": ""user"", ""level"": 3}"
u1144,User 1144,user1144@example.com,"{""role"": ""user"", ""level"": 4}"
u1145,User 1145,user1145@example.com,"{""role"": ""user"", ""level"": 0}"
u1146,User 1146,user1146@example.com,"{""role"": ""user"", ""level"": 1}"
u1147,User 1147,user1147@example.com,"{""role"": ""user"", ""level"": 2}"
u1148,User 1148,user1148@example.com,"{""role"": ""user"", ""level"": 3}"
u1149,User 1149,user1149@example.com,"{""role"": ""user"", ""level"": 4}"
u1150,User 1150,user1150@example.com,"{""role"": ""user"", ""level"": 0}"
u1151,User 1151,user1151@example.com,"{""role"": ""user"", ""level"": 1}"
u1152,User 1152,user1152@example.com,"{""role"": ""user"", ""level"": 2}"
u1153,User 1153,user1153@example.com,"{""role"": ""user"", ""level"": 3}"
u1154,User 1154,user1154@example.com,"{""role"": ""user"", ""level"": 4}"
u1155,User 1155,user1155@example.com,"{""role"": ""user"", ""level"": 0}"
u1156,User 1156,user1156@example.com,"{""role"": ""user"", ""level"": 1}"
u1157,User 1157,user1157@example.com,"{""role"": ""user"", ""level"": 2}"
u1158,User 1158,user1158@example.com,"{""role"": ""user"", ""level"": 3}"
u1159,User 1159,user1159@example.com,"{""role"": ""user"", ""level"": 4}"
u1160,User 1160,user1160@example.com,"{""role"": ""user"", ""level"": 0}"
u1161,User 1161,user1161@example.com,"{""role"": ""user"", ""level"": 1}"
u1162,User 1162,user1162@example.com,"{""role"": ""user"", ""level"": 2}"
u1163,User 1163,user1163@example.com,"{""role"": ""user"", ""level"": 3}"
u1164,User 1164,user1164@example.com,"{""role"": ""user"", ""level"": 4}"
u1165,User 1165,user1165@example.com,"{""role"": ""user"", ""level"": 0}"
u1166,User 1166,user1166@example.com,"{""role"": ""user"", ""level"": 1}"
u1167,User 1167,user1167@example.com,"{""role"": ""user"", ""level"": 2}"
u1168,User 1168,user1168@example.com,"{""role"": ""user"", ""level"": 3}"
u1169,User 1169,user1169@example.com,"{""role"": ""user"", ""level"": 4}"
u1170,User 1170,user1170@example.com,"{""role"": ""user"", ""level"": 0}"
u1171,User 1171,user1171@example.com,"{""role"": ""user"", ""level"": 1}"
u1172,User 1172,user1172@example.com,"{""role"": ""user"", ""level"": 2}"
u1173,User 1173,user1173@example.com,"{""role"": ""user"", ""level"": 3}"
u1174,User 1174,user1174@example.com,"{""role"": ""user"", ""level"": 4}"
u1175,User 1175,user1175@example.com,"{""role"": ""user"", ""level"": 0}"
u1176,User 1176,user1176@example.com,"{""role"": ""user"", ""level"": 1}"
u1177,User 1177,user1177@example.com,"{""role"": ""user"", ""level"": 2}"
u1178,User 1178,user1178@example.com,"{""role"": ""user"", ""level"": 3}"
u1179,User 1179,user1179@example.com,"{""role"": ""user"", ""level"": 4}"
u1180,User 1180,user1180@example.com,"{""role"": ""user"", ""level"": 0}"
u1181,User 1181,user1181@example.com,"{""role"": ""user"", ""level"": 1}"
u1182,User 1182,user1182@example.com,"{""role"": ""user"", ""level"": 2}"
u1183,User 1183,user1183@example.com,"{""role"": ""user"", ""level"": 3}"
u1184,User 1184,user1184@example.com,"{""role"": ""user"", ""level"": 4}"
u1185,User 1185,user1185@example.com,"{""role"": ""user"", ""level"": 0}"
u1186,User 1186,user1186@example.com,"{""role"": ""user"", ""level"": 1}"
u1187,User 1187,user1187@example.com,"{""role"": ""user"", ""level"": 2}"
u1188,User 1188,user1188@example.com,"{""role"": ""user"", ""level"": 3}"
u1189,User 1189,user1189@example.com,"{""role"": ""user"", ""level"": 4}"
u1190,User 1190,user1190@example.com,"{""role"": ""user"", ""level"": 0}"
u1191,User 1191,user1191@example.com,"{""role"": ""user"", ""level"": 1}"
u1192,User 1192,user1192@example.com,"{""role"": ""user"", ""level"": 2}"
u1193,User 1193,user1193@example.com,"{""role"": ""user"", ""level"": 3}"
u1194,User 1194,user1194@example.com,"{""role"": ""user"", ""level"": 4}"
u1195,User 1195,user1195@example.com,"{""role"": ""user"", ""level"": 0}"
u1196,User 1196,user1196@example.com,"{""role"": ""user"", ""level"": 1}"
u1197,User 1197,user1197@example.com,"{""role"": ""user"", ""level"": 2}"
u1198,User 1198,user1198@example.com,"{""role"": ""user"", ""level"": 3}"
u1199,User 1199,user1199@example.com,"{""role"": ""user"", ""level"": 4}"
u1200,User 1200,user1200@example.com,"{""role"": ""user"", ""level"": 0}"
u1201,User 1201,user1201@example.com,"{""role"": ""user"", ""level"": 1}"
u1202,User 1202,user1202@example.com,"{""role"": ""user"", ""level"": 2}"
u1203,User 1203,user1203@example.com,"{""role"": ""user"", ""level"": 3}"
u1204,User 1204,user1204@example.com,"{""role"": ""user"", ""level"": 4}"
u1205,User 1205,user1205@example.com,"{""role"": ""user"", ""level"": 0}"
u1206,User 1206,user1206@example.com,"{""role"": ""user"", ""level"": 1}"
u1207,User 1207,user1207@example.com,"{""role"": ""user"", ""level"": 2}"
u1208,User 1208,user1208@example.com,"{""role"": ""user"", ""level"": 3}"
u1209,User 1209,user1209@example.com,"{""role"": ""user"", ""level"": 4}"
u1210,User 1210,user1210@example.com,"{""role"": ""user"", ""level"": 0}"
u1211,User 1211,user1211@example.com,"{""role"": ""user"", ""level"": 1}"
u1212,User 1212,user1212@example.com,"{""role"": ""user"", ""level"": 2}"
u1213,User 1213,user1213@example.com,"{""role"": ""user"", ""level"": 3}"
u1214,User 1214,user1214@example.com,"{""role"": ""user"", ""level"": 4}"
u1215,User 1215,user1215@example.com,"{""role"": ""user"", ""level"": 0}"
u1216,User 1216,user1216@example.com,"{""role"": ""user"", ""level"": 1}"
u1217,User 1217,user1217@example.com,"{""role"": ""user"", ""level"": 2}"
u1218,User 1218,user1218@example.com,"{""role"": ""user"", ""level"": 3}"
u1219,User 1219,user1219@example.com,"{""role"": ""user"", ""level"": 4}"
u1220,User 1220,user1220@example.com,"{""role"": ""user"", ""level"": 0}"
u1221,User 1221,user1221@example.com,"{""role"": ""user"", ""level"": 1}"
u1222,User 1222,user1222@example.com,"{""role"": ""user"", ""level"": 2}"
u1223,User 1223,user1223@example.com,"{""role"": ""user"", ""level"": 3}"
u1224,User 1224,user1224@example.com,"{""role"": ""user"", ""level"": 4}"
u1225,User 1225,user1225@example.com,"{""role"": ""user"", ""level"": 0}"
u1226,User 1226,user1226@example.com,"{""role"": ""user"", ""level"": 1}"
u1227,User 1227,user1227@example.com,"{""role"": ""user"", ""level"": 2}"
u1228,User 1228,user1228@example.com,"{""role"": ""user"", ""level"": 3}"
u1229,User 1229,user1229@example.com,"{""role"": ""user"", ""level"": 4}"
u1230,User 1230,user1230@example.com,"{""role"": ""user"", ""level"": 0}"
u1231,User 1231,user1231@example.com,"{""role"": ""user"", ""level"": 1}"
u1232,User 1232,user1232@example.com,"{""role"": ""user"", ""level"": 2}"
u1233,User 1233,user1233@example.com,"{""role"": ""user"", ""level"": 3}"
u1234,User 1234,user1234@example.com,"{""role"": ""user"", ""level"": 4}"
u1235,User 1235,user1235@example.com,"{""role"": ""user"", ""level"": 0}"
u1236,User 1236,user1236@example.com,"{""role"": ""user"", ""level"": 1}"
u1237,User 1237,user1237@example.com,"{""role"": ""user"", ""level"": 2}"
u1238,User 1238,user1238@example.com,"{""role"": ""user"", ""level"": 3}"
u1239,User 1239,user1239@example.com,"{""role"": ""user"", ""level"": 4}"
u1240,User 1240,user1240@example.com,"{""role"": ""user"", ""level"": 0}"
u1241,User 1241,user1241@example.com,"{""role"": ""user"", ""level"": 1}"
u1242,User 1242,user1242@example.com,"{""role"": ""user"", ""level"": 2}"
u1243,User 1243,user1243@example.com,"{""role"": ""user"", ""level"": 3}"
u1244,User 1244,user1244@example.com,"{""role"": ""user"", ""level"": 4}"
u1245,User 1245,user1245@example.com,"{""role"": ""user"", ""level"": 0}"
u1246,User 1246,user1246@example.com,"{""role"": ""user"", ""level"": 1}"
u1247,User 1247,user1247@example.com,"{""role"": ""user"", ""level"": 2}"
u1248,User 1248,user1248@example.com,"{""role"": ""user"", ""level"": 3}"
u1249,User 1249,user1249@example.com,"{""role"": ""user"", ""level"": 4}"
u1250,User 1250,user1250@example.com,"{""role"": ""user"", ""level"": 0}"
u1251,User 1251,user1251@example.com,"{""role"": ""user"", ""level"": 1}"
u1252,User 1252,user1252@example.com,"{""role"": ""user"", ""level"": 2}"
u1253,User 1253,user1253@example.com,"{""role"": ""user"", ""level"": 3}"
u1254,User 1254,user1254@example.com,"{""role"": ""user"", ""level"": 4}"
u1255,User 1255,user1255@example.com,"{""role"": ""user"", ""level"": 0}"
u1256,User 1256,user1256@example.com,"{""role"": ""user"", ""level"": 1}"
u1257,User 1257,user1257@example.com,"{""role"": ""user"", ""level"": 2}"
u1258,User 1258,user1258@example.com,"{""role"": ""user"", ""level"": 3}"
u1259,User 1259,user1259@example.com,"{""role"": ""user"", ""level"": 4}"
u1260,User 1260,user1260@example.com,"{""role"": ""user"", ""level"": 0}"
u1261,User 1261,user1261@example.com,"{""role"": ""user"", ""level"": 1}"
u1262,User 1262,user1262@example.com,"{""role"": ""user"", ""level"": 2}"
u1263,User 1263,user1263@example.com,"{""role"": ""user"", ""level"": 3}"
u1264,User 1264,user1264@example.com,"{""role"": ""user"", ""level"": 4}"
u1265,User 1265,user1265@example.com,"{""role"": ""user"", ""level"": 0}"
u1266,User 1266,user1266@example.com,"{""role"": ""user"", ""level"": 1}"
u1267,User 1267,user1267@example.com,"{""role"": ""user"", ""level"": 2}"
u1268,User 1268,user1268@example.com,"{""role"": ""user"", ""level"": 3}"
u1269,User 1269,user1269@example.com,"{""role"": ""user"", ""level"": 4}"
u1270,User 1270,user1270@example.com,"{""role"": ""user"", ""level"": 0}"
u1271,User 1271,user1271@example.com,"{""role"": ""user"", ""level"": 1}"
u1272,User 1272,user1272@example.com,"{""role"": ""user"", ""level"": 2}"
u1273,User 1273,user1273@example.com,"{""role"": ""user"", ""level"": 3}"
u1274,User 1274,user1274@example.com,"{""role"": ""user"", ""level"": 4}"
u1275,User 1275,user1275@example.com,"{""role"": ""user"", ""level"": 0}"
u1276,User 1276,user1276@example.com,"{""role"": ""user"", ""level"": 1}"
u1277,User 1277,user1277@example.com,"{""role"": ""user"", ""level"": 2}"
u1278,User 1278,user1278@example.com,"{""role"": ""user"", ""level"": 3}"
u1279,User 1279,user1279@example.com,"{""role"": ""user"", ""level"": 4}"
u1280,User 1280,user1280@example.com,"{""role"": ""user"", ""level"": 0}"
u1281,User 1281,user1281@example.com,"{""role"": ""user"", ""level"": 1}"
u1282,User 1282,user1282@example.com,"{""role"": ""user"", ""level"": 2}"
u1283,User 1283,user1283@example.com,"{""role"": ""user"", ""level"": 3}"
u1284,User 1284,user1284@example.com,"{""role"": ""user"", ""level"": 4}"
u1285,User 1285,user1285@example.com,"{""role"": ""user"", ""level"": 0}"
u1286,User 1286,user1286@example.com,"{""role"": ""user"", ""level"": 1}"
u1287,User 1287,user1287@example.com,"{""role"": ""user"", ""level"": 2}"
u1288,User 1288,user1288@example.com,"{""role"": ""user"", ""level"": 3}"
u1289,User 1289,user1289@example.com,"{""role"": ""user"", ""level"": 4}"
u1290,User 1290,user1290@example.com,"{""role"": ""user"", ""level"": 0}"
u1291,User 1291,user1291@example.com,"{""role"": ""user"", ""level"": 1}"
u1292,User 1292,user1292@example.com,"{""role"": ""user"", ""level"": 2}"
u1293,User 1293,user1293@example.com,"{""role"": ""user"", ""level"": 3}"
u1294,User 1294,user1294@example.com,"{""role"": ""user"", ""level"": 4}"
u1295,User 1295,user1295@example.com,"{""role"": ""user"", ""level"": 0}"
u1296,User 1296,user1296@example.com,"{""role"": ""user"", ""level"": 1}"
u1297,User 1297,user1297@example.com,"{""role"": ""user"", ""level"": 2}"
u1298,User 1298,user1298@example.com,"{""role"": ""user"", ""level"": 3}"
u1299,User 1299,user1299@example.com,"{""role"": ""user"", ""level"": 4}"
u1300,User 1300,user1300@example.com,"{""role"": ""user"", ""level"": 0}"
u1301,User 1301,user1301@example.com,"{""role"": ""user"", ""level"": 1}"
u1302,User 1302,user1302@example.com,"{""role"": ""user"", ""level"": 2}"
u1303,User 1303,user1303@example.com,"{""role"": ""user"", ""level"": 3}"
u1304,User 1304,user1304@example.com,"{""role"": ""user"", ""level"": 4}"
u1305,User 1305,user1305@example.com,"{""role"": ""user"", ""level"": 0}"
u1306,User 1306,user1306@example.com,"{""role"": ""user"", ""level"": 1}"
u1307,User 1307,user1307@example.com,"{""role"": ""user"", ""level"": 2}"
u1308,User 1308,user1308@example.com,"{""role"": ""user"", ""level"": 3}"
u1309,User 1309,user1309@example.com,"{""role"": ""user"", ""level"": 4}"
u1310,User 1310,user1310@example.com,"{""role"": ""user"", ""level"": 0}"
u1311,User 1311,user1311@example.com,"{""role"": ""user"", ""level"": 1}"
u1312,User 1312,user1312@example.com,"{""role"": ""user"", ""level"": 2}"
u1313,User 1313,user1313@example.com,"{""role"": ""user"", ""level"": 3}"
u1314,User 1314,user1314@example.com,"{""role"": ""user"", ""level"": 4}"
u1315,User 1315,user1315@example.com,"{""role"": ""user"", ""level"": 0}"
u1316,User 1316,user1316@example.com,"{""role"": ""user"", ""level"": 1}"
u1317,User 1317,user1317@example.com,"{""role"": ""user"", ""level"": 2}"
u1318,User 1318,user1318@example.com,"{""role"": ""user"", ""level"": 3}"
u1319,User 1319,user1319@example.com,"{""role"": ""user"", ""level"": 4}"
u1320,User 1320,user1320@example.com,"{""role"": ""user"", ""level"": 0}"
u1321,User 1321,user1321@example.com,"{""role"": ""user"", ""level"": 1}"
u1322,User 1322,user1322@example.com,"{""role"": ""user"", ""level"": 2}"
u1323,User 1323,user1323@example.com,"{""role"": ""user"", ""level"": 3}"
u1324,User 1324,user1324@example.com,"{""role"": ""user"", ""level"": 4}"
u1325,User 1325,user1325@example.com,"{""role"": ""user"", ""level"": 0}"
u1326,User 1326,user1326@example.com,"{""role"": ""user"", ""level"": 1}"
u1327,User 1327,user1327@example.com,"{""role"": ""user"", ""level"": 2}"
u1328,User 1328,user1328@example.com,"{""role"": ""user"", ""level"": 3}"
u1329,User 1329,user1329@example.com,"{""role"": ""user"", ""level"": 4}"
u1330,User 1330,user1330@example.com,"{""role"": ""user"", ""level"": 0}"
u1331,User 1331,user1331@example.com,"{""role"": ""user"", ""level"": 1}"
u1332,User 1332,user1332@example.com,"{""role"": ""user"", ""level"": 2}"
u1333,User 1333,user1333@example.com,"{""role"": ""user"", ""level"": 3}"
u1334,User 1334,user1334@example.com,"{""role"": ""user"", ""level"": 4}"
u1335,User 1335,user1335@example.com,"{""role"": ""user"", ""level"": 0}"
u1336,User 1336,user1336@example.com,"{""role"": ""user"", ""level"": 1}"
u1337,User 1337,user1337@example.com,"{""role"": ""user"", ""level"": 2}"
u1338,User 1338,user1338@example.com,"{""role"": ""user"", ""level"": 3}"
u1339,User 1339,user1339@example.com,"{""role"": ""user"", ""level"": 4}"
u1340,User 1340,user1340@example.com,"{""role"": ""user"", ""level"": 0}"
u1341,User 1341,user1341@example.com,"{""role"": ""user"", ""level"": 1}"
u1342,User 1342,user1342@example.com,"{""role"": ""user"", ""level"": 2}"
u1343,User 1343,user1343@example.com,"{""role"": ""user"", ""level"": 3}"
u1344,User 1344,user1344@example.com,"{""role"": ""user"", ""level"": 4}"
u1345,User 1345,user1345@example.com,"{""role"": ""user"", ""level"": 0}"
u1346,User 1346,user1346@example.com,"{""role"": ""user"", ""level"": 1}"
u1347,User 1347,user1347@example.com,"{""role"": ""user"", ""level"": 2}"
u1348,User 1348,user1348@example.com,"{""role"": ""user"", ""level"": 3}"
u1349,User 1349,user1349@example.com,"{""role"": ""user"", ""level"": 4}"
u1350,User 1350,user1350@example.com,"{""role"": ""user"", ""level"": 0}"
u1351,User 1351,user1351@example.com,"{""role"": ""user"", ""level"": 1}"
u1352,User 1352,user1352@example.com,"{""role"": ""user"", ""level"": 2}"
u1353,User 1353,user1353@example.com,"{""role"": ""user"", ""level"": 3}"
u1354,User 1354,user1354@example.com,"{""role"": ""user"", ""level"": 4}"
u1355,User 1355,user1355@example.com,"{""role"": ""user"", ""level"": 0}"
u1356,User 1356,user1356@example.com,"{""role"": ""user"", ""level"": 1}"
u1357,User 1357,user1357@example.com,"{""role"": ""user"", ""level"": 2}"
u1358,User 1358,user1358@example.com,"{""role"": ""user"", ""level"": 3}"
u1359,User 1359,user1359@example.com,"{""role"": ""user"", ""level"": 4}"
u1360,User 1360,user1360@example.com,"{""role"": ""user"", ""level"": 0}"
u1361,User 1361,user1361@example.com,"{""role"": ""user"", ""level"": 1}"
u1362,User 1362,user1362@example.com,"{""role"": ""user"", ""level"": 2}"
u1363,User 1363,user1363@example.com,"{""role"": ""user"", ""level"": 3}"
u1364,User 1364,user1364@example.com,"{""role"": ""user"", ""level"": 4}"
u1365,User 1365,user1365@example.com,"{""role"": ""user"", ""level"": 0}"
u1366,User 1366,user1366@example.com,"{""role"": ""user"", ""level"": 1}"
u1367,User 1367,user1367@example.com,"{""role"": ""user"", ""level"": 2}"
u1368,User 1368,user1368@example.com,"{""role"": ""user"", ""level"": 3}"
u1369,User 1369,user1369@example.com,"{""role"": ""user"", ""level"": 4}"
u1370,User 1370,user1370@example.com,"{""role"": ""user"", ""level"": 0}"
u1371,User 1371,user1371@example.com,"{""role"": ""user"", ""level"": 1}"
u1372,User 1372,user1372@example.com,"{""role"": ""user"", ""level"": 2}"
u1373,User 1373,user1373@example.com,"{""role"": ""user"", ""level"": 3}"
u1374,User 1374,user1374@example.com,"{""role"": ""user"", ""level"": 4}"
u1375,User 1375,user1375@example.com,"{""role"": ""user"", ""level"": 0}"
u1376,User 1376,user1376@example.com,"{""role"": ""user"", ""level"": 1}"
u1377,User 1377,user1377@example.com,"{""role"": ""user"", ""level"": 2}"
u1378,User 1378,user1378@example.com,"{""role"": ""user"", ""level"": 3}"
u1379,User 1379,user1379@example.com,"{""role"": ""user"", ""level"": 4}"
u1380,User 1380,user1380@example.com,"{""role"": ""user"", ""level"": 0}"
u1381,User 1381,user1381@example.com,"{""role"": ""user"", ""level"": 1}"
u1382,User 1382,user1382@example.com,"{""role"": ""user"", ""level"": 2}"
u1383,User 1383,user1383@example.com,"{""role"": ""user"", ""level"": 3}"
u1384,User 1384,user1384@example.com,"{""role"": ""user"", ""level"": 4}"
u1385,User 1385,user1385@example.com,"{""role"": ""user"", ""level"": 0}"
u1386,User 1386,user1386@example.com,"{""role"": ""user"", ""level"": 1}"
u1387,User 1387,user1387@example.com,"{""role"": ""user"", ""level"": 2}"
u1388,User 1388,user1388@example.com,"{""role"": ""user"", ""level"": 3}"
u1389,User 1389,user1389@example.com,"{""role"": ""user"", ""level"": 4}"
u1390,User 1390,user1390@example.com,"{""role"": ""user"", ""level"": 0}"
u1391,User 1391,user1391@example.com,"{""role"": ""user"", ""level"": 1}"
u1392,User 1392,user1392@example.com,"{""role"": ""user"", ""level"": 2}"
u1393,User 1393,user1393@example.com,"{""role"": ""user"", ""level"": 3}"
u1394,User 1394,user1394@example.com,"{""role"": ""user"", ""level"": 4}"
u1395,User 1395,user1395@example.com,"{""role"": ""user"", ""level"": 0}"
u1396,User 1396,user1396@example.com,"{""role"": ""user"", ""level"": 1}"
u1397,User 1397,user1397@example.com,"{""role"": ""user"", ""level"": 2}"
u1398,User 1398,user1398@example.com,"{""role"": ""user"", ""level"": 3}"
u1399,User 1399,user1399@example.com,"{""role"": ""user"", ""level"": 4}"
u1400,User 1400,user1400@example.com,"{""role"": ""user"", ""level"": 0}"
u1401,User 1401,user1401@example.com,"{""role"": ""user"", ""level"": 1}"
u1402,User 1402,user1402@example.com,"{""role"": ""user"", ""level"": 2}"
u1403,User 1403,user1403@example.com,"{""role"": ""user"", ""level"": 3}"
u1404,User 1404,user1404@example.com,"{""role"": ""user"", ""level"": 4}"
u1405,User 1405,user1405@example.com,"{""role"": ""user"", ""level"": 0}"
u1406,User 1406,user1406@example.com,"{""role"": ""user"", ""level"": 1}"
u1407,User 1407,user1407@example.com,"{""role"": ""user"", ""level"": 2}"
u1408,User 1408,user1408@example.com,"{""role"": ""user"", ""level"": 3}"
u1409,User 1409,user1409@example.com,"{""role"": ""user"", ""level"": 4}"
u1410,User 1410,user1410@example.com,"{""role"": ""user"", ""level"": 0}"
u1411,User 1411,user1411@example.com,"{""role"": ""user"", ""level"": 1}"
u1412,User 1412,user1412@example.com,"{""role"": ""user"", ""level"": 2}"
u1413,User 1413,user1413@example.com,"{""role"": ""user"", ""level"": 3}"
u1414,User 1414,user1414@example.com,"{""role"": ""user"", ""level"": 4}"
u1415,User 1415,user1415@example.com,"{""role"": ""user"", ""level"": 0}"
u1416,User 1416,user1416@example.com,"{""role"": ""user"", ""level"": 1}"
u1417,User 1417,user1417@example.com,"{""role"": ""user"", ""level"": 2}"
u1418,User 1418,user1418@example.com,"{""role"": ""user"", ""level"": 3}"
u1419,User 1419,user1419@example.com,"{""role"": ""user"", ""level"": 4}"
u1420,User 1420,user1420@example.com,"{""role"": ""user"", ""level"": 0}"
u1421,User 1421,user1421@example.com,"{""role"": ""user"", ""level"": 1}"
u1422,User 1422,user1422@example.com,"{""role"": ""user"", ""level"": 2}"
u1423,User 1423,user1423@example.com,"{""role"": ""user"", ""level"": 3}"
u1424,User 1424,user1424@example.com,"{""role"": ""user"", ""level"": 4}"
u1425,User 1425,user1425@example.com,"{""role"": ""user"", ""level"": 0}"
u1426,User 1426,user1426@example.com,"{""role"": ""user"", ""level"": 1}"
u1427,User 1427,user1427@example.com,"{""role"": ""user"", ""level"": 2}"
u1428,User 1428,user1428@example.com,"{""role"": ""user"", ""level"": 3}"
u1429,User 1429,user1429@example.com,"{""role"": ""user"", ""level"": 4}"
u1430,User 1430,user1430@example.com,"{""role"": ""user"", ""level"": 0}"
u1431,User 1431,user1431@example.com,"{""role"": ""user"", ""level"": 1}"
u1432,User 1432,user1432@example.com,"{""role"": ""user"", ""level"": 2}"
u1433,User 1433,user1433@example.com,"{""role"": ""user"", ""level"": 3}"
u1434,User 1434,user1434@example.com,"{""role"": ""user"", ""level"": 4}"
u1435,User 1435,user1435@example.com,"{""role"": ""user"", ""level"": 0}"
u1436,User 1436,user1436@example.com,"{""role"": ""user"", ""level"": 1}"
u1437,User 1437,user1437@example.com,"{""role"": ""user"", ""level"": 2}"
u1438,User 1438,user1438@example.com,"{""role"": ""user"", ""level"": 3}"
u1439,User 1439,user1439@example.com,"{""role"": ""user"", ""level"": 4}"
u1440,User 1440,user1440@example.com,"{""role"": ""user"", ""level"": 0}"
u1441,User 1441,user1441@example.com,"{""role"": ""user"", ""level"": 1}"
u1442,User 1442,user1442@example.com,"{""role"": ""user"", ""level"": 2}"
u1443,User 1443,user1443@example.com,"{""role"": ""user"", ""level"": 3}"
u1444,User 1444,user1444@example.com,"{""role"": ""user"", ""level"": 4}"
u1445,User 1445,user1445@example.com,"{""role"": ""user"", ""level"": 0}"
u1446,User 1446,user1446@example.com,"{""role"": ""user"", ""level"": 1}"
u1447,User 1447,user1447@example.com,"{""role"": ""user"", ""level"": 2}"
u1448,User 1448,user1448@example.com,"{""role"": ""user"", ""level"": 3}"
u1449,User 1449,user1449@example.com,"{""role"": ""user"", ""level"": 4}"
u1450,User 1450,user1450@example.com,"{""role"": ""user"", ""level"": 0}"
u1451,User 1451,user1451@example.com,"{""role"": ""user"", ""level"": 1}"
u1452,User 1452,user1452@example.com,"{""role"": ""user"", ""level"": 2}"
u1453,User 1453,user1453@example.com,"{""role"": ""user"", ""level"": 3}"
u1454,User 1454,user1454@example.com,"{""role"": ""user"", ""level"": 4}"
u1455,User 1455,user1455@example.com,"{""role"": ""user"", ""level"": 0}"
u1456,User 1456,user1456@example.com,"{""role"": ""user"", ""level"": 1}"
u1457,User 1457,user1457@example.com,"{""role"": ""user"", ""level"": 2}"
u1458,User 1458,user1458@example.com,"{""role"": ""user"", ""level"": 3}"
u1459,User 1459,user1459@example.com,"{""role"": ""user"", ""level"": 4}"
u1460,User 1460,user1460@example.com,"{""role"": ""user"", ""level"": 0}"
u1461,User 1461,user1461@example.com,"{""role"": ""user"", ""level"": 1}"
u1462,User 1462,user1462@example.com,"{""role"": ""user"", ""level"": 2}"
u1463,User 1463,user1463@example.com,"{""role"": ""user"", ""level"": 3}"
u1464,User 1464,user1464@example.com,"{""role"": ""user"", ""level"": 4}"
u1465,User 1465,user1465@example.com,"{""role"": ""user"", ""level"": 0}"
u1466,User 1466,user1466@example.com,"{""role"": ""user"", ""level"": 1}"
u1467,User 1467,user1467@example.com,"{""role"": ""user"", ""level"": 2}"
u1468,User 1468,user1468@example.com,"{""role"": ""user"", ""level"": 3}"
u1469,User 1469,user1469@example.com,"{""role"": ""user"", ""level"": 4}"
u1470,User 1470,user1470@example.com,"{""role"": ""user"", ""level"": 0}"
u1471,User 1471,user1471@example.com,"{""role"": ""user"", ""level"": 1}"
u1472,User 1472,user1472@example.com,"{""role"": ""user"", ""level"": 2}"
u1473,User 1473,user1473@example.com,"{""role"": ""user"", ""level"": 3}"
u1474,User 1474,user1474@example.com,"{""role"": ""user"", ""level"": 4}"
u1475,User 1475,user1475@example.com,"{""role"": ""user"", ""level"": 0}"
u1476,User 1476,user1476@example.com,"{""role"": ""user"", ""level"": 1}"
u1477,User 1477,user1477@example.com,"{""role"": ""user"", ""level"": 2}"
u1478,User 1478,user1478@example.com,"{""role"": ""user"", ""level"": 3}"
u1479,User 1479,user1479@example.com,"{""role"": ""user"", ""level"": 4}"
u1480,User 1480,user1480@example.com,"{""role"": ""user"", ""level"": 0}"
u1481,User 1481,user1481@example.com,"{""role"": ""user"", ""level"": 1}"
u1482,User 1482,user1482@example.com,"{""role"": ""user"", ""level"": 2}"
u1483,User 1483,user1483@example.com,"{""role"": ""user"", ""level"": 3}"
u1484,User 1484,user1484@example.com,"{""role"": ""user"", ""level"": 4}"
u1485,User 1485,user1485@example.com,"{""role"": ""user"", ""level"": 0}"
u1486,User 1486,user1486@example.com,"{""role"": ""user"", ""level"": 1}"
u1487,User 1487,user1487@example.com,"{""role"": ""user"", ""level"": 2}"
u1488,User 1488,user1488@example.com,"{""role"": ""user"", ""level"": 3}"
u1489,User 1489,user1489@example.com,"{""role"": ""user"", ""level"": 4}"
u1490,User 1490,user1490@example.com,"{""role"": ""user"", ""level"": 0}"
u1491,User 1491,user1491@example.com,"{""role"": ""user"", ""level"": 1}"
u1492,User 1492,user1492@example.com,"{""role"": ""user"", ""level"": 2}"
u1493,User 1493,user1493@example.com,"{""role"": ""user"", ""level"": 3}"
u1494,User 1494,user1494@example.com,"{""role"": ""user"", ""level"": 4}"
u1495,User 1495,user1495@example.com,"{""role"": ""user"", ""level"": 0}"
u1496,User 1496,user1496@example.com,"{""role"": ""user"", ""level"": 1}"
u1497,User 1497,user1497@example.com,"{""role"": ""user"", ""level"": 2}"
u1498,User 1498,user1498@example.com,"{""role"": ""user"", ""level"": 3}"
u1499,User 1499,user1499@example.com,"{""role"": ""user"", ""level"": 4}"
u1500,User 1500,user1500@example.com,"{""role"": ""user"", ""level"": 0}"
u1501,User 1501,user1501@example.com,"{""role"": ""user"", ""level"": 1}"
u1502,User 1502,user1502@example.com,"{""role"": ""user"", ""level"": 2}"
u1503,User 1503,user1503@example.com,"{""role"": ""user"", ""level"": 3}"
u1504,User 1504,user1504@example.com,"{""role"": ""user"", ""level"": 4}"
u1505,User 1505,user1505@example.com,"{""role"": ""user"", ""level"": 0}"
u1506,User 1506,user1506@example.com,"{""role"": ""user"", ""level"": 1}"
u1507,User 1507,user1507@example.com,"{""role"": ""user"", ""level"": 2}"
u1508,User 1508,user1508@example.com,"{""role"": ""user"", ""level"": 3}"
u1509,User 1509,user1509@example.com,"{""role"": ""user"", ""level"": 4}"
u1510,User 1510,user1510@example.com,"{""role"": ""user"", ""level"": 0}"
u1511,User 1511,user1511@example.com,"{""role"": ""user"", ""level"": 1}"
u1512,User 1512,user1512@example.com,"{""role"": ""user"", ""level"": 2}"
u1513,User 1513,user1513@example.com,"{""role"": ""user"", ""level"": 3}"
u1514,User 1514,user1514@example.com,"{""role"": ""user"", ""level"": 4}"
u1515,User 1515,user1515@example.com,"{""role"": ""user"", ""level"": 0}"
u1516,User 1516,user1516@example.com,"{""role"": ""user"", ""level"": 1}"
u1517,User 1517,user1517@example.com,"{""role"": ""user"", ""level"": 2}"
u1518,User 1518,user1518@example.com,"{""role"": ""user"", ""level"": 3}"
u1519,User 1519,user1519@example.com,"{""role"": ""user"", ""level"": 4}"
u1520,User 1520,user1520@example.com,"{""role"": ""user"", ""level"": 0}"
u1521,User 1521,user1521@example.com,"{""role"": ""user"", ""level"": 1}"
u1522,User 1522,user1522@example.com,"{""role"": ""user"", ""level"": 2}"
u1523,User 1523,user1523@example.com,"{""role"": ""user"", ""level"": 3}"
u1524,User 1524,user1524@example.com,"{""role"": ""user"", ""level"": 4}"
u1525,User 1525,user1525@example.com,"{""role"": ""user"", ""level"": 0}"
u1526,User 1526,user1526@example.com,"{""role"": ""user"", ""level"": 1}"
u1527,User 1527,user1527@example.com,"{""role"": ""user"", ""level"": 2}"
u1528,User 1528,user1528@example.com,"{""role"": ""user"", ""level"": 3}"
u1529,User 1529,user1529@example.com,"{""role"": ""user"", ""level"": 4}"
u1530,User 1530,user1530@example.com,"{""role"": ""user"", ""level"": 0}"
u1531,User 1531,user1531@example.com,"{""role"": ""user"", ""level"": 1}"
u1532,User 1532,user1532@example.com,"{""role"": ""user"", ""level"": 2}"
u1533,User 1533,user1533@example.com,"{""role"": ""user"", ""level"": 3}"
u1534,User 1534,user1534@example.com,"{""role"": ""user"", ""level"": 4}"
u1535,User 1535,user1535@example.com,"{""role"": ""user"", ""level"": 0}"
u1536,User 1536,user1536@example.com,"{""role"": ""user"", ""level"": 1}"
u1537,User 1537,user1537@example.com,"{""role"": ""user"", ""level"": 2}"
u1538,User 1538,user1538@example.com,"{""role"": ""user"", ""level"": 3}"
u1539,User 1539,user1539@example.com,"{""role"": ""user"", ""level"": 4}"
u1540,User 1540,user1540@example.com,"{""role"": ""user"", ""level"": 0}"
u1541,User 1541,user1541@example.com,"{""role"": ""user"", ""level"": 1}"
u1542,User 1542,user1542@example.com,"{""role"": ""user"", ""level"": 2}"
u1543,User 1543,user1543@example.com,"{""role"": ""user"", ""level"": 3}"
u1544,User 1544,user1544@example.com,"{""role"": ""user"", ""level"": 4}"
u1545,User 1545,user1545@example.com,"{""role"": ""user"", ""level"": 0}"
u1546,User 1546,user1546@example.com,"{""role"": ""user"", ""level"": 1}"
u1547,User 1547,user1547@example.com,"{""role"": ""user"", ""level"": 2}"
u1548,User 1548,user1548@example.com,"{""role"": ""user"", ""level"": 3}"
u1549,User 1549,user1549@example.com,"{""role"": ""user"", ""level"": 4}"
u1550,User 1550,user1550@example.com,"{""role"": ""user"", ""level"": 0}"
u1551,User 1551,user1551@example.com,"{""role"": ""user"", ""level"": 1}"
u1552,User 1552,user1552@example.com,"{""role"": ""user"", ""level"": 2}"
u1553,User 1553,user1553@example.com,"{""role"": ""user"", ""level"": 3}"
u1554,User 1554,user1554@example.com,"{""role"": ""user"", ""level"": 4}"
u1555,User 1555,user1555@example.com,"{""role"": ""user"", ""level"": 0}"
u1556,User 1556,user1556@example.com,"{""role"": ""user"", ""level"": 1}"
u1557,User 1557,user1557@example.com,"{""role"": ""user"", ""level"": 2}"
u1558,User 1558,user1558@example.com,"{""role"": ""user"", ""level"": 3}"
u1559,User 1559,user1559@example.com,"{""role"": ""user"", ""level"": 4}"
u1560,User 1560,user1560@example.com,"{""role"": ""user"", ""level"": 0}"
u1561,User 1561,user1561@example.com,"{""role"": ""user"", ""level"": 1}"
u1562,User 1562,user1562@example.com,"{""role"": ""user"", ""level"": 2}"
u1563,User 1563,user1563@example.com,"{""role"": ""user"", ""level"": 3}"
u1564,User 1564,user1564@example.com,"{""role"": ""user"", ""level"": 4}"
u1565,User 1565,user1565@example.com,"{""role"": ""user"", ""level"": 0}"
u1566,User 1566,user1566@example.com,"{""role"": ""user"", ""level"": 1}"
u1567,User 1567,user1567@example.com,"{""role"": ""user"", ""level"": 2}"
u1568,User 1568,user1568@example.com,"{""role"": ""user"", ""level"": 3}"
u1569,User 1569,user1569@example.com,"{""role"": ""user"", ""level"": 4}"
u1570,User 1570,user1570@example.com,"{""role"": ""user"", ""level"": 0}"
u1571,User 1571,user1571@example.com,"{""role"": ""user"", ""level"": 1}"
u1572,User 1572,user1572@example.com,"{""role"": ""user"", ""level"": 2}"
u1573,User 1573,user1573@example.com,"{""role"": ""user"", ""level"": 3}"
u1574,User 1574,user1574@example.com,"{""role"": ""user"", ""level"": 4}"
u1575,User 1575,user1575@example.com,"{""role"": ""user"", ""level"": 0}"
u1576,User 1576,user1576@example.com,"{""role"": ""user"", ""level"": 1}"
u1577,User 1577,user1577@example.com,"{""role"": ""user"", ""level"": 2}"
u1578,User 1578,user1578@example.com,"{""role"": ""user"", ""level"": 3}"
u1579,User 1579,user1579@example.com,"{""role"": ""user"", ""level"": 4}"
u1580,User 1580,user1580@example.com,"{""role"": ""user"", ""level"": 0}"
u1581,User 1581,user1581@example.com,"{""role"": ""user"", ""level"": 1}"
u1582,User 1582,user1582@example.com,"{""role"": ""user"", ""level"": 2}"
u1583,User 1583,user1583@example.com,"{""role"": ""user"", ""level"": 3}"
u1584,User 1584,user1584@example.com,"{""role"": ""user"", ""level"": 4}"
u1585,User 1585,user1585@example.com,"{""role"": ""user"", ""level"": 0}"
u1586,User 1586,user1586@example.com,"{""role"": ""user"", ""level"": 1}"
u1587,User 1587,user1587@example.com,"{""role"": ""user"", ""level"": 2}"
u1588,User 1588,user1588@example.com,"{""role"": ""user"", ""level"": 3}"
u1589,User 1589,user1589@example.com,"{""role"": ""user"", ""level"": 4}"
u1590,User 1590,user1590@example.com,"{""role"": ""user"", ""level"": 0}"
u1591,User 1591,user1591@example.com,"{""role"": ""user"", ""level"": 1}"
u1592,User 1592,user1592@example.com,"{""role"": ""user"", ""level"": 2}"
u1593,User 1593,user1593@example.com,"{""role"": ""user"", ""level"": 3}"
u1594,User 1594,user1594@example.com,"{""role"": ""user"", ""level"": 4}"
u1595,User 1595,user1595@example.com,"{""role"": ""user"", ""level"": 0}"
u1596,User 1596,user1596@example.com,"{""role"": ""user"", ""level"": 1}"
u1597,User 1597,user1597@example.com,"{""role"": ""user"", ""level"": 2}"
u1598,User 1598,user1598@example.com,"{""role"": ""user"", ""level"": 3}"
u1599,User 1599,user1599@example.com,"{""role"": ""user"", ""level"": 4}"
u1600,User 1600,user1600@example.com,"{""role"": ""user"", ""level"": 0}"
u1601,User 1601,user1601@example.com,"{""role"": ""user"", ""level"": 1}"
u1602,User 1602,user1602@example.com,"{""role"": ""user"", ""level"": 2}"
u1603,User 1603,user1603@example.com,"{""role"": ""user"", ""level"": 3}"
u1604,User 1604,user1604@example.com,"{""role"": ""user"", ""level"": 4}"
u1605,User 1605,user1605@example.com,"{""role"": ""user"", ""level"": 0}"
u1606,User 1606,user1606@example.com,"{""role"": ""user"", ""level"": 1}"
u1607,User 1607,user1607@example.com,"{""role"": ""user"", ""level"": 2}"
u1608,User 1608,user1608@example.com,"{""role"": ""user"", ""level"": 3}"
u1609,User 1609,user1609@example.com,"{""role"": ""user"", ""level"": 4}"
u1610,User 1610,user1610@example.com,"{""role"": ""user"", ""level"": 0}"
u1611,User 1611,user1611@example.com,"{""role"": ""user"", ""level"": 1}"
u1612,User 1612,user1612@example.com,"{""role"": ""user"", ""level"": 2}"
u1613,User 1613,user1613@example.com,"{""role"": ""user"", ""level"": 3}"
u1614,User 1614,user1614@example.com,"{""role"": ""user"", ""level"": 4}"
u1615,User 1615,user1615@example.com,"{""role"": ""user"", ""level"": 0}"
u1616,User 1616,user1616@example.com,"{""role"": ""user"", ""level"": 1}"
u1617,User 1617,user1617@example.com,"{""role"": ""user"", ""level"": 2}"
u1618,User 1618,user1618@example.com,"{""role"": ""user"", ""level"": 3}"
u1619,User 1619,user1619@example.com,"{""role"": ""user"", ""level"": 4}"
u1620,User 1620,user1620@example.com,"{""role"": ""user"", ""level"": 0}"
u1621,User 1621,user1621@example.com,"{""role"": ""user"", ""level"": 1}"
u1622,User 1622,user1622@example.com,"{""role"": ""user"", ""level"": 2}"
u1623,User 1623,user1623@example.com,"{""role"": ""user"", ""level"": 3}"
u1624,User 1624,user1624@example.com,"{""role"": ""user"", ""level"": 4}"
u1625,User 1625,user1625@example.com,"{""role"": ""user"", ""level"": 0}"
u1626,User 1626,user1626@example.com,"{""role"": ""user"", ""level"": 1}"
u1627,User 1627,user1627@example.com,"{""role"": ""user"", ""level"": 2}"
u1628,User 1628,user1628@example.com,"{""role"": ""user"", ""level"": 3}"
u1629,User 1629,user1629@example.com,"{""role"": ""user"", ""level"": 4}"
u1630,User 1630,user1630@example.com,"{""role"": ""user"", ""level"": 0}"
u1631,User 1631,user1631@example.com,"{""role"": ""user"", ""level"": 1}"
u1632,User 1632,user1632@example.com,"{""role"": ""user"", ""level"": 2}"
u1633,User 1633,user1633@example.com,"{""role"": ""user"", ""level"": 3}"
u1634,User 1634,user1634@example.com,"{""role"": ""user"", ""level"": 4}"
u1635,User 1635,user1635@example.com,"{""role"": ""user"", ""level"": 0}"
u1636,User 1636,user1636@example.com,"{""role"": ""user"", ""level"": 1}"
u1637,User 1637,user1637@example.com,"{""role"": ""user"", ""level"": 2}"
u1638,User 1638,user1638@example.com,"{""role"": ""user"", ""level"": 3}"
u1639,User 1639,user1639@example.com,"{""role"": ""user"", ""level"": 4}"
u1640,User 1640,user1640@example.com,"{""role"": ""user"", ""level"": 0}"
u1641,User 1641,user1641@example.com,"{""role"": ""user"", ""level"": 1}"
u1642,User 1642,user1642@example.com,"{""role"": ""user"", ""level"": 2}"
u1643,User 1643,user1643@example.com,"{""role"": ""user"", ""level"": 3}"
u1644,User 1644,user1644@example.com,"{""role"": ""user"", ""level"": 4}"
u1645,User 1645,user1645@example.com,"{""role"": ""user"", ""level"": 0}"
u1646,User 1646,user1646@example.com,"{""role"": ""user"", ""level"": 1}"
u1647,User 1647,user1647@example.com,"{""role"": ""user"", ""level"": 2}"
u1648,User 1648,user1648@example.com,"{""role"": ""user"", ""level"": 3}"
u1649,User 1649,user1649@example.com,"{""role"": ""user"", ""level"": 4}"
u1650,User 1650,user1650@example.com,"{""role"": ""user"", ""level"": 0}"
u1651,User 1651,user1651@example.com,"{""role"": ""user"", ""level"": 1}"
u1652,User 1652,user1652@example.com,"{""role"": ""user"", ""level"": 2}"
u1653,User 1653,user1653@example.com,"{""role"": ""user"", ""level"": 3}"
u1654,User 1654,user1654@example.com,"{""role"": ""user"", ""level"": 4}"
u1655,User 1655,user1655@example.com,"{""role"": ""user"", ""level"": 0}"
u1656,User 1656,user1656@example.com,"{""role"": ""user"", ""level"": 1}"
u1657,User 1657,user1657@example.com,"{""role"": ""user"", ""level"": 2}"
u1658,User 1658,user1658@example.com,"{""role"": ""user"", ""level"": 3}"
u1659,User 1659,user1659@example.com,"{""role"": ""user"", ""level"": 4}"
u1660,User 1660,user1660@example.com,"{""role"": ""user"", ""level"": 0}"
u1661,User 1661,user1661@example.com,"{""role"": ""user"", ""level"": 1}"
u1662,User 1662,user1662@example.com,"{""role"": ""user"", ""level"": 2}"
u1663,User 1663,user1663@example.com,"{""role"": ""user"", ""level"": 3}"
u1664,User 1664,user1664@example.com,"{""role"": ""user"", ""level"": 4}"
u1665,User 1665,user1665@example.com,"{""role"": ""user"", ""level"": 0}"
u1666,User 1666,user1666@example.com,"{""role"": ""user"", ""level"": 1}"
u1667,User 1667,user1667@example.com,"{""role"": ""user"", ""level"": 2}"
u1668,User 1668,user1668@example.com,"{""role"": ""user"", ""level"": 3}"
u1669,User 1669,user1669@example.com,"{""role"": ""user"", ""level"": 4}"
u1670,User 1670,user1670@example.com,"{""role"": ""user"", ""level"": 0}"
u1671,User 1671,user1671@example.com,"{""role"": ""user"", ""level"": 1}"
u1672,User 1672,user1672@example.com,"{""role"": ""user"", ""level"": 2}"
u1673,User 1673,user1673@example.com,"{""role"": ""user"", ""level"": 3}"
u1674,User 1674,user1674@example.com,"{""role"": ""user"", ""level"": 4}"
u1675,User 1675,user1675@example.com,"{""role"": ""user"", ""level"": 0}"
u1676,User 1676,user1676@example.com,"{""role"": ""user"", ""level"": 1}"
u1677,User 1677,user1677@example.com,"{""role"": ""user"", ""level"": 2}"
u1678,User 1678,user1678@example.com,"{""role"": ""user"", ""level"": 3}"
u1679,User 1679,user1679@example.com,"{""role"": ""user"", ""level"": 4}"
u1680,User 1680,user1680@example.com,"{""role"": ""user"", ""level"": 0}"
u1681,User 1681,user1681@example.com,"{""role"": ""user"", ""level"": 1}"
u1682,User 1682,user1682@example.com,"{""role"": ""user"", ""level"": 2}"
u1683,User 1683,user1683@example.com,"{""role"": ""user"", ""level"": 3}"
u1684,User 1684,user1684@example.com,"{""role"": ""user"", ""level"": 4}"
u1685,User 1685,user1685@example.com,"{""role"": ""user"", ""level"": 0}"
u1686,User 1686,user1686@example.com,"{""role"": ""user"", ""level"": 1}"
u1687,User 1687,user1687@example.com,"{""role"": ""user"", ""level"": 2}"
u1688,User 1688,user1688@example.com,"{""role"": ""user"", ""level"": 3}"
u1689,User 1689,user1689@example.com,"{""role"": ""user"", ""level"": 4}"
u1690,User 1690,user1690@example.com,"{""role"": ""user"", ""level"": 0}"
u1691,User 1691,user1691@example.com,"{""role"": ""user"", ""level"": 1}"
u1692,User 1692,user1692@example.com,"{""role"": ""user"", ""level"": 2}"
u1693,User 1693,user1693@example.com,"{""role"": ""user"", ""level"": 3}"
u1694,User 1694,user1694@example.com,"{""role"": ""user"", ""level"": 4}"
u1695,User 1695,user1695@example.com,"{""role"": ""user"", ""level"": 0}"
u1696,User 1696,user1696@example.com,"{""role"": ""user"", ""level"": 1}"
u1697,User 1697,user1697@example.com,"{""role"": ""user"", ""level"": 2}"
u1698,User 1698,user1698@example.com,"{""role"": ""user"", ""level"": 3}"
u1699,User 1699,user1699@example.com,"{""role"": ""user"", ""level"": 4}"
u1700,User 1700,user1700@example.com,"{""role"": ""user"", ""level"": 0}"
u1701,User 1701,user1701@example.com,"{""role"": ""user"", ""level"": 1}"
u1702,User 1702,user1702@example.com,"{""role"": ""user"", ""level"": 2}"
u1703,User 1703,user1703@example.com,"{""role"": ""user"", ""level"": 3}"
u1704,User 1704,user1704@example.com,"{""role"": ""user"", ""level"": 4}"
u1705,User 1705,user1705@example.com,"{""role"": ""user"", ""level"": 0}"
u1706,User 1706,user1706@example.com,"{""role"": ""user"", ""level"": 1}"
u1707,User 1707,user1707@example.com,"{""role"": ""user"", ""level"": 2}"
u1708,User 1708,user1708@example.com,"{""role"": ""user"", ""level"": 3}"
u1709,User 1709,user1709@example.com,"{""role"": ""user"", ""level"": 4}"
u1710,User 1710,user1710@example.com,"{""role"": ""user"", ""level"": 0}"
u1711,User 1711,user1711@example.com,"{""role"": ""user"", ""level"": 1}"
u1712,User 1712,user1712@example.com,"{""role"": ""user"", ""level"": 2}"
u1713,User 1713,user1713@example.com,"{""role"": ""user"", ""level"": 3}"
u1714,User 1714,user1714@example.com,"{""role"": ""user"", ""level"": 4}"
u1715,User 1715,user1715@example.com,"{""role"": ""user"", ""level"": 0}"
u1716,User 1716,user1716@example.com,"{""role"": ""user"", ""level"": 1}"
u1717,User 1717,user1717@example.com,"{""role"": ""user"", ""level"": 2}"
u1718,User 1718,user1718@example.com,"{""role"": ""user"", ""level"": 3}"
u1719,User 1719,user1719@example.com,"{""role"": ""user"", ""level"": 4}"
u1720,User 1720,user1720@example.com,"{""role"": ""user"", ""level"": 0}"
u1721,User 1721,user1721@example.com,"{""role"": ""user"", ""level"": 1}"
u1722,User 1722,user1722@example.com,"{""role"": ""user"", ""level"": 2}"
u1723,User 1723,user1723@example.com,"{""role"": ""user"", ""level"": 3}"
u1724,User 1724,user1724@example.com,"{""role"": ""user"", ""level"": 4}"
u1725,User 1725,user1725@example.com,"{""role"": ""user"", ""level"": 0}"
u1726,User 1726,user1726@example.com,"{""role"": ""user"", ""level"": 1}"
u1727,User 1727,user1727@example.com,"{""role"": ""user"", ""level"": 2}"
u1728,User 1728,user1728@example.com,"{""role"": ""user"", ""level"": 3}"
u1729,User 1729,user1729@example.com,"{""role"": ""user"", ""level"": 4}"
u1730,User 1730,user1730@example.com,"{""role"": ""user"", ""level"": 0}"
u1731,User 1731,user1731@example.com,"{""role"": ""user"", ""level"": 1}"
u1732,User 1732,user1732@example.com,"{""role"": ""user"", ""level"": 2}"
u1733,User 1733,user1733@example.com,"{""role"": ""user"", ""level"": 3}"
u1734,User 1734,user1734@example.com,"{""role"": ""user"", ""level"": 4}"
u1735,User 1735,user1735@example.com,"{""role"": ""user"", ""level"": 0}"
u1736,User 1736,user1736@example.com,"{""role"": ""user"", ""level"": 1}"
u1737,User 1737,user1737@example.com,"{""role"": ""user"", ""level"": 2}"
u1738,User 1738,user1738@example.com,"{""role"": ""user"", ""level"": 3}"
u1739,User 1739,user1739@example.com,"{""role"": ""user"", ""level"": 4}"
u1740,User 1740,user1740@example.com,"{""role"": ""user"", ""level"": 0}"
u1741,User 1741,user1741@example.com,"{""role"": ""user"", ""level"": 1}"
u1742,User 1742,user1742@example.com,"{""role"": ""user"", ""level"": 2}"
u1743,User 1743,user1743@example.com,"{""role"": ""user"", ""level"": 3}"
u1744,User 1744,user1744@example.com,"{""role"": ""user"", ""level"": 4}"
u1745,User 1745,user1745@example.com,"{""role"": ""user"", ""level"": 0}"
u1746,User 1746,user1746@example.com,"{""role"": ""user"", ""level"": 1}"
u1747,User 1747,user1747@example.com,"{""role"": ""user"", ""level"": 2}"
u1748,User 1748,user1748@example.com,"{""role"": ""user"", ""level"": 3}"
u1749,User 1749,user1749@example.com,"{""role"": ""user"", ""level"": 4}"
u1750,User 1750,user1750@example.com,"{""role"": ""user"", ""level"": 0}"
u1751,User 1751,user1751@example.com,"{""role"": ""user"", ""level"": 1}"
u1752,User 1752,user1752@example.com,"{""role"": ""user"", ""level"": 2}"
u1753,User 1753,user1753@example.com,"{""role"": ""user"", ""level"": 3}"
u1754,User 1754,user1754@example.com,"{""role"": ""user"", ""level"": 4}"
u1755,User 1755,user1755@example.com,"{""role"": ""user"", ""level"": 0}"
u1756,User 1756,user1756@example.com,"{""role"": ""user"", ""level"": 1}"
u1757,User 1757,user1757@example.com,"{""role"": ""user"", ""level"": 2}"
u1758,User 1758,user1758@example.com,"{""role"": ""user"", ""level"": 3}"
u1759,User 1759,user1759@example.com,"{""role"": ""user"", ""level"": 4}"
u1760,User 1760,user1760@example.com,"{""role"": ""user"", ""level"": 0}"
u1761,User 1761,user1761@example.com,"{""role"": ""user"", ""level"": 1}"
u1762,User 1762,user1762@example.com,"{""role"": ""user"", ""level"": 2}"
u1763,User 1763,user1763@example.com,"{""role"": ""user"", ""level"": 3}"
u1764,User 1764,user1764@example.com,"{""role"": ""user"", ""level"": 4}"
u1765,User 1765,user1765@example.com,"{""role"": ""user"", ""level"": 0}"
u1766,User 1766,user1766@example.com,"{""role"": ""user"", ""level"": 1}"
u1767,User 1767,user1767@example.com,"{""role"": ""user"", ""level"": 2}"
u1768,User 1768,user1768@example.com,"{""role"": ""user"", ""level"": 3}"
u1769,User 1769,user1769@example.com,"{""role"": ""user"", ""level"": 4}"
u1770,User 1770,user1770@example.com,"{""role"": ""user"", ""level"": 0}"
u1771,User 1771,user1771@example.com,"{""role"": ""user"", ""level"": 1}"
u1772,User 1772,user1772@example.com,"{""role"": ""user"", ""level"": 2}"
u1773,User 1773,user1773@example.com,"{""role"": ""user"", ""level"": 3}"
u1774,User 1774,user1774@example.com,"{""role"": ""user"", ""level"": 4}"
u1775,User 1775,user1775@example.com,"{""role"": ""user"", ""level"": 0}"
u1776,User 1776,user1776@example.com,"{""role"": ""user"", ""level"": 1}"
u1777,User 1777,user1777@example.com,"{""role"": ""user"", ""level"": 2}"
u1778,User 1778,user1778@example.com,"{""role"": ""user"", ""level"": 3}"
u1779,User 1779,user1779@example.com,"{""role"": ""user"", ""level"": 4}"
u1780,User 1780,user1780@example.com,"{""role"": ""user"", ""level"": 0}"
u1781,User 1781,user1781@example.com,"{""role"": ""user"", ""level"": 1}"
u1782,User 1782,user1782@example.com,"{""role"": ""user"", ""level"": 2}"
u1783,User 1783,user1783@example.com,"{""role"": ""user"", ""level"": 3}"
u1784,User 1784,user1784@example.com,"{""role"": ""user"", ""level"": 4}"
u1785,User 1785,user1785@example.com,"{""role"": ""user"", ""level"": 0}"
u1786,User 1786,user1786@example.com,"{""role"": ""user"", ""level"": 1}"
u1787,User 1787,user1787@example.com,"{""role"": ""user"", ""level"": 2}"
u1788,User 1788,user1788@example.com,"{""role"": ""user"", ""level"": 3}"
u1789,User 1789,user1789@example.com,"{""role"": ""user"", ""level"": 4}"
u1790,User 1790,user1790@example.com,"{""role"": ""user"", ""level"": 0}"
u1791,User 1791,user1791@example.com,"{""role"": ""user"", ""level"": 1}"
u1792,User 1792,user1792@example.com,"{""role"": ""user"", ""level"": 2}"
u1793,User 1793,user1793@example.com,"{""role"": ""user"", ""level"": 3}"
u1794,User 1794,user1794@example.com,"{""role"": ""user"", ""level"": 4}"
u1795,User 1795,user1795@example.com,"{""role"": ""user"", ""level"": 0}"
u1796,User 1796,user1796@example.com,"{""role"": ""user"", ""level"": 1}"
u1797,User 1797,user1797@example.com,"{""role"": ""user"", ""level"": 2}"
u1798,User 1798,user1798@example.com,"{""role"": ""user"", ""level"": 3}"
u1799,User 1799,user1799@example.com,"{""role"": ""user"", ""level"": 4}"
u1800,User 1800,user1800@example.com,"{""role"": ""user"", ""level"": 0}"
u1801,User 1801,user1801@example.com,"{""role"": ""user"", ""level"": 1}"
u1802,User 1802,user1802@example.com,"{""role"": ""user"", ""level"": 2}"
u1803,User 1803,user1803@example.com,"{""role"": ""user"", ""level"": 3}"
u1804,User 1804,user1804@example.com,"{""role"": ""user"", ""level"": 4}"
u1805,User 1805,user1805@example.com,"{""role"": ""user"", ""level"": 0}"
u1806,User 1806,user1806@example.com,"{""role"": ""user"", ""level"": 1}"
u1807,User 1807,user1807@example.com,"{""role"": ""user"", ""level"": 2}"
u1808,User 1808,user1808@example.com,"{""role"": ""user"", ""level"": 3}"
u1809,User 1809,user1809@example.com,"{""role"": ""user"", ""level"": 4}"
u1810,User 1810,user1810@example.com,"{""role"": ""user"", ""level"": 0}"
u1811,User 1811,user1811@example.com,"{""role"": ""user"", ""level"": 1}"
u1812,User 1812,user1812@example.com,"{""role"": ""user"", ""level"": 2}"
u1813,User 1813,user1813@example.com,"{""role"": ""user"", ""level"": 3}"
u1814,User 1814,user1814@example.com,"{""role"": ""user"", ""level"": 4}"
u1815,User 1815,user1815@example.com,"{""role"": ""user"", ""level"": 0}"
u1816,User 1816,user1816@example.com,"{""role"": ""user"", ""level"": 1}"
u1817,User 1817,user1817@example.com,"{""role"": ""user"", ""level"": 2}"
u1818,User 1818,user1818@example.com,"{""role"": ""user"", ""level"": 3}"
u1819,User 1819,user1819@example.com,"{""role"": ""user"", ""level"": 4}"
u1820,User 1820,user1820@example.com,"{""role"": ""user"", ""level"": 0}"
u1821,User 1821,user1821@example.com,"{""role"": ""user"", ""level"": 1}"
u1822,User 1822,user1822@example.com,"{""role"": ""user"", ""level"": 2}"
u1823,User 1823,user1823@example.com,"{""role"": ""user"", ""level"": 3}"
u1824,User 1824,user1824@example.com,"{""role"": ""user"", ""level"": 4}"
u1825,User 1825,user1825@example.com,"{""role"": ""user"", ""level"": 0}"
u1826,User 1826,user1826@example.com,"{""role"": ""user"", ""level"": 1}"
u1827,User 1827,user1827@example.com,"{""role"": ""user"", ""level"": 2}"
u1828,User 1828,user1828@example.com,"{""role"": ""user"", ""level"": 3}"
u1829,User 1829,user1829@example.com,"{""role"": ""user"", ""level"": 4}"
u1830,User 1830,user1830@example.com,"{""role"": ""user"", ""level"": 0}"
u1831,User 1831,user1831@example.com,"{""role"": ""user"", ""level"": 1}"
u1832,User 1832,user1832@example.com,"{""role"": ""user"", ""level"": 2}"
u1833,User 1833,user1833@example.com,"{""role"": ""user"", ""level"": 3}"
u1834,User 1834,user1834@example.com,"{""role"": ""user"", ""level"": 4}"
u1835,User 1835,user1835@example.com,"{""role"": ""user"", ""level"": 0}"
u1836,User 1836,user1836@example.com,"{""role"": ""user"", ""level"": 1}"
u1837,User 1837,user1837@example.com,"{""role"": ""user"", ""level"": 2}"
u1838,User 1838,user1838@example.com,"{""role"": ""user"", ""level"": 3}"
u1839,User 1839,user1839@example.com,"{""role"": ""user"", ""level"": 4}"
u1840,User 1840,user1840@example.com,"{""role"": ""user"", ""level"": 0}"
u1841,User 1841,user1841@example.com,"{""role"": ""user"", ""level"": 1}"
u1842,User 1842,user1842@example.com,"{""role"": ""user"", ""level"": 2}"
u1843,User 1843,user1843@example.com,"{""role"": ""user"", ""level"": 3}"
u1844,User 1844,user1844@example.com,"{""role"": ""user"", ""level"": 4}"
u1845,User 1845,user1845@example.com,"{""role"": ""user"", ""level"": 0}"
u1846,User 1846,user1846@example.com,"{""role"": ""user"", ""level"": 1}"
u1847,User 1847,user1847@example.com,"{""role"": ""user"", ""level"": 2}"
u1848,User 1848,user1848@example.com,"{""role"": ""user"", ""level"": 3}"
u1849,User 1849,user1849@example.com,"{""role"": ""user"", ""level"": 4}"
u1850,User 1850,user1850@example.com,"{""role"": ""user"", ""level"": 0}"
u1851,User 1851,user1851@example.com,"{""role"": ""user"", ""level"": 1}"
u1852,User 1852,user1852@example.com,"{""role"": ""user"", ""level"": 2}"
u1853,User 1853,user1853@example.com,"{""role"": ""user"", ""level"": 3}"
u1854,User 1854,user1854@example.com,"{""role"": ""user"", ""level"": 4}"
u1855,User 1855,user1855@example.com,"{""role"": ""user"", ""level"": 0}"
u1856,User 1856,user1856@example.com,"{""role"": ""user"", ""level"": 1}"
u1857,User 1857,user1857@example.com,"{""role"": ""user"", ""level"": 2}"
u1858,User 1858,user1858@example.com,"{""role"": ""user"", ""level"": 3}"
u1859,User 1859,user1859@example.com,"{""role"": ""user"", ""level"": 4}"
u1860,User 1860,user1860@example.com,"{""role"": ""user"", ""level"": 0}"
u1861,User 1861,user1861@example.com,"{""role"": ""user"", ""level"": 1}"
u1862,User 1862,user1862@example.com,"{""role"": ""user"", ""level"": 2}"
u1863,User 1863,user1863@example.com,"{""role"": ""user"", ""level"": 3}"
u1864,User 1864,user1864@example.com,"{""role"": ""user"", ""level"": 4}"
u1865,User 1865,user1865@example.com,"{""role"": ""user"", ""level"": 0}"
u1866,User 1866,user1866@example.com,"{""role"": ""user"", ""level"": 1}"
u1867,User 1867,user1867@example.com,"{""role"": ""user"", ""level"": 2}"
u1868,User 1868,user1868@example.com,"{""role"": ""user"", ""level"": 3}"
u1869,User 1869,user1869@example.com,"{""role"": ""user"", ""level"": 4}"
u1870,User 1870,user1870@example.com,"{""role"": ""user"", ""level"": 0}"
u1871,User 1871,user1871@example.com,"{""role"": ""user"", ""level"": 1}"
u1872,User 1872,user1872@example.com,"{""role"": ""user"", ""level"": 2}"
u1873,User 1873,user1873@example.com,"{""role"": ""user"", ""level"": 3}"
u1874,User 1874,user1874@example.com,"{""role"": ""user"", ""level"": 4}"
u1875,User 1875,user1875@example.com,"{""role"": ""user"", ""level"": 0}"
u1876,User 1876,user1876@example.com,"{""role"": ""user"", ""level"": 1}"
u1877,User 1877,user1877@example.com,"{""role"": ""user"", ""level"": 2}"
u1878,User 1878,user1878@example.com,"{""role"": ""user"", ""level"": 3}"
u1879,User 1879,user1879@example.com,"{""role"": ""user"", ""level"": 4}"
u1880,User 1880,user1880@example.com,"{""role"": ""user"", ""level"": 0}"
u1881,User 1881,user1881@example.com,"{""role"": ""user"", ""level"": 1}"
u1882,User 1882,user1882@example.com,"{""role"": ""user"", ""level"": 2}"
u1883,User 1883,user1883@example.com,"{""role"": ""user"", ""level"": 3}"
u1884,User 1884,user1884@example.com,"{""role"": ""user"", ""level"": 4}"
u1885,User 1885,user1885@example.com,"{""role"": ""user"", ""level"": 0}"
u1886,User 1886,user1886@example.com,"{""role"": ""user"", ""level"": 1}"
u1887,User 1887,user1887@example.com,"{""role"": ""user"", ""level"": 2}"
u1888,User 1888,user1888@example.com,"{""role"": ""user"", ""level"": 3}"
u1889,User 1889,user1889@example.com,"{""role"": ""user"", ""level"": 4}"
u1890,User 1890,user1890@example.com,"{""role"": ""user"", ""level"": 0}"
u1891,User 1891,user1891@example.com,"{""role"": ""user"", ""level"": 1}"
u1892,User 1892,user1892@example.com,"{""role"": ""user"", ""level"": 2}"
u1893,User 1893,user1893@example.com,"{""role"": ""user"", ""level"": 3}"
u1894,User 1894,user1894@example.com,"{""role"": ""user"", ""level"": 4}"
u1895,User 1895,user1895@example.com,"{""role"": ""user"", ""level"": 0}"
u1896,User 1896,user1896@example.com,"{""role"": ""user"", ""level"": 1}"
u1897,User 1897,user1897@example.com,"{""role"": ""user"", ""level"": 2}"
u1898,User 1898,user1898@example.com,"{""role"": ""user"", ""level"": 3}"
u1899,User 1899,user1899@example.com,"{""role"": ""user"", ""level"": 4}"
u1900,User 1900,user1900@example.com,"{""role"": ""user"", ""level"": 0}"
u1901,User 1901,user1901@example.com,"{""role"": ""user"", ""level"": 1}"
u1902,User 1902,user1902@example.com,"{""role"": ""user"", ""level"": 2}"
u1903,User 1903,user1903@example.com,"{""role"": ""user"", ""level"": 3}"
u1904,User 1904,user1904@example.com,"{""role"": ""user"", ""level"": 4}"
u1905,User 1905,user1905@example.com,"{""role"": ""user"", ""level"": 0}"
u1906,User 1906,user1906@example.com,"{""role"": ""user"", ""level"": 1}"
u1907,User 1907,user1907@example.com,"{""role"": ""user"", ""level"": 2}"
u1908,User 1908,user1908@example.com,"{""role"": ""user"", ""level"": 3}"
u1909,User 1909,user1909@example.com,"{""role"": ""user"", ""level"": 4}"
u1910,User 1910,user1910@example.com,"{""role"": ""user"", ""level"": 0}"
u1911,User 1911,user1911@example.com,"{""role"": ""user"", ""level"": 1}"
u1912,User 1912,user1912@example.com,"{""role"": ""user"", ""level"": 2}"
u1913,User 1913,user1913@example.com,"{""role"": ""user"", ""level"": 3}"
u1914,User 1914,user1914@example.com,"{""role"": ""user"", ""level"": 4}"
u1915,User 1915,user1915@example.com,"{""role"": ""user"", ""level"": 0}"
u1916,User 1916,user1916@example.com,"{""role"": ""user"", ""level"": 1}"
u1917,User 1917,user1917@example.com,"{""role"": ""user"", ""level"": 2}"
u1918,User 1918,user1918@example.com,"{""role"": ""user"", ""level"": 3}"
u1919,User 1919,user1919@example.com,"{""role"": ""user"", ""level"": 4}"
u1920,User 1920,user1920@example.com,"{""role"": ""user"", ""level"": 0}"
u1921,User 1921,user1921@example.com,"{""role"": ""user"", ""level"": 1}"
u1922,User 1922,user1922@example.com,"{""role"": ""user"", ""level"": 2}"
u1923,User 1923,user1923@example.com,"{""role"": ""user"", ""level"": 3}"
u1924,User 1924,user1924@example.com,"{""role"": ""user"", ""level"": 4}"
u1925,User 1925,user1925@example.com,"{""role"": ""user"", ""level"": 0}"
u1926,User 1926,user1926@example.com,"{""role"": ""user"", ""level"": 1}"
u1927,User 1927,user1927@example.com,"{""role"": ""user"", ""level"": 2}"
u1928,User 1928,user1928@example.com,"{""role"": ""user"", ""level"": 3}"
u1929,User 1929,user1929@example.com,"{""role"": ""user"", ""level"": 4}"
u1930,User 1930,user1930@example.com,"{""role"": ""user"", ""level"": 0}"
u1931,User 1931,user1931@example.com,"{""role"": ""user"", ""level"": 1}"
u1932,User 1932,user1932@example.com,"{""role"": ""user"", ""level"": 2}"
u1933,User 1933,user1933@example.com,"{""role"": ""user"", ""level"": 3}"
u1934,User 1934,user1934@example.com,"{""role"": ""user"", ""level"": 4}"
u1935,User 1935,user1935@example.com,"{""role"": ""user"", ""level"": 0}"
u1936,User 1936,user1936@example.com,"{""role"": ""user"", ""level"": 1}"
u1937,User 1937,user1937@example.com,"{""role"": ""user"", ""level"": 2}"
u1938,User 1938,user1938@example.com,"{""role"": ""user"", ""level"": 3}"
u1939,User 1939,user1939@example.com,"{""role"": ""user"", ""level"": 4}"
u1940,User 1940,user1940@example.com,"{""role"": ""user"", ""level"": 0}"
u1941,User 1941,user1941@example.com,"{""role"": ""user"", ""level"": 1}"
u1942,User 1942,user1942@example.com,"{""role"": ""user"", ""level"": 2}"
u1943,User 1943,user1943@example.com,"{""role"": ""user"", ""level"": 3}"
u1944,User 1944,user1944@example.com,"{""role"": ""user"", ""level"": 4}"
u1945,User 1945,user1945@example.com,"{""role"": ""user"", ""level"": 0}"
u1946,User 1946,user1946@example.com,"{""role"": ""user"", ""level"": 1}"
u1947,User 1947,user1947@example.com,"{""role"": ""user"", ""level"": 2}"
u1948,User 1948,user1948@example.com,"{""role"": ""user"", ""level"": 3}"
u1949,User 1949,user1949@example.com,"{""role"": ""user"", ""level"": 4}"
u1950,User 1950,user1950@example.com,"{""role"": ""user"", ""level"": 0}"
u1951,User 1951,user1951@example.com,"{""role"": ""user"", ""level"": 1}"
u1952,User 1952,user1952@example.com,"{""role"": ""user"", ""level"": 2}"
u1953,User 1953,user1953@example.com,"{""role"": ""user"", ""level"": 3}"
u1954,User 1954,user1954@example.com,"{""role"": ""user"", ""level"": 4}"
u1955,User 1955,user1955@example.com,"{""role"": ""user"", ""level"": 0}"
u1956,User 1956,user1956@example.com,"{""role"": ""user"", ""level"": 1}"
u1957,User 1957,user1957@example.com,"{""role"": ""user"", ""level"": 2}"
u1958,User 1958,user1958@example.com,"{""role"": ""user"", ""level"": 3}"
u1959,User 1959,user1959@example.com,"{""role"": ""user"", ""level"": 4}"
u1960,User 1960,user1960@example.com,"{""role"": ""user"", ""level"": 0}"
u1961,User 1961,user1961@example.com,"{""role"": ""user"", ""level"": 1}"
u1962,User 1962,user1962@example.com,"{""role"": ""user"", ""level"": 2}"
u1963,User 1963,user1963@example.com,"{""role"": ""user"", ""level"": 3}"
u1964,User 1964,user1964@example.com,"{""role"": ""user"", ""level"": 4}"
u1965,User 1965,user1965@example.com,"{""role"": ""user"", ""level"": 0}"
u1966,User 1966,user1966@example.com,"{""role"": ""user"", ""level"": 1}"
u1967,User 1967,user1967@example.com,"{""role"": ""user"", ""level"": 2}"
u1968,User 1968,user1968@example.com,"{""role"": ""user"", ""level"": 3}"
u1969,User 1969,user1969@example.com,"{""role"": ""user"", ""level"": 4}"
u1970,User 1970,user1970@example.com,"{""role"": ""user"", ""level"": 0}"
u1971,User 1971,user1971@example.com,"{""role"": ""user"", ""level"": 1}"
u1972,User 1972,user1972@example.com,"{""role"": ""user"", ""level"": 2}"
u1973,User 1973,user1973@example.com,"{""role"": ""user"", ""level"": 3}"
u1974,User 1974,user1974@example.com,"{""role"": ""user"", ""level"": 4}"
u1975,User 1975,user1975@example.com,"{""role"": ""user"", ""level"": 0}"
u1976,User 1976,user1976@example.com,"{""role"": ""user"", ""level"": 1}"
u1977,User 1977,user1977@example.com,"{""role"": ""user"", ""level"": 2}"
u1978,User 1978,user1978@example.com,"{""role"": ""user"", ""level"": 3}"
u1979,User 1979,user1979@example.com,"{""role"": ""user"", ""level"": 4}"
u1980,User 1980,user1980@example.com,"{""role"": ""user"", ""level"": 0}"
u1981,User 1981,user1981@example.com,"{""role"": ""user"", ""level"": 1}"
u1982,User 1982,user1982@example.com,"{""role"": ""user"", ""level"": 2}"
u1983,User 1983,user1983@example.com,"{""role"": ""user"", ""level"": 3}"
u1984,User 1984,user1984@example.com,"{""role"": ""user"", ""level"": 4}"
u1985,User 1985,user1985@example.com,"{""role"": ""user"", ""level"": 0}"
u1986,User 1986,user1986@example.com,"{""role"": ""user"", ""level"": 1}"
u1987,User 1987,user1987@example.com,"{""role"": ""user"", ""level"": 2}"
u1988,User 1988,user1988@example.com,"{""role"": ""user"", ""level"": 3}"
u1989,User 1989,user1989@example.com,"{""role"": ""user"", ""level"": 4}"
u1990,User 1990,user1990@example.com,"{""role"": ""user"", ""level"": 0}"
u1991,User 1991,user1991@example.com,"{""role"": ""user"", ""level"": 1}"
u1992,User 1992,user1992@example.com,"{""role"": ""user"", ""level"": 2}"
u1993,User 1993,user1993@example.com,"{""role"": ""user"", ""level"": 3}"
u1994,User 1994,user1994@example.com,"{""role"": ""user"", ""level"": 4}"
u1995,User 1995,user1995@example.com,"{""role"": ""user"", ""level"": 0}"
u1996,User 1996,user1996@example.com,"{""role"": ""user"", ""level"": 1}"
u1997,User 1997,user1997@example.com,"{""role"": ""user"", ""level"": 2}"
u1998,User 1998,user1998@example.com,"{""role"": ""user"", ""level"": 3}"
u1999,User 1999,user1999@example.com,"{""role"": ""user"", ""level"": 4}"
u2000,User 2000,user2000@example.com,"{""role"": ""user"", ""level"": 0}"
u2001,User 2001,user2001@example.com,"{""role"": ""user"", ""level"": 1}"
u2002,User 2002,user2002@example.com,"{""role"": ""user"", ""level"": 2}"
u2003,User 2003,user2003@example.com,"{""role"": ""user"", ""level"": 3}"
u2004,User 2004,user2004@example.com,"{""role"": ""user"", ""level"": 4}"
u2005,User 2005,user2005@example.com,"{""role"": ""user"", ""level"": 0}"
u2006,User 2006,user2006@example.com,"{""role"": ""user"", ""level"": 1}"
u2007,User 2007,user2007@example.com,"{""role"": ""user"", ""level"": 2}"
u2008,User 2008,user2008@example.com,"{""role"": ""user"", ""level"": 3}"
u2009,User 2009,user2009@example.com,"{""role"": ""user"", ""level"": 4}"
u2010,User 2010,user2010@example.com,"{""role"": ""user"", ""level"": 0}"
u2011,User 2011,user2011@example.com,"{""role"": ""user"", ""level"": 1}"
u2012,User 2012,user2012@example.com,"{""role"": ""user"", ""level"": 2}"
u2013,User 2013,user2013@example.com,"{""role"": ""user"", ""level"": 3}"
u2014,User 2014,user2014@example.com,"{""role"": ""user"", ""level"": 4}"
u2015,User 2015,user2015@example.com,"{""role"": ""user"", ""level"": 0}"
u2016,User 2016,user2016@example.com,"{""role"": ""user"", ""level"": 1}"
u2017,User 2017,user2017@example.com,"{""role"": ""user"", ""level"": 2}"
u2018,User 2018,user2018@example.com,"{""role"": ""user"", ""level"": 3}"
u2019,User 2019,user2019@example.com,"{""role"": ""user"", ""level"": 4}"
u2020,User 2020,user2020@example.com,"{""role"": ""user"", ""level"": 0}"
u2021,User 2021,user2021@example.com,"{""role"": ""user"", ""level"": 1}"
u2022,User 2022,user2022@example.com,"{""role"": ""user"", ""level"": 2}"
u2023,User 2023,user2023@example.com,"{""role"": ""user"", ""level"": 3}"
u2024,User 2024,user2024@example.com,"{""role"": ""user"", ""level"": 4}"
u2025,User 2025,user2025@example.com,"{""role"": ""user"", ""level"": 0}"
u2026,User 2026,user2026@example.com,"{""role"": ""user"", ""level"": 1}"
u2027,User 2027,user2027@example.com,"{""role"": ""user"", ""level"": 2}"
u2028,User 2028,user2028@example.com,"{""role"": ""user"", ""level"": 3}"
u2029,User 2029,user2029@example.com,"{""role"": ""user"", ""level"": 4}"
u2030,User 2030,user2030@example.com,"{""role"": ""user"", ""level"": 0}"
u2031,User 2031,user2031@example.com,"{""role"": ""user"", ""level"": 1}"
u2032,User 2032,user2032@example.com,"{""role"": ""user"", ""level"": 2}"
u2033,User 2033,user2033@example.com,"{""role"": ""user"", ""level"": 3}"
u2034,User 2034,user2034@example.com,"{""role"": ""user"", ""level"": 4}"
u2035,User 2035,user2035@example.com,"{""role"": ""user"", ""level"": 0}"
u2036,User 2036,user2036@example.com,"{""role"": ""user"", ""level"": 1}"
u2037,User 2037,user2037@example.com,"{""role"": ""user"", ""level"": 2}"
u2038,User 2038,user2038@example.com,"{""role"": ""user"", ""level"": 3}"
u2039,User 2039,user2039@example.com,"{""role"": ""user"", ""level"": 4}"
u2040,User 2040,user2040@example.com,"{""role"": ""user"", ""level"": 0}"
u2041,User 2041,user2041@example.com,"{""role"": ""user"", ""level"": 1}"
u2042,User 2042,user2042@example.com,"{""role"": ""user"", ""level"": 2}"
u2043,User 2043,user2043@example.com,"{""role"": ""user"", ""level"": 3}"
u2044,User 2044,user2044@example.com,"{""role"": ""user"", ""level"": 4}"
u2045,User 2045,user2045@example.com,"{""role"": ""user"", ""level"": 0}"
u2046,User 2046,user2046@example.com,"{""role"": ""user"", ""level"": 1}"
u2047,User 2047,user2047@example.com,"{""role"": ""user"", ""level"": 2}"
u2048,User 2048,user2048@example.com,"{""role"": ""user"", ""level"": 3}"
u2049,User 2049,user2049@example.com,"{""role"": ""user"", ""level"": 4}"
u2050,User 2050,user2050@example.com,"{""role"": ""user"", ""level"": 0}"
u2051,User 2051,user2051@example.com,"{""role"": ""user"", ""level"": 1}"
u2052,User 2052,user2052@example.com,"{""role"": ""user"", ""level"": 2}"
u2053,User 2053,user2053@example.com,"{""role"": ""user"", ""level"": 3}"
u2054,User 2054,user2054@example.com,"{""role"": ""user"", ""level"": 4}"
u2055,User 2055,user2055@example.com,"{""role"": ""user"", ""level"": 0}"
u2056,User 2056,user2056@example.com,"{""role"": ""user"", ""level"": 1}"
u2057,User 2057,user2057@example.com,"{""role"": ""user"", ""level"": 2}"
u2058,User 2058,user2058@example.com,"{""role"": ""user"", ""level"": 3}"
u2059,User 2059,user2059@example.com,"{""role"": ""user"", ""level"": 4}"
u2060,User 2060,user2060@example.com,"{""role"": ""user"", ""level"": 0}"
u2061,User 2061,user2061@example.com,"{""role"": ""user"", ""level"": 1}"
u2062,User 2062,user2062@example.com,"{""role"": ""user"", ""level"": 2}"
u2063,User 2063,user2063@example.com,"{""role"": ""user"", ""level"": 3}"
u2064,User 2064,user2064@example.com,"{""role"": ""user"", ""level"": 4}"
u2065,User 2065,user2065@example.com,"{""role"": ""user"", ""level"": 0}"
u2066,User 2066,user2066@example.com,"{""role"": ""user"", ""level"": 1}"
u2067,User 2067,user2067@example.com,"{""role"": ""user"", ""level"": 2}"
u2068,User 2068,user2068@example.com,"{""role"": ""user"", ""level"": 3}"
u2069,User 2069,user2069@example.com,"{""role"": ""user"", ""level"": 4}"
u2070,User 2070,user2070@example.com,"{""role"": ""user"", ""level"": 0}"
u2071,User 2071,user2071@example.com,"{""role"": ""user"", ""level"": 1}"
u2072,User 2072,user2072@example.com,"{""role"": ""user"", ""level"": 2}"
u2073,User 2073,user2073@example.com,"{""role"": ""user"", ""level"": 3}"
u2074,User 2074,user2074@example.com,"{""role"": ""user"", ""level"": 4}"
u2075,User 2075,user2075@example.com,"{""role"": ""user"", ""level"": 0}"
u2076,User 2076,user2076@example.com,"{""role"": ""user"", ""level"": 1}"
u2077,User 2077,user2077@example.com,"{""role"": ""user"", ""level"": 2}"
u2078,User 2078,user2078@example.com,"{""role"": ""user"", ""level"": 3}"
u2079,User 2079,user2079@example.com,"{""role"": ""user"", ""level"": 4}"
u2080,User 2080,user2080@example.com,"{""role"": ""user"", ""level"": 0}"
u2081,User 2081,user2081@example.com,"{""role"": ""user"", ""level"": 1}"
u2082,User 2082,user2082@example.com,"{""role"": ""user"", ""level"": 2}"
u2083,User 2083,user2083@example.com,"{""role"": ""user"", ""level"": 3}"
u2084,User 2084,user2084@example.com,"{""role"": ""user"", ""level"": 4}"
u2085,User 2085,user2085@example.com,"{""role"": ""user"", ""level"": 0}"
u2086,User 2086,user2086@example.com,"{""role"": ""user"", ""level"": 1}"
u2087,User 2087,user2087@example.com,"{""role"": ""user"", ""level"": 2}"
u2088,User 2088,user2088@example.com,"{""role"": ""user"", ""level"": 3}"
u2089,User 2089,user2089@example.com,"{""role"": ""user"", ""level"": 4}"
u2090,User 2090,user2090@example.com,"{""role"": ""user"", ""level"": 0}"
u2091,User 2091,user2091@example.com,"{""role"": ""user"", ""level"": 1}"
u2092,User 2092,user2092@example.com,"{""role"": ""user"", ""level"": 2}"
u2093,User 2093,user2093@example.com,"{""role"": ""user"", ""level"": 3}"
u2094,User 2094,user2094@example.com,"{""role"": ""user"", ""level"": 4}"
u2095,User 2095,user2095@example.com,"{""role"": ""user"", ""level"": 0}"
u2096,User 2096,user2096@example.com,"{""role"": ""user"", ""level"": 1}"
u2097,User 2097,user2097@example.com,"{""role"": ""user"", ""level"": 2}"
u2098,User 2098,user2098@example.com,"{""role"": ""user"", ""level"": 3}"
u2099,User 2099,user2099@example.com,"{""role"": ""user"", ""level"": 4}"
u2100,User 2100,user2100@example.com,"{""role"": ""user"", ""level"": 0}"
u2101,User 2101,user2101@example.com,"{""role"": ""user"", ""level"": 1}"
u2102,User 2102,user2102@example.com,"{""role"": ""user"", ""level"": 2}"
u2103,User 2103,user2103@example.com,"{""role"": ""user"", ""level"": 3}"
u2104,User 2104,user2104@example.com,"{""role"": ""user"", ""level"": 4}"
u2105,User 2105,user2105@example.com,"{""role"": ""user"", ""level"": 0}"
u2106,User 2106,user2106@example.com,"{""role"": ""user"", ""level"": 1}"
u2107,User 2107,user2107@example.com,"{""role"": ""user"", ""level"": 2}"
u2108,User 2108,user2108@example.com,"{""role"": ""user"", ""level"": 3}"
u2109,User 2109,user2109@example.com,"{""role"": ""user"", ""level"": 4}"
u2110,User 2110,user2110@example.com,"{""role"": ""user"", ""level"": 0}"
u2111,User 2111,user2111@example.com,"{""role"": ""user"", ""level"": 1}"
u2112,User 2112,user2112@example.com,"{""role"": ""user"", ""level"": 2}"
u2113,User 2113,user2113@example.com,"{""role"": ""user"", ""level"": 3}"
u2114,User 2114,user2114@example.com,"{""role"": ""user"", ""level"": 4}"
u2115,User 2115,user2115@example.com,"{""role"": ""user"", ""level"": 0}"
u2116,User 2116,user2116@example.com,"{""role"": ""user"", ""level"": 1}"
u2117,User 2117,user2117@example.com,"{""role"": ""user"", ""level"": 2}"
u2118,User 2118,user2118@example.com,"{""role"": ""user"", ""level"": 3}"
u2119,User 2119,user2119@example.com,"{""role"": ""user"", ""level"": 4}"
u2120,User 2120,user2120@example.com,"{""role"": ""user"", ""level"": 0}"
u2121,User 2121,user2121@example.com,"{""role"": ""user"", ""level"": 1}"
u2122,User 2122,user2122@example.com,"{""role"": ""user"", ""level"": 2}"
u2123,User 2123,user2123@example.com,"{""role"": ""user"", ""level"": 3}"
u2124,User 2124,user2124@example.com,"{""role"": ""user"", ""level"": 4}"
u2125,User 2125,user2125@example.com,"{""role"": ""user"", ""level"": 0}"
u2126,User 2126,user2126@example.com,"{""role"": ""user"", ""level"": 1}"
u2127,User 2127,user2127@example.com,"{""role"": ""user"", ""level"": 2}"
u2128,User 2128,user2128@example.com,"{""role"": ""user"", ""level"": 3}"
u2129,User 2129,user2129@example.com,"{""role"": ""user"", ""level"": 4}"
u2130,User 2130,user2130@example.com,"{""role"": ""user"", ""level"": 0}"
u2131,User 2131,user2131@example.com,"{""role"": ""user"", ""level"": 1}"
u2132,User 2132,user2132@example.com,"{""role"": ""user"", ""level"": 2}"
u2133,User 2133,user2133@example.com,"{""role"": ""user"", ""level"": 3}"
u2134,User 2134,user2134@example.com,"{""role"": ""user"", ""level"": 4}"
u2135,User 2135,user2135@example.com,"{""role"": ""user"", ""level"": 0}"
u2136,User 2136,user2136@example.com,"{""role"": ""user"", ""level"": 1}"
u2137,User 2137,user2137@example.com,"{""role"": ""user"", ""level"": 2}"
u2138,User 2138,user2138@example.com,"{""role"": ""user"", ""level"": 3}"
u2139,User 2139,user2139@example.com,"{""role"": ""user"", ""level"": 4}"
u2140,User 2140,user2140@example.com,"{""role"": ""user"", ""level"": 0}"
u2141,User 2141,user2141@example.com,"{""role"": ""user"", ""level"": 1}"
u2142,User 2142,user2142@example.com,"{""role"": ""user"", ""level"": 2}"
u2143,User 2143,user2143@example.com,"{""role"": ""user"", ""level"": 3}"
u2144,User 2144,user2144@example.com,"{""role"": ""user"", ""level"": 4}"
u2145,User 2145,user2145@example.com,"{""role"": ""user"", ""level"": 0}"
u2146,User 2146,user2146@example.com,"{""role"": ""user"", ""level"": 1}"
u2147,User 2147,user2147@example.com,"{""role"": ""user"", ""level"": 2}"
u2148,User 2148,user2148@example.com,"{""role"": ""user"", ""level"": 3}"
u2149,User 2149,user2149@example.com,"{""role"": ""user"", ""level"": 4}"
u2150,User 2150,user2150@example.com,"{""role"": ""user"", ""level"": 0}"
u2151,User 2151,user2151@example.com,"{""role"": ""user"", ""level"": 1}"
u2152,User 2152,user2152@example.com,"{""role"": ""user"", ""level"": 2}"
u2153,User 2153,user2153@example.com,"{""role"": ""user"", ""level"": 3}"
u2154,User 2154,user2154@example.com,"{""role"": ""user"", ""level"": 4}"
u2155,User 2155,user2155@example.com,"{""role"": ""user"", ""level"": 0}"
u2156,User 2156,user2156@example.com,"{""role"": ""user"", ""level"": 1}"
u2157,User 2157,user2157@example.com,"{""role"": ""user"", ""level"": 2}"
u2158,User 2158,user2158@example.com,"{""role"": ""user"", ""level"": 3}"
u2159,User 2159,user2159@example.com,"{""role"": ""user"", ""level"": 4}"
u2160,User 2160,user2160@example.com,"{""role"": ""user"", ""level"": 0}"
u2161,User 2161,user2161@example.com,"{""role"": ""user"", ""level"": 1}"
u2162,User 2162,user2162@example.com,"{""role"": ""user"", ""level"": 2}"
u2163,User 2163,user2163@example.com,"{""role"": ""user"", ""level"": 3}"
u2164,User 2164,user2164@example.com,"{""role"": ""user"", ""level"": 4}"
u2165,User 2165,user2165@example.com,"{""role"": ""user"", ""level"": 0}"
u2166,User 2166,user2166@example.com,"{""role"": ""user"", ""level"": 1}"
u2167,User 2167,user2167@example.com,"{""role"": ""user"", ""level"": 2}"
u2168,User 2168,user2168@example.com,"{""role"": ""user"", ""level"": 3}"
u2169,User 2169,user2169@example.com,"{""role"": ""user"", ""level"": 4}"
u2170,User 2170,user2170@example.com,"{""role"": ""user"", ""level"": 0}"
u2171,User 2171,user2171@example.com,"{""role"": ""user"", ""level"": 1}"
u2172,User 2172,user2172@example.com,"{""role"": ""user"", ""level"": 2}"
u2173,User 2173,user2173@example.com,"{""role"": ""user"", ""level"": 3}"
u2174,User 2174,user2174@example.com,"{""role"": ""user"", ""level"": 4}"
u2175,User 2175,user2175@example.com,"{""role"": ""user"", ""level"": 0}"
u2176,User 2176,user2176@example.com,"{""role"": ""user"", ""level"": 1}"
u2177,User 2177,user2177@example.com,"{""role"": ""user"", ""level"": 2}"
u2178,User 2178,user2178@example.com,"{""role"": ""user"", ""level"": 3}"
u2179,User 2179,user2179@example.com,"{""role"": ""user"", ""level"": 4}"
u2180,User 2180,user2180@example.com,"{""role"": ""user"", ""level"": 0}"
u2181,User 2181,user2181@example.com,"{""role"": ""user"", ""level"": 1}"
u2182,User 2182,user2182@example.com,"{""role"": ""user"", ""level"": 2}"
u2183,User 2183,user2183@example.com,"{""role"": ""user"", ""level"": 3}"
u2184,User 2184,user2184@example.com,"{""role"": ""user"", ""level"": 4}"
u2185,User 2185,user2185@example.com,"{""role"": ""user"", ""level"": 0}"
u2186,User 2186,user2186@example.com,"{""role"": ""user"", ""level"": 1}"
u2187,User 2187,user2187@example.com,"{""role"": ""user"", ""level"": 2}"
u2188,User 2188,user2188@example.com,"{""role"": ""user"", ""level"": 3}"
u2189,User 2189,user2189@example.com,"{""role"": ""user"", ""level"": 4}"
u2190,User 2190,user2190@example.com,"{""role"": ""user"", ""level"": 0}"
u2191,User 2191,user2191@example.com,"{""role"": ""user"", ""level"": 1}"
u2192,User 2192,user2192@example.com,"{""role"": ""user"", ""level"": 2}"
u2193,User 2193,user2193@example.com,"{""role"": ""user"", ""level"": 3}"
u2194,User 2194,user2194@example.com,"{""role"": ""user"", ""level"": 4}"
u2195,User 2195,user2195@example.com,"{""role"": ""user"", ""level"": 0}"
u2196,User 2196,user2196@example.com,"{""role"": ""user"", ""level"": 1}"
u2197,User 2197,user2197@example.com,"{""role"": ""user"", ""level"": 2}"
u2198,User 2198,user2198@example.com,"{""role"": ""user"", ""level"": 3}"
u2199,User 2199,user2199@example.com,"{""role"": ""user"", ""level"": 4}"
u2200,User 2200,user2200@example.com,"{""role"": ""user"", ""level"": 0}"
u2201,User 2201,user2201@example.com,"{""role"": ""user"", ""level"": 1}"
u2202,User 2202,user2202@example.com,"{""role"": ""user"", ""level"": 2}"
u2203,User 2203,user2203@example.com,"{""role"": ""user"", ""level"": 3}"
u2204,User 2204,user2204@example.com,"{""role"": ""user"", ""level"": 4}"
u2205,User 2205,user2205@example.com,"{""role"": ""user"", ""level"": 0}"
u2206,User 2206,user2206@example.com,"{""role"": ""user"", ""level"": 1}"
u2207,User 2207,user2207@example.com,"{""role"": ""user"", ""level"": 2}"
u2208,User 2208,user2208@example.com,"{""role"": ""user"", ""level"": 3}"
u2209,User 2209,user2209@example.com,"{""role"": ""user"", ""level"": 4}"
u2210,User 2210,user2210@example.com,"{""role"": ""user"", ""level"": 0}"
u2211,User 2211,user2211@example.com,"{""role"": ""user"", ""level"": 1}"
u2212,User 2212,user2212@example.com,"{""role"": ""user"", ""level"": 2}"
u2213,User 2213,user2213@example.com,"{""role"": ""user"", ""level"": 3}"
u2214,User 2214,user2214@example.com,"{""role"": ""user"", ""level"": 4}"
u2215,User 2215,user2215@example.com,"{""role"": ""user"", ""level"": 0}"
u2216,User 2216,user2216@example.com,"{""role"": ""user"", ""level"": 1}"
u2217,User 2217,user2217@example.com,"{""role"": ""user"", ""level"": 2}"
u2218,User 2218,user2218@example.com,"{""role"": ""user"", ""level"": 3}"
u2219,User 2219,user2219@example.com,"{""role"": ""user"", ""level"": 4}"
u2220,User 2220,user2220@example.com,"{""role"": ""user"", ""level"": 0}"
u2221,User 2221,user2221@example.com,"{""role"": ""user"", ""level"": 1}"
u2222,User 2222,user2222@example.com,"{""role"": ""user"", ""level"": 2}"
u2223,User 2223,user2223@example.com,"{""role"": ""user"", ""level"": 3}"
u2224,User 2224,user2224@example.com,"{""role"": ""user"", ""level"": 4}"
u2225,User 2225,user2225@example.com,"{""role"": ""user"", ""level"": 0}"
u2226,User 2226,user2226@example.com,"{""role"": ""user"", ""level"": 1}"
u2227,User 2227,user2227@example.com,"{""role"": ""user"", ""level"": 2}"
u2228,User 2228,user2228@example.com,"{""role"": ""user"", ""level"": 3}"
u2229,User 2229,user2229@example.com,"{""role"": ""user"", ""level"": 4}"
u2230,User 2230,user2230@example.com,"{""role"": ""user"", ""level"": 0}"
u2231,User 2231,user2231@example.com,"{""role"": ""user"", ""level"": 1}"
u2232,User 2232,user2232@example.com,"{""role"": ""user"", ""level"": 2}"
u2233,User 2233,user2233@example.com,"{""role"": ""user"", ""level"": 3}"
u2234,User 2234,user2234@example.com,"{""role"": ""user"", ""level"": 4}"
u2235,User 2235,user2235@example.com,"{""role"": ""user"", ""level"": 0}"
u2236,User 2236,user2236@example.com,"{""role"": ""user"", ""level"": 1}"
u2237,User 2237,user2237@example.com,"{""role"": ""user"", ""level"": 2}"
u2238,User 2238,user2238@example.com,"{""role"": ""user"", ""level"": 3}"
u2239,User 2239,user2239@example.com,"{""role"": ""user"", ""level"": 4}"
u2240,User 2240,user2240@example.com,"{""role"": ""user"", ""level"": 0}"
u2241,User 2241,user2241@example.com,"{""role"": ""user"", ""level"": 1}"
u2242,User 2242,user2242@example.com,"{""role"": ""user"", ""level"": 2}"
u2243,User 2243,user2243@example.com,"{""role"": ""user"", ""level"": 3}"
u2244,User 2244,user2244@example.com,"{""role"": ""user"", ""level"": 4}"
u2245,User 2245,user2245@example.com,"{""role"": ""user"", ""level"": 0}"
u2246,User 2246,user2246@example.com,"{""role"": ""user"", ""level"": 1}"
u2247,User 2247,user2247@example.com,"{""role"": ""user"", ""level"": 2}"
u2248,User 2248,user2248@example.com,"{""role"": ""user"", ""level"": 3}"
u2249,User 2249,user2249@example.com,"{""role"": ""user"", ""level"": 4}"
u2250,User 2250,user2250@example.com,"{""role"": ""user"", ""level"": 0}"
u2251,User 2251,user2251@example.com,"{""role"": ""user"", ""level"": 1}"
u2252,User 2252,user2252@example.com,"{""role"": ""user"", ""level"": 2}"
u2253,User 2253,user2253@example.com,"{""role"": ""user"", ""level"": 3}"
u2254,User 2254,user2254@example.com,"{""role"": ""user"", ""level"": 4}"
u2255,User 2255,user2255@example.com,"{""role"": ""user"", ""level"": 0}"
u2256,User 2256,user2256@example.com,"{""role"": ""user"", ""level"": 1}"
u2257,User 2257,user2257@example.com,"{""role"": ""user"", ""level"": 2}"
u2258,User 2258,user2258@example.com,"{""role"": ""user"", ""level"": 3}"
u2259,User 2259,user2259@example.com,"{""role"": ""user"", ""level"": 4}"
u2260,User 2260,user2260@example.com,"{""role"": ""user"", ""level"": 0}"
u2261,User 2261,user2261@example.com,"{""role"": ""user"", ""level"": 1}"
u2262,User 2262,user2262@example.com,"{""role"": ""user"", ""level"": 2}"
u2263,User 2263,user2263@example.com,"{""role"": ""user"", ""level"": 3}"
u2264,User 2264,user2264@example.com,"{""role"": ""user"", ""level"": 4}"
u2265,User 2265,user2265@example.com,"{""role"": ""user"", ""level"": 0}"
u2266,User 2266,user2266@example.com,"{""role"": ""user"", ""level"": 1}"
u2267,User 2267,user2267@example.com,"{""role"": ""user"", ""level"": 2}"
u2268,User 2268,user2268@example.com,"{""role"": ""user"", ""level"": 3}"
u2269,User 2269,user2269@example.com,"{""role"": ""user"", ""level"": 4}"
u2270,User 2270,user2270@example.com,"{""role"": ""user"", ""level"": 0}"
u2271,User 2271,user2271@example.com,"{""role"": ""user"", ""level"": 1}"
u2272,User 2272,user2272@example.com,"{""role"": ""user"", ""level"": 2}"
u2273,User 2273,user2273@example.com,"{""role"": ""user"", ""level"": 3}"
u2274,User 2274,user2274@example.com,"{""role"": ""user"", ""level"": 4}"
u2275,User 2275,user2275@example.com,"{""role"": ""user"", ""level"": 0}"
u2276,User 2276,user2276@example.com,"{""role"": ""user"", ""level"": 1}"
u2277,User 2277,user2277@example.com,"{""role"": ""user"", ""level"": 2}"
u2278,User 2278,user2278@example.com,"{""role"": ""user"", ""level"": 3}"
u2279,User 2279,user2279@example.com,"{""role"": ""user"", ""level"": 4}"
u2280,User 2280,user2280@example.com,"{""role"": ""user"", ""level"": 0}"
u2281,User 2281,user2281@example.com,"{""role"": ""user"", ""level"": 1}"
u2282,User 2282,user2282@example.com,"{""role"": ""user"", ""level"": 2}"
u2283,User 2283,user2283@example.com,"{""role"": ""user"", ""level"": 3}"
u2284,User 2284,user2284@example.com,"{""role"": ""user"", ""level"": 4}"
u2285,User 2285,user2285@example.com,"{""role"": ""user"", ""level"": 0}"
u2286,User 2286,user2286@example.com,"{""role"": ""user"", ""level"": 1}"
u2287,User 2287,user2287@example.com,"{""role"": ""user"", ""level"": 2}"
u2288,User 2288,user2288@example.com,"{""role"": ""user"", ""level"": 3}"
u2289,User 2289,user2289@example.com,"{""role"": ""user"", ""level"": 4}"
u2290,User 2290,user2290@example.com,"{""role"": ""user"", ""level"": 0}"
u2291,User 2291,user2291@example.com,"{""role"": ""user"", ""level"": 1}"
u2292,User 2292,user2292@example.com,"{""role"": ""user"", ""level"": 2}"
u2293,User 2293,user2293@example.com,"{""role"": ""user"", ""level"": 3}"
u2294,User 2294,user2294@example.com,"{""role"": ""user"", ""level"": 4}"
u2295,User 2295,user2295@example.com,"{""role"": ""user"", ""level"": 0}"
u2296,User 2296,user2296@example.com,"{""role"": ""user"", ""level"": 1}"
u2297,User 2297,user2297@example.com,"{""role"": ""user"", ""level"": 2}"
u2298,User 2298,user2298@example.com,"{""role"": ""user"", ""level"": 3}"
u2299,User 2299,user2299@example.com,"{""role"": ""user"", ""level"": 4}"
u2300,User 2300,user2300@example.com,"{""role"": ""user"", ""level"": 0}"
u2301,User 2301,user2301@example.com,"{""role"": ""user"", ""level"": 1}"
u2302,User 2302,user2302@example.com,"{""role"": ""user"", ""level"": 2}"
u2303,User 2303,user2303@example.com,"{""role"": ""user"", ""level"": 3}"
u2304,User 2304,user2304@example.com,"{""role"": ""user"", ""level"": 4}"
u2305,User 2305,user2305@example.com,"{""role"": ""user"", ""level"": 0}"
u2306,User 2306,user2306@example.com,"{""role"": ""user"", ""level"": 1}"
u2307,User 2307,user2307@example.com,"{""role"": ""user"", ""level"": 2}"
u2308,User 2308,user2308@example.com,"{""role"": ""user"", ""level"": 3}"
u2309,User 2309,user2309@example.com,"{""role"": ""user"", ""level"": 4}"
u2310,User 2310,user2310@example.com,"{""role"": ""user"", ""level"": 0}"
u2311,User 2311,user2311@example.com,"{""role"": ""user"", ""level"": 1}"
u2312,User 2312,user2312@example.com,"{""role"": ""user"", ""level"": 2}"
u2313,User 2313,user2313@example.com,"{""role"": ""user"", ""level"": 3}"
u2314,User 2314,user2314@example.com,"{""role"": ""user"", ""level"": 4}"
u2315,User 2315,user2315@example.com,"{""role"": ""user"", ""level"": 0}"
u2316,User 2316,user2316@example.com,"{""role"": ""user"", ""level"": 1}"
u2317,User 2317,user2317@example.com,"{""role"": ""user"", ""level"": 2}"
u2318,User 2318,user2318@example.com,"{""role"": ""user"", ""level"": 3}"
u2319,User 2319,user2319@example.com,"{""role"": ""user"", ""level"": 4}"
u2320,User 2320,user2320@example.com,"{""role"": ""user"", ""level"": 0}"
u2321,User 2321,user2321@example.com,"{""role"": ""user"", ""level"": 1}"
u2322,User 2322,user2322@example.com,"{""role"": ""user"", ""level"": 2}"
u2323,User 2323,user2323@example.com,"{""role"": ""user"", ""level"": 3}"
u2324,User 2324,user2324@example.com,"{""role"": ""user"", ""level"": 4}"
u2325,User 2325,user2325@example.com,"{""role"": ""user"", ""level"": 0}"
u2326,User 2326,user2326@example.com,"{""role"": ""user"", ""level"": 1}"
u2327,User 2327,user2327@example.com,"{""role"": ""user"", ""level"": 2}"
u2328,User 2328,user2328@example.com,"{""role"": ""user"", ""level"": 3}"
u2329,User 2329,user2329@example.com,"{""role"": ""user"", ""level"": 4}"
u2330,User 2330,user2330@example.com,"{""role"": ""user"", ""level"": 0}"
u2331,User 2331,user2331@example.com,"{""role"": ""user"", ""level"": 1}"
u2332,User 2332,user2332@example.com,"{""role"": ""user"", ""level"": 2}"
u2333,User 2333,user2333@example.com,"{""role"": ""user"", ""level"": 3}"
u2334,User 2334,user2334@example.com,"{""role"": ""user"", ""level"": 4}"
u2335,User 2335,user2335@example.com,"{""role"": ""user"", ""level"": 0}"
u2336,User 2336,user2336@example.com,"{""role"": ""user"", ""level"": 1}"
u2337,User 2337,user2337@example.com,"{""role"": ""user"", ""level"": 2}"
u2338,User 2338,user2338@example.com,"{""role"": ""user"", ""level"": 3}"
u2339,User 2339,user2339@example.com,"{""role"": ""user"", ""level"": 4}"
u2340,User 2340,user2340@example.com,"{""role"": ""user"", ""level"": 0}"
u2341,User 2341,user2341@example.com,"{""role"": ""user"", ""level"": 1}"
u2342,User 2342,user2342@example.com,"{""role"": ""user"", ""level"": 2}"
u2343,User 2343,user2343@example.com,"{""role"": ""user"", ""level"": 3}"
u2344,User 2344,user2344@example.com,"{""role"": ""user"", ""level"": 4}"
u2345,User 2345,user2345@example.com,"{""role"": ""user"", ""level"": 0}"
u2346,User 2346,user2346@example.com,"{""role"": ""user"", ""level"": 1}"
u2347,User 2347,user2347@example.com,"{""role"": ""user"", ""level"": 2}"
u2348,User 2348,user2348@example.com,"{""role"": ""user"", ""level"": 3}"
u2349,User 2349,user2349@example.com,"{""role"": ""user"", ""level"": 4}"
u2350,User 2350,user2350@example.com,"{""role"": ""user"", ""level"": 0}"
u2351,User 2351,user2351@example.com,"{""role"": ""user"", ""level"": 1}"
u2352,User 2352,user2352@example.com,"{""role"": ""user"", ""level"": 2}"
u2353,User 2353,user2353@example.com,"{""role"": ""user"", ""level"": 3}"
u2354,User 2354,user2354@example.com,"{""role"": ""user"", ""level"": 4}"
u2355,User 2355,user2355@example.com,"{""role"": ""user"", ""level"": 0}"
u2356,User 2356,user2356@example.com,"{""role"": ""user"", ""level"": 1}"
u2357,User 2357,user2357@example.com,"{""role"": ""user"", ""level"": 2}"
u2358,User 2358,user2358@example.com,"{""role"": ""user"", ""level"": 3}"
u2359,User 2359,user2359@example.com,"{""role"": ""user"", ""level"": 4}"
u2360,User 2360,user2360@example.com,"{""role"": ""user"", ""level"": 0}"
u2361,User 2361,user2361@example.com,"{""role"": ""user"", ""level"": 1}"
u2362,User 2362,user2362@example.com,"{""role"": ""user"", ""level"": 2}"
u2363,User 2363,user2363@example.com,"{""role"": ""user"", ""level"": 3}"
u2364,User 2364,user2364@example.com,"{""role"": ""user"", ""level"": 4}"
u2365,User 2365,user2365@example.com,"{""role"": ""user"", ""level"": 0}"
u2366,User 2366,user2366@example.com,"{""role"": ""user"", ""level"": 1}"
u2367,User 2367,user2367@example.com,"{""role"": ""user"", ""level"": 2}"
u2368,User 2368,user2368@example.com,"{""role"": ""user"", ""level"": 3}"
u2369,User 2369,user2369@example.com,"{""role"": ""user"", ""level"": 4}"
u2370,User 2370,user2370@example.com,"{""role"": ""user"", ""level"": 0}"
u2371,User 2371,user2371@example.com,"{""role"": ""user"", ""level"": 1}"
u2372,User 2372,user2372@example.com,"{""role"": ""user"", ""level"": 2}"
u2373,User 2373,user2373@example.com,"{""role"": ""user"", ""level"": 3}"
u2374,User 2374,user2374@example.com,"{""role"": ""user"", ""level"": 4}"
u2375,User 2375,user2375@example.com,"{""role"": ""user"", ""level"": 0}"
u2376,User 2376,user2376@example.com,"{""role"": ""user"", ""level"": 1}"
u2377,User 2377,user2377@example.com,"{""role"": ""user"", ""level"": 2}"
u2378,User 2378,user2378@example.com,"{""role"": ""user"", ""level"": 3}"
u2379,User 2379,user2379@example.com,"{""role"": ""user"", ""level"": 4}"
u2380,User 2380,user2380@example.com,"{""role"": ""user"", ""level"": 0}"
u2381,User 2381,user2381@example.com,"{""role"": ""user"", ""level"": 1}"
u2382,User 2382,user2382@example.com,"{""role"": ""user"", ""level"": 2}"
u2383,User 2383,user2383@example.com,"{""role"": ""user"", ""level"": 3}"
u2384,User 2384,user2384@example.com,"{""role"": ""user"", ""level"": 4}"
u2385,User 2385,user2385@example.com,"{""role"": ""user"", ""level"": 0}"
u2386,User 2386,user2386@example.com,"{""role"": ""user"", ""level"": 1}"
u2387,User 2387,user2387@example.com,"{""role"": ""user"", ""level"": 2}"
u2388,User 2388,user2388@example.com,"{""role"": ""user"", ""level"": 3}"
u2389,User 2389,user2389@example.com,"{""role"": ""user"", ""level"": 4}"
u2390,User 2390,user2390@example.com,"{""role"": ""user"", ""level"": 0}"
u2391,User 2391,user2391@example.com,"{""role"": ""user"", ""level"": 1}"
u2392,User 2392,user2392@example.com,"{""role"": ""user"", ""level"": 2}"
u2393,User 2393,user2393@example.com,"{""role"": ""user"", ""level"": 3}"
u2394,User 2394,user2394@example.com,"{""role"": ""user"", ""level"": 4}"
u2395,User 2395,user2395@example.com,"{""role"": ""user"", ""level"": 0}"
u2396,User 2396,user2396@example.com,"{""role"": ""user"", ""level"": 1}"
u2397,User 2397,user2397@example.com,"{""role"": ""user"", ""level"": 2}"
u2398,User 2398,user2398@example.com,"{""role"": ""user"", ""level"": 3}"
u2399,User 2399,user2399@example.com,"{""role"": ""user"", ""level"": 4}"
u2400,User 2400,user2400@example.com,"{""role"": ""user"", ""level"": 0}"
u2401,User 2401,user2401@example.com,"{""role"": ""user"", ""level"": 1}"
u2402,User 2402,user2402@example.com,"{""role"": ""user"", ""level"": 2}"
u2403,User 2403,user2403@example.com,"{""role"": ""user"", ""level"": 3}"
u2404,User 2404,user2404@example.com,"{""role"": ""user"", ""level"": 4}"
u2405,User 2405,user2405@example.com,"{""role"": ""user"", ""level"": 0}"
u2406,User 2406,user2406@example.com,"{""role"": ""user"", ""level"": 1}"
u2407,User 2407,user2407@example.com,"{""role"": ""user"", ""level"": 2}"
u2408,User 2408,user2408@example.com,"{""role"": ""user"", ""level"": 3}"
u2409,User 2409,user2409@example.com,"{""role"": ""user"", ""level"": 4}"
u2410,User 2410,user2410@example.com,"{""role"": ""user"", ""level"": 0}"
u2411,User 2411,user2411@example.com,"{""role"": ""user"", ""level"": 1}"
u2412,User 2412,user2412@example.com,"{""role"": ""user"", ""level"": 2}"
u2413,User 2413,user2413@example.com,"{""role"": ""user"", ""level"": 3}"
u2414,User 2414,user2414@example.com,"{""role"": ""user"", ""level"": 4}"
u2415,User 2415,user2415@example.com,"{""role"": ""user"", ""level"": 0}"
u2416,User 2416,user2416@example.com,"{""role"": ""user"", ""level"": 1}"
u2417,User 2417,user2417@example.com,"{""role"": ""user"", ""level"": 2}"
u2418,User 2418,user2418@example.com,"{""role"": ""user"", ""level"": 3}"
u2419,User 2419,user2419@example.com,"{""role"": ""user"", ""level"": 4}"
u2420,User 2420,user2420@example.com,"{""role"": ""user"", ""level"": 0}"
u2421,User 2421,user2421@example.com,"{""role"": ""user"", ""level"": 1}"
u2422,User 2422,user2422@example.com,"{""role"": ""user"", ""level"": 2}"
u2423,User 2423,user2423@example.com,"{""role"": ""user"", ""level"": 3}"
u2424,User 2424,user2424@example.com,"{""role"": ""user"", ""level"": 4}"
u2425,User 2425,user2425@example.com,"{""role"": ""user"", ""level"": 0}"
u2426,User 2426,user2426@example.com,"{""role"": ""user"", ""level"": 1}"
u2427,User 2427,user2427@example.com,"{""role"": ""user"", ""level"": 2}"
u2428,User 2428,user2428@example.com,"{""role"": ""user"", ""level"": 3}"
u2429,User 2429,user2429@example.com,"{""role"": ""user"", ""level"": 4}"
u2430,User 2430,user2430@example.com,"{""role"": ""user"", ""level"": 0}"
u2431,User 2431,user2431@example.com,"{""role"": ""user"", ""level"": 1}"
u2432,User 2432,user2432@example.com,"{""role"": ""user"", ""level"": 2}"
u2433,User 2433,user2433@example.com,"{""role"": ""user"", ""level"": 3}"
u2434,User 2434,user2434@example.com,"{""role"": ""user"", ""level"": 4}"
u2435,User 2435,user2435@example.com,"{""role"": ""user"", ""level"": 0}"
u2436,User 2436,user2436@example.com,"{""role"": ""user"", ""level"": 1}"
u2437,User 2437,user2437@example.com,"{""role"": ""user"", ""level"": 2}"
u2438,User 2438,user2438@example.com,"{""role"": ""user"", ""level"": 3}"
u2439,User 2439,user2439@example.com,"{""role"": ""user"", ""level"": 4}"
u2440,User 2440,user2440@example.com,"{""role"": ""user"", ""level"": 0}"
u2441,User 2441,user2441@example.com,"{""role"": ""user"", ""level"": 1}"
u2442,User 2442,user2442@example.com,"{""role"": ""user"", ""level"": 2}"
u2443,User 2443,user2443@example.com,"{""role"": ""user"", ""level"": 3}"
u2444,User 2444,user2444@example.com,"{""role"": ""user"", ""level"": 4}"
u2445,User 2445,user2445@example.com,"{""role"": ""user"", ""level"": 0}"
u2446,User 2446,user2446@example.com,"{""role"": ""user"", ""level"": 1}"
u2447,User 2447,user2447@example.com,"{""role"": ""user"", ""level"": 2}"
u2448,User 2448,user2448@example.com,"{""role"": ""user"", ""level"": 3}"
u2449,User 2449,user2449@example.com,"{""role"": ""user"", ""level"": 4}"
u2450,User 2450,user2450@example.com,"{""role"": ""user"", ""level"": 0}"
u2451,User 2451,user2451@example.com,"{""role"": ""user"", ""level"": 1}"
u2452,User 2452,user2452@example.com,"{""role"": ""user"", ""level"": 2}"
u2453,User 2453,user2453@example.com,"{""role"": ""user"", ""level"": 3}"
u2454,User 2454,user2454@example.com,"{""role"": ""user"", ""level"": 4}"
u2455,User 2455,user2455@example.com,"{""role"": ""user"", ""level"": 0}"
u2456,User 2456,user2456@example.com,"{""role"": ""user"", ""level"": 1}"
u2457,User 2457,user2457@example.com,"{""role"": ""user"", ""level"": 2}"
u2458,User 2458,user2458@example.com,"{""role"": ""user"", ""level"": 3}"
u2459,User 2459,user2459@example.com,"{""role"": ""user"", ""level"": 4}"
u2460,User 2460,user2460@example.com,"{""role"": ""user"", ""level"": 0}"
u2461,User 2461,user2461@example.com,"{""role"": ""user"", ""level"": 1}"
u2462,User 2462,user2462@example.com,"{""role"": ""user"", ""level"": 2}"
u2463,User 2463,user2463@example.com,"{""role"": ""user"", ""level"": 3}"
u2464,User 2464,user2464@example.com,"{""role"": ""user"", ""level"": 4}"
u2465,User 2465,user2465@example.com,"{""role"": ""user"", ""level"": 0}"
u2466,User 2466,user2466@example.com,"{""role"": ""user"", ""level"": 1}"
u2467,User 2467,user2467@example.com,"{""role"": ""user"", ""level"": 2}"
u2468,User 2468,user2468@example.com,"{""role"": ""user"", ""level"": 3}"
u2469,User 2469,user2469@example.com,"{""role"": ""user"", ""level"": 4}"
u2470,User 2470,user2470@example.com,"{""role"": ""user"", ""level"": 0}"
u2471,User 2471,user2471@example.com,"{""role"": ""user"", ""level"": 1}"
u2472,User 2472,user2472@example.com,"{""role"": ""user"", ""level"": 2}"
u2473,User 2473,user2473@example.com,"{""role"": ""user"", ""level"": 3}"
u2474,User 2474,user2474@example.com,"{""role"": ""user"", ""level"": 4}"
u2475,User 2475,user2475@example.com,"{""role"": ""user"", ""level"": 0}"
u2476,User 2476,user2476@example.com,"{""role"": ""user"", ""level"": 1}"
u2477,User 2477,user2477@example.com,"{""role"": ""user"", ""level"": 2}"
u2478,User 2478,user2478@example.com,"{""role"": ""user"", ""level"": 3}"
u2479,User 2479,user2479@example.com,"{""role"": ""user"", ""level"": 4}"
u2480,User 2480,user2480@example.com,"{""role"": ""user"", ""level"": 0}"
u2481,User 2481,user2481@example.com,"{""role"": ""user"", ""level"": 1}"
u2482,User 2482,user2482@example.com,"{""role"": ""user"", ""level"": 2}"
u2483,User 2483,user2483@example.com,"{""role"": ""user"", ""level"": 3}"
u2484,User 2484,user2484@example.com,"{""role"": ""user"", ""level"": 4}"
u2485,User 2485,user2485@example.com,"{""role"": ""user"", ""level"": 0}"
u2486,User 2486,user2486@example.com,"{""role"": ""user"", ""level"": 1}"
u2487,User 2487,user2487@example.com,"{""role"": ""user"", ""level"": 2}"
u2488,User 2488,user2488@example.com,"{""role"": ""user"", ""level"": 3}"
u2489,User 2489,user2489@example.com,"{""role"": ""user"", ""level"": 4}"
u2490,User 2490,user2490@example.com,"{""role"": ""user"", ""level"": 0}"
u2491,User 2491,user2491@example.com,"{""role"": ""user"", ""level"": 1}"
u2492,User 2492,user2492@example.com,"{""role"": ""user"", ""level"": 2}"
u2493,User 2493,user2493@example.com,"{""role"": ""user"", ""level"": 3}"
u2494,User 2494,user2494@example.com,"{""role"": ""user"", ""level"": 4}"
u2495,User 2495,user2495@example.com,"{""role"": ""user"", ""level"": 0}"
u2496,User 2496,user2496@example.com,"{""role"": ""user"", ""level"": 1}"
u2497,User 2497,user2497@example.com,"{""role"": ""user"", ""level"": 2}"
u2498,User 2498,user2498@example.com,"{""role"": ""user"", ""level"": 3}"
u2499,User 2499,user2499@example.com,"{""role"": ""user"", ""level"": 4}"
u2500,User 2500,user2500@example.com,"{""role"": ""user"", ""level"": 0}"
u2501,User 2501,user2501@example.com,"{""role"": ""user"", ""level"": 1}"
u2502,User 2502,user2502@example.com,"{""role"": ""user"", ""level"": 2}"
u2503,User 2503,user2503@example.com,"{""role"": ""user"", ""level"": 3}"
u2504,User 2504,user2504@example.com,"{""role"": ""user"", ""level"": 4}"
u2505,User 2505,user2505@example.com,"{""role"": ""user"", ""level"": 0}"
u2506,User 2506,user2506@example.com,"{""role"": ""user"", ""level"": 1}"
u2507,User 2507,user2507@example.com,"{""role"": ""user"", ""level"": 2}"
u2508,User 2508,user2508@example.com,"{""role"": ""user"", ""level"": 3}"
u2509,User 2509,user2509@example.com,"{""role"": ""user"", ""level"": 4}"
u2510,User 2510,user2510@example.com,"{""role"": ""user"", ""level"": 0}"
u2511,User 2511,user2511@example.com,"{""role"": ""user"", ""level"": 1}"
u2512,User 2512,user2512@example.com,"{""role"": ""user"", ""level"": 2}"
u2513,User 2513,user2513@example.com,"{""role"": ""user"", ""level"": 3}"
u2514,User 2514,user2514@example.com,"{""role"": ""user"", ""level"": 4}"
u2515,User 2515,user2515@example.com,"{""role"": ""user"", ""level"": 0}"
u2516,User 2516,user2516@example.com,"{""role"": ""user"", ""level"": 1}"
u2517,User 2517,user2517@example.com,"{""role"": ""user"", ""level"": 2}"
u2518,User 2518,user2518@example.com,"{""role"": ""user"", ""level"": 3}"
u2519,User 2519,user2519@example.com,"{""role"": ""user"", ""level"": 4}"
u2520,User 2520,user2520@example.com,"{""role"": ""user"", ""level"": 0}"
u2521,User 2521,user2521@example.com,"{""role"": ""user"", ""level"": 1}"
u2522,User 2522,user2522@example.com,"{""role"": ""user"", ""level"": 2}"
u2523,User 2523,user2523@example.com,"{""role"": ""user"", ""level"": 3}"
u2524,User 2524,user2524@example.com,"{""role"": ""user"", ""level"": 4}"
u2525,User 2525,user2525@example.com,"{""role"": ""user"", ""level"": 0}"
u2526,User 2526,user2526@example.com,"{""role"": ""user"", ""level"": 1}"
u2527,User 2527,user2527@example.com,"{""role"": ""user"", ""level"": 2}"
u2528,User 2528,user2528@example.com,"{""role"": ""user"", ""level"": 3}"
u2529,User 2529,user2529@example.com,"{""role"": ""user"", ""level"": 4}"
u2530,User 2530,user2530@example.com,"{""role"": ""user"", ""level"": 0}"
u2531,User 2531,user2531@example.com,"{""role"": ""user"", ""level"": 1}"
u2532,User 2532,user2532@example.com,"{""role"": ""user"", ""level"": 2}"
u2533,User 2533,user2533@example.com,"{""role"": ""user"", ""level"": 3}"
u2534,User 2534,user2534@example.com,"{""role"": ""user"", ""level"": 4}"
u2535,User 2535,user2535@example.com,"{""role"": ""user"", ""level"": 0}"
u2536,User 2536,user2536@example.com,"{""role"": ""user"", ""level"": 1}"
u2537,User 2537,user2537@example.com,"{""role"": ""user"", ""level"": 2}"
u2538,User 2538,user2538@example.com,"{""role"": ""user"", ""level"": 3}"
u2539,User 2539,user2539@example.com,"{""role"": ""user"", ""level"": 4}"
u2540,User 2540,user2540@example.com,"{""role"": ""user"", ""level"": 0}"
u2541,User 2541,user2541@example.com,"{""role"": ""user"", ""level"": 1}"
u2542,User 2542,user2542@example.com,"{""role"": ""user"", ""level"": 2}"
u2543,User 2543,user2543@example.com,"{""role"": ""user"", ""level"": 3}"
u2544,User 2544,user2544@example.com,"{""role"": ""user"", ""level"": 4}"
u2545,User 2545,user2545@example.com,"{""role"": ""user"", ""level"": 0}"
u2546,User 2546,user2546@example.com,"{""role"": ""user"", ""level"": 1}"
u2547,User 2547,user2547@example.com,"{""role"": ""user"", ""level"": 2}"
u2548,User 2548,user2548@example.com,"{""role"": ""user"", ""level"": 3}"
u2549,User 2549,user2549@example.com,"{""role"": ""user"", ""level"": 4}"
u2550,User 2550,user2550@example.com,"{""role"": ""user"", ""level"": 0}"
u2551,User 2551,user2551@example.com,"{""role"": ""user"", ""level"": 1}"
u2552,User 2552,user2552@example.com,"{""role"": ""user"", ""level"": 2}"
u2553,User 2553,user2553@example.com,"{""role"": ""user"", ""level"": 3}"
u2554,User 2554,user2554@example.com,"{""role"": ""user"", ""level"": 4}"
u2555,User 2555,user2555@example.com,"{""role"": ""user"", ""level"": 0}"
u2556,User 2556,user2556@example.com,"{""role"": ""user"", ""level"": 1}"
u2557,User 2557,user2557@example.com,"{""role"": ""user"", ""level"": 2}"
u2558,User 2558,user2558@example.com,"{""role"": ""user"", ""level"": 3}"
u2559,User 2559,user2559@example.com,"{""role"": ""user"", ""level"": 4}"
u2560,User 2560,user2560@example.com,"{""role"": ""user"", ""level"": 0}"
u2561,User 2561,user2561@example.com,"{""role"": ""user"", ""level"": 1}"
u2562,User 2562,user2562@example.com,"{""role"": ""user"", ""level"": 2}"
u2563,User 2563,user2563@example.com,"{""role"": ""user"", ""level"": 3}"
u2564,User 2564,user2564@example.com,"{""role"": ""user"", ""level"": 4}"
u2565,User 2565,user2565@example.com,"{""role"": ""user"", ""level"": 0}"
u2566,User 2566,user2566@example.com,"{""role"": ""user"", ""level"": 1}"
u2567,User 2567,user2567@example.com,"{""role"": ""user"", ""level"": 2}"
u2568,User 2568,user2568@example.com,"{""role"": ""user"", ""level"": 3}"
u2569,User 2569,user2569@example.com,"{""role"": ""user"", ""level"": 4}"
u2570,User 2570,user2570@example.com,"{""role"": ""user"", ""level"": 0}"
u2571,User 2571,user2571@example.com,"{""role"": ""user"", ""level"": 1}"
u2572,User 2572,user2572@example.com,"{""role"": ""user"", ""level"": 2}"
u2573,User 2573,user2573@example.com,"{""role"": ""user"", ""level"": 3}"
u2574,User 2574,user2574@example.com,"{""role"": ""user"", ""level"": 4}"
u2575,User 2575,user2575@example.com,"{""role"": ""user"", ""level"": 0}"
u2576,User 2576,user2576@example.com,"{""role"": ""user"", ""level"": 1}"
u2577,User 2577,user2577@example.com,"{""role"": ""user"", ""level"": 2}"
u2578,User 2578,user2578@example.com,"{""role"": ""user"", ""level"": 3}"
u2579,User 2579,user2579@example.com,"{""role"": ""user"", ""level"": 4}"
u2580,User 2580,user2580@example.com,"{""role"": ""user"", ""level"": 0}"
u2581,User 2581,user2581@example.com,"{""role"": ""user"", ""level"": 1}"
u2582,User 2582,user2582@example.com,"{""role"": ""user"", ""level"": 2}"
u2583,User 2583,user2583@example.com,"{""role"": ""user"", ""level"": 3}"
u2584,User 2584,user2584@example.com,"{""role"": ""user"", ""level"": 4}"
u2585,User 2585,user2585@example.com,"{""role"": ""user"", ""level"": 0}"
u2586,User 2586,user2586@example.com,"{""role"": ""user"", ""level"": 1}"
u2587,User 2587,user2587@example.com,"{""role"": ""user"", ""level"": 2}"
u2588,User 2588,user2588@example.com,"{""role"": ""user"", ""level"": 3}"
u2589,User 2589,user2589@example.com,"{""role"": ""user"", ""level"": 4}"
u2590,User 2590,user2590@example.com,"{""role"": ""user"", ""level"": 0}"
u2591,User 2591,user2591@example.com,"{""role"": ""user"", ""level"": 1}"
u2592,User 2592,user2592@example.com,"{""role"": ""user"", ""level"": 2}"
u2593,User 2593,user2593@example.com,"{""role"": ""user"", ""level"": 3}"
u2594,User 2594,user2594@example.com,"{""role"": ""user"", ""level"": 4}"
u2595,User 2595,user2595@example.com,"{""role"": ""user"", ""level"": 0}"
u2596,User 2596,user2596@example.com,"{""role"": ""user"", ""level"": 1}"
u2597,User 2597,user2597@example.com,"{""role"": ""user"", ""level"": 2}"
u2598,User 2598,user2598@example.com,"{""role"": ""user"", ""level"": 3}"
u2599,User 2599,user2599@example.com,"{""role"": ""user"", ""level"": 4}"
u2600,User 2600,user2600@example.com,"{""role"": ""user"", ""level"": 0}"
u2601,User 2601,user2601@example.com,"{""role"": ""user"", ""level"": 1}"
u2602,User 2602,user2602@example.com,"{""role"": ""user"", ""level"": 2}"
u2603,User 2603,user2603@example.com,"{""role"": ""user"", ""level"": 3}"
u2604,User 2604,user2604@example.com,"{""role"": ""user"", ""level"": 4}"
u2605,User 2605,user2605@example.com,"{""role"": ""user"", ""level"": 0}"
u2606,User 2606,user2606@example.com,"{""role"": ""user"", ""level"": 1}"
u2607,User 2607,user2607@example.com,"{""role"": ""user"", ""level"": 2}"
u2608,User 2608,user2608@example.com,"{""role"": ""user"", ""level"": 3}"
u2609,User 2609,user2609@example.com,"{""role"": ""user"", ""level"": 4}"
u2610,User 2610,user2610@example.com,"{""role"": ""user"", ""level"": 0}"
u2611,User 2611,user2611@example.com,"{""role"": ""user"", ""level"": 1}"
u2612,User 2612,user2612@example.com,"{""role"": ""user"", ""level"": 2}"
u2613,User 2613,user2613@example.com,"{""role"": ""user"", ""level"": 3}"
u2614,User 2614,user2614@example.com,"{""role"": ""user"", ""level"": 4}"
u2615,User 2615,user2615@example.com,"{""role"": ""user"", ""level"": 0}"
u2616,User 2616,user2616@example.com,"{""role"": ""user"", ""level"": 1}"
u2617,User 2617,user2617@example.com,"{""role"": ""user"", ""level"": 2}"
u2618,User 2618,user2618@example.com,"{""role"": ""user"", ""level"": 3}"
u2619,User 2619,user2619@example.com,"{""role"": ""user"", ""level"": 4}"
u2620,User 2620,user2620@example.com,"{""role"": ""user"", ""level"": 0}"
u2621,User 2621,user2621@example.com,"{""role"": ""user"", ""level"": 1}"
u2622,User 2622,user2622@example.com,"{""role"": ""user"", ""level"": 2}"
u2623,User 2623,user2623@example.com,"{""role"": ""user"", ""level"": 3}"
u2624,User 2624,user2624@example.com,"{""role"": ""user"", ""level"": 4}"
u2625,User 2625,user2625@example.com,"{""role"": ""user"", ""level"": 0}"
u2626,User 2626,user2626@example.com,"{""role"": ""user"", ""level"": 1}"
u2627,User 2627,user2627@example.com,"{""role"": ""user"", ""level"": 2}"
u2628,User 2628,user2628@example.com,"{""role"": ""user"", ""level"": 3}"
u2629,User 2629,user2629@example.com,"{""role"": ""user"", ""level"": 4}"
u2630,User 2630,user2630@example.com,"{""role"": ""user"", ""level"": 0}"
u2631,User 2631,user2631@example.com,"{""role"": ""user"", ""level"": 1}"
u2632,User 2632,user2632@example.com,"{""role"": ""user"", ""level"": 2}"
u2633,User 2633,user2633@example.com,"{""role"": ""user"", ""level"": 3}"
u2634,User 2634,user2634@example.com,"{""role"": ""user"", ""level"": 4}"
u2635,User 2635,user2635@example.com,"{""role"": ""user"", ""level"": 0}"
u2636,User 2636,user2636@example.com,"{""role"": ""user"", ""level"": 1}"
u2637,User 2637,user2637@example.com,"{""role"": ""user"", ""level"": 2}"
u2638,User 2638,user2638@example.com,"{""role"": ""user"", ""level"": 3}"
u2639,User 2639,user2639@example.com,"{""role"": ""user"", ""level"": 4}"
u2640,User 2640,user2640@example.com,"{""role"": ""user"", ""level"": 0}"
u2641,User 2641,user2641@example.com,"{""role"": ""user"", ""level"": 1}"
u2642,User 2642,user2642@example.com,"{""role"": ""user"", ""level"": 2}"
u2643,User 2643,user2643@example.com,"{""role"": ""user"", ""level"": 3}"
u2644,User 2644,user2644@example.com,"{""role"": ""user"", ""level"": 4}"
u2645,User 2645,user2645@example.com,"{""role"": ""user"", ""level"": 0}"
u2646,User 2646,user2646@example.com,"{""role"": ""user"", ""level"": 1}"
u2647,User 2647,user2647@example.com,"{""role"": ""user"", ""level"": 2}"
u2648,User 2648,user2648@example.com,"{""role"": ""user"", ""level"": 3}"
u2649,User 2649,user2649@example.com,"{""role"": ""user"", ""level"": 4}"
u2650,User 2650,user2650@example.com,"{""role"": ""user"", ""level"": 0}"
u2651,User 2651,user2651@example.com,"{""role"": ""user"", ""level"": 1}"
u2652,User 2652,user2652@example.com,"{""role"": ""user"", ""level"": 2}"
u2653,User 2653,user2653@example.com,"{""role"": ""user"", ""level"": 3}"
u2654,User 2654,user2654@example.com,"{""role"": ""user"", ""level"": 4}"
u2655,User 2655,user2655@example.com,"{""role"": ""user"", ""level"": 0}"
u2656,User 2656,user2656@example.com,"{""role"": ""user"", ""level"": 1}"
u2657,User 2657,user2657@example.com,"{""role"": ""user"", ""level"": 2}"
u2658,User 2658,user2658@example.com,"{""role"": ""user"", ""level"": 3}"
u2659,User 2659,user2659@example.com,"{""role"": ""user"", ""level"": 4}"
u2660,User 2660,user2660@example.com,"{""role"": ""user"", ""level"": 0}"
u2661,User 2661,user2661@example.com,"{""role"": ""user"", ""level"": 1}"
u2662,User 2662,user2662@example.com,"{""role"": ""user"", ""level"": 2}"
u2663,User 2663,user2663@example.com,"{""role"": ""user"", ""level"": 3}"
u2664,User 2664,user2664@example.com,"{""role"": ""user"", ""level"": 4}"
u2665,User 2665,user2665@example.com,"{""role"": ""user"", ""level"": 0}"
u2666,User 2666,user2666@example.com,"{""role"": ""user"", ""level"": 1}"
u2667,User 2667,user2667@example.com,"{""role"": ""user"", ""level"": 2}"
u2668,User 2668,user2668@example.com,"{""role"": ""user"", ""level"": 3}"
u2669,User 2669,user2669@example.com,"{""role"": ""user"", ""level"": 4}"
u2670,User 2670,user2670@example.com,"{""role"": ""user"", ""level"": 0}"
u2671,User 2671,user2671@example.com,"{""role"": ""user"", ""level"": 1}"
u2672,User 2672,user2672@example.com,"{""role"": ""user"", ""level"": 2}"
u2673,User 2673,user2673@example.com,"{""role"": ""user"", ""level"": 3}"
u2674,User 2674,user2674@example.com,"{""role"": ""user"", ""level"": 4}"
u2675,User 2675,user2675@example.com,"{""role"": ""user"", ""level"": 0}"
u2676,User 2676,user2676@example.com,"{""role"": ""user"", ""level"": 1}"
u2677,User 2677,user2677@example.com,"{""role"": ""user"", ""level"": 2}"
u2678,User 2678,user2678@example.com,"{""role"": ""user"", ""level"": 3}"
u2679,User 2679,user2679@example.com,"{""role"": ""user"", ""level"": 4}"
u2680,User 2680,user2680@example.com,"{""role"": ""user"", ""level"": 0}"
u2681,User 2681,user2681@example.com,"{""role"": ""user"", ""level"": 1}"
u2682,User 2682,user2682@example.com,"{""role"": ""user"", ""level"": 2}"
u2683,User 2683,user2683@example.com,"{""role"": ""user"", ""level"": 3}"
u2684,User 2684,user2684@example.com,"{""role"": ""user"", ""level"": 4}"
u2685,User 2685,user2685@example.com,"{""role"": ""user"", ""level"": 0}"
u2686,User 2686,user2686@example.com,"{""role"": ""user"", ""level"": 1}"
u2687,User 2687,user2687@example.com,"{""role"": ""user"", ""level"": 2}"
u2688,User 2688,user2688@example.com,"{""role"": ""user"", ""level"": 3}"
u2689,User 2689,user2689@example.com,"{""role"": ""user"", ""level"": 4}"
u2690,User 2690,user2690@example.com,"{""role"": ""user"", ""level"": 0}"
u2691,User 2691,user2691@example.com,"{""role"": ""user"", ""level"": 1}"
u2692,User 2692,user2692@example.com,"{""role"": ""user"", ""level"": 2}"
u2693,User 2693,user2693@example.com,"{""role"": ""user"", ""level"": 3}"
u2694,User 2694,user2694@example.com,"{""role"": ""user"", ""level"": 4}"
u2695,User 2695,user2695@example.com,"{""role"": ""user"", ""level"": 0}"
u2696,User 2696,user2696@example.com,"{""role"": ""user"", ""level"": 1}"
u2697,User 2697,user2697@example.com,"{""role"": ""user"", ""level"": 2}"
u2698,User 2698,user2698@example.com,"{""role"": ""user"", ""level"": 3}"
u2699,User 2699,user2699@example.com,"{""role"": ""user"", ""level"": 4}"
u2700,User 2700,user2700@example.com,"{""role"": ""user"", ""level"": 0}"
u2701,User 2701,user2701@example.com,"{""role"": ""user"", ""level"": 1}"
u2702,User 2702,user2702@example.com,"{""role"": ""user"", ""level"": 2}"
u2703,User 2703,user2703@example.com,"{""role"": ""user"", ""level"": 3}"
u2704,User 2704,user2704@example.com,"{""role"": ""user"", ""level"": 4}"
u2705,User 2705,user2705@example.com,"{""role"": ""user"", ""level"": 0}"
u2706,User 2706,user2706@example.com,"{""role"": ""user"", ""level"": 1}"
u2707,User 2707,user2707@example.com,"{""role"": ""user"", ""level"": 2}"
u2708,User 2708,user2708@example.com,"{""role"": ""user"", ""level"": 3}"
u2709,User 2709,user2709@example.com,"{""role"": ""user"", ""level"": 4}"
u2710,User 2710,user2710@example.com,"{""role"": ""user"", ""level"": 0}"
u2711,User 2711,user2711@example.com,"{""role"": ""user"", ""level"": 1}"
u2712,User 2712,user2712@example.com,"{""role"": ""user"", ""level"": 2}"
u2713,User 2713,user2713@example.com,"{""role"": ""user"", ""level"": 3}"
u2714,User 2714,user2714@example.com,"{""role"": ""user"", ""level"": 4}"
u2715,User 2715,user2715@example.com,"{""role"": ""user"", ""level"": 0}"
u2716,User 2716,user2716@example.com,"{""role"": ""user"", ""level"": 1}"
u2717,User 2717,user2717@example.com,"{""role"": ""user"", ""level"": 2}"
u2718,User 2718,user2718@example.com,"{""role"": ""user"", ""level"": 3}"
u2719,User 2719,user2719@example.com,"{""role"": ""user"", ""level"": 4}"
u2720,User 2720,user2720@example.com,"{""role"": ""user"", ""level"": 0}"
u2721,User 2721,user2721@example.com,"{""role"": ""user"", ""level"": 1}"
u2722,User 2722,user2722@example.com,"{""role"": ""user"", ""level"": 2}"
u2723,User 2723,user2723@example.com,"{""role"": ""user"", ""level"": 3}"
u2724,User 2724,user2724@example.com,"{""role"": ""user"", ""level"": 4}"
u2725,User 2725,user2725@example.com,"{""role"": ""user"", ""level"": 0}"
u2726,User 2726,user2726@example.com,"{""role"": ""user"", ""level"": 1}"
u2727,User 2727,user2727@example.com,"{""role"": ""user"", ""level"": 2}"
u2728,User 2728,user2728@example.com,"{""role"": ""user"", ""level"": 3}"
u2729,User 2729,user2729@example.com,"{""role"": ""user"", ""level"": 4}"
u2730,User 2730,user2730@example.com,"{""role"": ""user"", ""level"": 0}"
u2731,User 2731,user2731@example.com,"{""role"": ""user"", ""level"": 1}"
u2732,User 2732,user2732@example.com,"{""role"": ""user"", ""level"": 2}"
u2733,User 2733,user2733@example.com,"{""role"": ""user"", ""level"": 3}"
u2734,User 2734,user2734@example.com,"{""role"": ""user"", ""level"": 4}"
u2735,User 2735,user2735@example.com,"{""role"": ""user"", ""level"": 0}"
u2736,User 2736,user2736@example.com,"{""role"": ""user"", ""level"": 1}"
u2737,User 2737,user2737@example.com,"{""role"": ""user"", ""level"": 2}"
u2738,User 2738,user2738@example.com,"{""role"": ""user"", ""level"": 3}"
u2739,User 2739,user2739@example.com,"{""role"": ""user"", ""level"": 4}"
u2740,User 2740,user2740@example.com,"{""role"": ""user"", ""level"": 0}"
u2741,User 2741,user2741@example.com,"{""role"": ""user"", ""level"": 1}"
u2742,User 2742,user2742@example.com,"{""role"": ""user"", ""level"": 2}"
u2743,User 2743,user2743@example.com,"{""role"": ""user"", ""level"": 3}"
u2744,User 2744,user2744@example.com,"{""role"": ""user"", ""level"": 4}"
u2745,User 2745,user2745@example.com,"{""role"": ""user"", ""level"": 0}"
u2746,User 2746,user2746@example.com,"{""role"": ""user"", ""level"": 1}"
u2747,User 2747,user2747@example.com,"{""role"": ""user"", ""level"": 2}"
u2748,User 2748,user2748@example.com,"{""role"": ""user"", ""level"": 3}"
u2749,User 2749,user2749@example.com,"{""role"": ""user"", ""level"": 4}"
u2750,User 2750,user2750@example.com,"{""role"": ""user"", ""level"": 0}"
u2751,User 2751,user2751@example.com,"{""role"": ""user"", ""level"": 1}"
u2752,User 2752,user2752@example.com,"{""role"": ""user"", ""level"": 2}"
u2753,User 2753,user2753@example.com,"{""role"": ""user"", ""level"": 3}"
u2754,User 2754,user2754@example.com,"{""role"": ""user"", ""level"": 4}"
u2755,User 2755,user2755@example.com,"{""role"": ""user"", ""level"": 0}"
u2756,User 2756,user2756@example.com,"{""role"": ""user"", ""level"": 1}"
u2757,User 2757,user2757@example.com,"{""role"": ""user"", ""level"": 2}"
u2758,User 2758,user2758@example.com,"{""role"": ""user"", ""level"": 3}"
u2759,User 2759,user2759@example.com,"{""role"": ""user"", ""level"": 4}"
u2760,User 2760,user2760@example.com,"{""role"": ""user"", ""level"": 0}"
u2761,User 2761,user2761@example.com,"{""role"": ""user"", ""level"": 1}"
u2762,User 2762,user2762@example.com,"{""role"": ""user"", ""level"": 2}"
u2763,User 2763,user2763@example.com,"{""role"": ""user"", ""level"": 3}"
u2764,User 2764,user2764@example.com,"{""role"": ""user"", ""level"": 4}"
u2765,User 2765,user2765@example.com,"{""role"": ""user"", ""level"": 0}"
u2766,User 2766,user2766@example.com,"{""role"": ""user"", ""level"": 1}"
u2767,User 2767,user2767@example.com,"{""role"": ""user"", ""level"": 2}"
u2768,User 2768,user2768@example.com,"{""role"": ""user"", ""level"": 3}"
u2769,User 2769,user2769@example.com,"{""role"": ""user"", ""level"": 4}"
u2770,User 2770,user2770@example.com,"{""role"": ""user"", ""level"": 0}"
u2771,User 2771,user2771@example.com,"{""role"": ""user"", ""level"": 1}"
u2772,User 2772,user2772@example.com,"{""role"": ""user"", ""level"": 2}"
u2773,User 2773,user2773@example.com,"{""role"": ""user"", ""level"": 3}"
u2774,User 2774,user2774@example.com,"{""role"": ""user"", ""level"": 4}"
u2775,User 2775,user2775@example.com,"{""role"": ""user"", ""level"": 0}"
u2776,User 2776,user2776@example.com,"{""role"": ""user"", ""level"": 1}"
u2777,User 2777,user2777@example.com,"{""role"": ""user"", ""level"": 2}"
u2778,User 2778,user2778@example.com,"{""role"": ""user"", ""level"": 3}"
u2779,User 2779,user2779@example.com,"{""role"": ""user"", ""level"": 4}"
u2780,User 2780,user2780@example.com,"{""role"": ""user"", ""level"": 0}"
u2781,User 2781,user2781@example.com,"{""role"": ""user"", ""level"": 1}"
u2782,User 2782,user2782@example.com,"{""role"": ""user"", ""level"": 2}"
u2783,User 2783,user2783@example.com,"{""role"": ""user"", ""level"": 3}"
u2784,User 2784,user2784@example.com,"{""role"": ""user"", ""level"": 4}"
u2785,User 2785,user2785@example.com,"{""role"": ""user"", ""level"": 0}"
u2786,User 2786,user2786@example.com,"{""role"": ""user"", ""level"": 1}"
u2787,User 2787,user2787@example.com,"{""role"": ""user"", ""level"": 2}"
u2788,User 2788,user2788@example.com,"{""role"": ""user"", ""level"": 3}"
u2789,User 2789,user2789@example.com,"{""role"": ""user"", ""level"": 4}"
u2790,User 2790,user2790@example.com,"{""role"": ""user"", ""level"": 0}"
u2791,User 2791,user2791@example.com,"{""role"": ""user"", ""level"": 1}"
u2792,User 2792,user2792@example.com,"{""role"": ""user"", ""level"": 2}"
u2793,User 2793,user2793@example.com,"{""role"": ""user"", ""level"": 3}"
u2794,User 2794,user2794@example.com,"{""role"": ""user"", ""level"": 4}"
u2795,User 2795,user2795@example.com,"{""role"": ""user"", ""level"": 0}"
u2796,User 2796,user2796@example.com,"{""role"": ""user"", ""level"": 1}"
u2797,User 2797,user2797@example.com,"{""role"": ""user"", ""level"": 2}"
u2798,User 2798,user2798@example.com,"{""role"": ""user"", ""level"": 3}"
u2799,User 2799,user2799@example.com,"{""role"": ""user"", ""level"": 4}"
u2800,User 2800,user2800@example.com,"{""role"": ""user"", ""level"": 0}"
u2801,User 2801,user2801@example.com,"{""role"": ""user"", ""level"": 1}"
u2802,User 2802,user2802@example.com,"{""role"": ""user"", ""level"": 2}"
u2803,User 2803,user2803@example.com,"{""role"": ""user"", ""level"": 3}"
u2804,User 2804,user2804@example.com,"{""role"": ""user"", ""level"": 4}"
u2805,User 2805,user2805@example.com,"{""role"": ""user"", ""level"": 0}"
u2806,User 2806,user2806@example.com,"{""role"": ""user"", ""level"": 1}"
u2807,User 2807,user2807@example.com,"{""role"": ""user"", ""level"": 2}"
u2808,User 2808,user2808@example.com,"{""role"": ""user"", ""level"": 3}"
u2809,User 2809,user2809@example.com,"{""role"": ""user"", ""level"": 4}"
u2810,User 2810,user2810@example.com,"{""role"": ""user"", ""level"": 0}"
u2811,User 2811,user2811@example.com,"{""role"": ""user"", ""level"": 1}"
u2812,User 2812,user2812@example.com,"{""role"": ""user"", ""level"": 2}"
u2813,User 2813,user2813@example.com,"{""role"": ""user"", ""level"": 3}"
u2814,User 2814,user2814@example.com,"{""role"": ""user"", ""level"": 4}"
u2815,User 2815,user2815@example.com,"{""role"": ""user"", ""level"": 0}"
u2816,User 2816,user2816@example.com,"{""role"": ""user"", ""level"": 1}"
u2817,User 2817,user2817@example.com,"{""role"": ""user"", ""level"": 2}"
u2818,User 2818,user2818@example.com,"{""role"": ""user"", ""level"": 3}"
u2819,User 2819,user2819@example.com,"{""role"": ""user"", ""level"": 4}"
u2820,User 2820,user2820@example.com,"{""role"": ""user"", ""level"": 0}"
u2821,User 2821,user2821@example.com,"{""role"": ""user"", ""level"": 1}"
u2822,User 2822,user2822@example.com,"{""role"": ""user"", ""level"": 2}"
u2823,User 2823,user2823@example.com,"{""role"": ""user"", ""level"": 3}"
u2824,User 2824,user2824@example.com,"{""role"": ""user"", ""level"": 4}"
u2825,User 2825,user2825@example.com,"{""role"": ""user"", ""level"": 0}"
u2826,User 2826,user2826@example.com,"{""role"": ""user"", ""level"": 1}"
u2827,User 2827,user2827@example.com,"{""role"": ""user"", ""level"": 2}"
u2828,User 2828,user2828@example.com,"{""role"": ""user"", ""level"": 3}"
u2829,User 2829,user2829@example.com,"{""role"": ""user"", ""level"": 4}"
u2830,User 2830,user2830@example.com,"{""role"": ""user"", ""level"": 0}"
u2831,User 2831,user2831@example.com,"{""role"": ""user"", ""level"": 1}"
u2832,User 2832,user2832@example.com,"{""role"": ""user"", ""level"": 2}"
u2833,User 2833,user2833@example.com,"{""role"": ""user"", ""level"": 3}"
u2834,User 2834,user2834@example.com,"{""role"": ""user"", ""level"": 4}"
u2835,User 2835,user2835@example.com,"{""role"": ""user"", ""level"": 0}"
u2836,User 2836,user2836@example.com,"{""role"": ""user"", ""level"": 1}"
u2837,User 2837,user2837@example.com,"{""role"": ""user"", ""level"": 2}"
u2838,User 2838,user2838@example.com,"{""role"": ""user"", ""level"": 3}"
u2839,User 2839,user2839@example.com,"{""role"": ""user"", ""level"": 4}"
u2840,User 2840,user2840@example.com,"{""role"": ""user"", ""level"": 0}"
u2841,User 2841,user2841@example.com,"{""role"": ""user"", ""level"": 1}"
u2842,User 2842,user2842@example.com,"{""role"": ""user"", ""level"": 2}"
u2843,User 2843,user2843@example.com,"{""role"": ""user"", ""level"": 3}"
u2844,User 2844,user2844@example.com,"{""role"": ""user"", ""level"": 4}"
u2845,User 2845,user2845@example.com,"{""role"": ""user"", ""level"": 0}"
u2846,User 2846,user2846@example.com,"{""role"": ""user"", ""level"": 1}"
u2847,User 2847,user2847@example.com,"{""role"": ""user"", ""level"": 2}"
u2848,User 2848,user2848@example.com,"{""role"": ""user"", ""level"": 3}"
u2849,User 2849,user2849@example.com,"{""role"": ""user"", ""level"": 4}"
u2850,User 2850,user2850@example.com,"{""role"": ""user"", ""level"": 0}"
u2851,User 2851,user2851@example.com,"{""role"": ""user"", ""level"": 1}"
u2852,User 2852,user2852@example.com,"{""role"": ""user"", ""level"": 2}"
u2853,User 2853,user2853@example.com,"{""role"": ""user"", ""level"": 3}"
u2854,User 2854,user2854@example.com,"{""role"": ""user"", ""level"": 4}"
u2855,User 2855,user2855@example.com,"{""role"": ""user"", ""level"": 0}"
u2856,User 2856,user2856@example.com,"{""role"": ""user"", ""level"": 1}"
u2857,User 2857,user2857@example.com,"{""role"": ""user"", ""level"": 2}"
u2858,User 2858,user2858@example.com,"{""role"": ""user"", ""level"": 3}"
u2859,User 2859,user2859@example.com,"{""role"": ""user"", ""level"": 4}"
u2860,User 2860,user2860@example.com,"{""role"": ""user"", ""level"": 0}"
u2861,User 2861,user2861@example.com,"{""role"": ""user"", ""level"": 1}"
u2862,User 2862,user2862@example.com,"{""role"": ""user"", ""level"": 2}"
u2863,User 2863,user2863@example.com,"{""role"": ""user"", ""level"": 3}"
u2864,User 2864,user2864@example.com,"{""role"": ""user"", ""level"": 4}"
u2865,User 2865,user2865@example.com,"{""role"": ""user"", ""level"": 0}"
u2866,User 2866,user2866@example.com,"{""role"": ""user"", ""level"": 1}"
u2867,User 2867,user2867@example.com,"{""role"": ""user"", ""level"": 2}"
u2868,User 2868,user2868@example.com,"{""role"": ""user"", ""level"": 3}"
u2869,User 2869,user2869@example.com,"{""role"": ""user"", ""level"": 4}"
u2870,User 2870,user2870@example.com,"{""role"": ""user"", ""level"": 0}"
u2871,User 2871,user2871@example.com,"{""role"": ""user"", ""level"": 1}"
u2872,User 2872,user2872@example.com,"{""role"": ""user"", ""level"": 2}"
u2873,User 2873,user2873@example.com,"{""role"": ""user"", ""level"": 3}"
u2874,User 2874,user2874@example.com,"{""role"": ""user"", ""level"": 4}"
u2875,User 2875,user2875@example.com,"{""role"": ""user"", ""level"": 0}"
u2876,User 2876,user2876@example.com,"{""role"": ""user"", ""level"": 1}"
u2877,User 2877,user2877@example.com,"{""role"": ""user"", ""level"": 2}"
u2878,User 2878,user2878@example.com,"{""role"": ""user"", ""level"": 3}"
u2879,User 2879,user2879@example.com,"{""role"": ""user"", ""level"": 4}"
u2880,User 2880,user2880@example.com,"{""role"": ""user"", ""level"": 0}"
u2881,User 2881,user2881@example.com,"{""role"": ""user"", ""level"": 1}"
u2882,User 2882,user2882@example.com,"{""role"": ""user"", ""level"": 2}"
u2883,User 2883,user2883@example.com,"{""role"": ""user"", ""level"": 3}"
u2884,User 2884,user2884@example.com,"{""role"": ""user"", ""level"": 4}"
u2885,User 2885,user2885@example.com,"{""role"": ""user"", ""level"": 0}"
u2886,User 2886,user2886@example.com,"{""role"": ""user"", ""level"": 1}"
u2887,User 2887,user2887@example.com,"{""role"": ""user"", ""level"": 2}"
u2888,User 2888,user2888@example.com,"{""role"": ""user"", ""level"": 3}"
u2889,User 2889,user2889@example.com,"{""role"": ""user"", ""level"": 4}"
u2890,User 2890,user2890@example.com,"{""role"": ""user"", ""level"": 0}"
u2891,User 2891,user2891@example.com,"{""role"": ""user"", ""level"": 1}"
u2892,User 2892,user2892@example.com,"{""role"": ""user"", ""level"": 2}"
u2893,User 2893,user2893@example.com,"{""role"": ""user"", ""level"": 3}"
u2894,User 2894,user2894@example.com,"{""role"": ""user"", ""level"": 4}"
u2895,User 2895,user2895@example.com,"{""role"": ""user"", ""level"": 0}"
u2896,User 2896,user2896@example.com,"{""role"": ""user"", ""level"": 1}"
u2897,User 2897,user2897@example.com,"{""role"": ""user"", ""level"": 2}"
u2898,User 2898,user2898@example.com,"{""role"": ""user"", ""level"": 3}"
u2899,User 2899,user2899@example.com,"{""role"": ""user"", ""level"": 4}"
u2900,User 2900,user2900@example.com,"{""role"": ""user"", ""level"": 0}"
u2901,User 2901,user2901@example.com,"{""role"": ""user"", ""level"": 1}"
u2902,User 2902,user2902@example.com,"{""role"": ""user"", ""level"": 2}"
u2903,User 2903,user2903@example.com,"{""role"": ""user"", ""level"": 3}"
u2904,User 2904,user2904@example.com,"{""role"": ""user"", ""level"": 4}"
u2905,User 2905,user2905@example.com,"{""role"": ""user"", ""level"": 0}"
u2906,User 2906,user2906@example.com,"{""role"": ""user"", ""level"": 1}"
u2907,User 2907,user2907@example.com,"{""role"": ""user"", ""level"": 2}"
u2908,User 2908,user2908@example.com,"{""role"": ""user"", ""level"": 3}"
u2909,User 2909,user2909@example.com,"{""role"": ""user"", ""level"": 4}"
u2910,User 2910,user2910@example.com,"{""role"": ""user"", ""level"": 0}"
u2911,User 2911,user2911@example.com,"{""role"": ""user"", ""level"": 1}"
u2912,User 2912,user2912@example.com,"{""role"": ""user"", ""level"": 2}"
u2913,User 2913,user2913@example.com,"{""role"": ""user"", ""level"": 3}"
u2914,User 2914,user2914@example.com,"{""role"": ""user"", ""level"": 4}"
u2915,User 2915,user2915@example.com,"{""role"": ""user"", ""level"": 0}"
u2916,User 2916,user2916@example.com,"{""role"": ""user"", ""level"": 1}"
u2917,User 2917,user2917@example.com,"{""role"": ""user"", ""level"": 2}"
u2918,User 2918,user2918@example.com,"{""role"": ""user"", ""level"": 3}"
u2919,User 2919,user2919@example.com,"{""role"": ""user"", ""level"": 4}"
u2920,User 2920,user2920@example.com,"{""role"": ""user"", ""level"": 0}"
u2921,User 2921,user2921@example.com,"{""role"": ""user"", ""level"": 1}"
u2922,User 2922,user2922@example.com,"{""role"": ""user"", ""level"": 2}"
u2923,User 2923,user2923@example.com,"{""role"": ""user"", ""level"": 3}"
u2924,User 2924,user2924@example.com,"{""role"": ""user"", ""level"": 4}"
u2925,User 2925,user2925@example.com,"{""role"": ""user"", ""level"": 0}"
u2926,User 2926,user2926@example.com,"{""role"": ""user"", ""level"": 1}"
u2927,User 2927,user2927@example.com,"{""role"": ""user"", ""level"": 2}"
u2928,User 2928,user2928@example.com,"{""role"": ""user"", ""level"": 3}"
u2929,User 2929,user2929@example.com,"{""role"": ""user"", ""level"": 4}"
u2930,User 2930,user2930@example.com,"{""role"": ""user"", ""level"": 0}"
u2931,User 2931,user2931@example.com,"{""role"": ""user"", ""level"": 1}"
u2932,User 2932,user2932@example.com,"{""role"": ""user"", ""level"": 2}"
u2933,User 2933,user2933@example.com,"{""role"": ""user"", ""level"": 3}"
u2934,User 2934,user2934@example.com,"{""role"": ""user"", ""level"": 4}"
u2935,User 2935,user2935@example.com,"{""role"": ""user"", ""level"": 0}"
u2936,User 2936,user2936@example.com,"{""role"": ""user"", ""level"": 1}"
u2937,User 2937,user2937@example.com,"{""role"": ""user"", ""level"": 2}"
u2938,User 2938,user2938@example.com,"{""role"": ""user"", ""level"": 3}"
u2939,User 2939,user2939@example.com,"{""role"": ""user"", ""level"": 4}"
u2940,User 2940,user2940@example.com,"{""role"": ""user"", ""level"": 0}"
u2941,User 2941,user2941@example.com,"{""role"": ""user"", ""level"": 1}"
u2942,User 2942,user2942@example.com,"{""role"": ""user"", ""level"": 2}"
u2943,User 2943,user2943@example.com,"{""role"": ""user"", ""level"": 3}"
u2944,User 2944,user2944@example.com,"{""role"": ""user"", ""level"": 4}"
u2945,User 2945,user2945@example.com,"{""role"": ""user"", ""level"": 0}"
u2946,User 2946,user2946@example.com,"{""role"": ""user"", ""level"": 1}"
u2947,User 2947,user2947@example.com,"{""role"": ""user"", ""level"": 2}"
u2948,User 2948,user2948@example.com,"{""role"": ""user"", ""level"": 3}"
u2949,User 2949,user2949@example.com,"{""role"": ""user"", ""level"": 4}"
u2950,User 2950,user2950@example.com,"{""role"": ""user"", ""level"": 0}"
u2951,User 2951,user2951@example.com,"{""role"": ""user"", ""level"": 1}"
u2952,User 2952,user2952@example.com,"{""role"": ""user"", ""level"": 2}"
u2953,User 2953,user2953@example.com,"{""role"": ""user"", ""level"": 3}"
u2954,User 2954,user2954@example.com,"{""role"": ""user"", ""level"": 4}"
u2955,User 2955,user2955@example.com,"{""role"": ""user"", ""level"": 0}"
u2956,User 2956,user2956@example.com,"{""role"": ""user"", ""level"": 1}"
u2957,User 2957,user2957@example.com,"{""role"": ""user"", ""level"": 2}"
u2958,User 2958,user2958@example.com,"{""role"": ""user"", ""level"": 3}"
u2959,User 2959,user2959@example.com,"{""role"": ""user"", ""level"": 4}"
u2960,User 2960,user2960@example.com,"{""role"": ""user"", ""level"": 0}"
u2961,User 2961,user2961@example.com,"{""role"": ""user"", ""level"": 1}"
u2962,User 2962,user2962@example.com,"{""role"": ""user"", ""level"": 2}"
u2963,User 2963,user2963@example.com,"{""role"": ""user"", ""level"": 3}"
u2964,User 2964,user2964@example.com,"{""role"": ""user"", ""level"": 4}"
u2965,User 2965,user2965@example.com,"{""role"": ""user"", ""level"": 0}"
u2966,User 2966,user2966@example.com,"{""role"": ""user"", ""level"": 1}"
u2967,User 2967,user2967@example.com,"{""role"": ""user"", ""level"": 2}"
u2968,User 2968,user2968@example.com,"{""role"": ""user"", ""level"": 3}"
u2969,User 2969,user2969@example.com,"{""role"": ""user"", ""level"": 4}"
u2970,User 2970,user2970@example.com,"{""role"": ""user"", ""level"": 0}"
u2971,User 2971,user2971@example.com,"{""role"": ""user"", ""level"": 1}"
u2972,User 2972,user2972@example.com,"{""role"": ""user"", ""level"": 2}"
u2973,User 2973,user2973@example.com,"{""role"": ""user"", ""level"": 3}"
u2974,User 2974,user2974@example.com,"{""role"": ""user"", ""level"": 4}"
u2975,User 2975,user2975@example.com,"{""role"": ""user"", ""level"": 0}"
u2976,User 2976,user2976@example.com,"{""role"": ""user"", ""level"": 1}"
u2977,User 2977,user2977@example.com,"{""role"": ""user"", ""level"": 2}"
u2978,User 2978,user2978@example.com,"{""role"": ""user"", ""level"": 3}"
u2979,User 2979,user2979@example.com,"{""role"": ""user"", ""level"": 4}"
u2980,User 2980,user2980@example.com,"{""role"": ""user"", ""level"": 0}"
u2981,User 2981,user2981@example.com,"{""role"": ""user"", ""level"": 1}"
u2982,User 2982,user2982@example.com,"{""role"": ""user"", ""level"": 2}"
u2983,User 2983,user2983@example.com,"{""role"": ""user"", ""level"": 3}"
u2984,User 2984,user2984@example.com,"{""role"": ""user"", ""level"": 4}"
u2985,User 2985,user2985@example.com,"{""role"": ""user"", ""level"": 0}"
u2986,User 2986,user2986@example.com,"{""role"": ""user"", ""level"": 1}"
u2987,User 2987,user2987@example.com,"{""role"": ""user"", ""level"": 2}"
u2988,User 2988,user2988@example.com,"{""role"": ""user"", ""level"": 3}"
u2989,User 2989,user2989@example.com,"{""role"": ""user"", ""level"": 4}"
u2990,User 2990,user2990@example.com,"{""role"": ""user"", ""level"": 0}"
u2991,User 2991,user2991@example.com,"{""role"": ""user"", ""level"": 1}"
u2992,User 2992,user2992@example.com,"{""role"": ""user"", ""level"": 2}"
u2993,User 2993,user2993@example.com,"{""role"": ""user"", ""level"": 3}"
u2994,User 2994,user2994@example.com,"{""role"": ""user"", ""level"": 4}"
u2995,User 2995,user2995@example.com,"{""role"": ""user"", ""level"": 0}"
u2996,User 2996,user2996@example.com,"{""role"": ""user"", ""level"": 1}"
u2997,User 2997,user2997@example.com,"{""role"": ""user"", ""level"": 2}"
u2998,User 2998,user2998@example.com,"{""role"": ""user"", ""level"": 3}"
u2999,User 2999,user2999@example.com,"{""role"": ""user"", ""level"": 4}"
u3000,User 3000,user3000@example.com,"{""role"": ""user"", ""level"": 0}"
u3001,User 3001,user3001@example.com,"{""role"": ""user"", ""level"": 1}"
u3002,User 3002,user3002@example.com,"{""role"": ""user"", ""level"": 2}"
u3003,User 3003,user3003@example.com,"{""role"": ""user"", ""level"": 3}"
u3004,User 3004,user3004@example.com,"{""role"": ""user"", ""level"": 4}"
u3005,User 3005,user3005@example.com,"{""role"": ""user"", ""level"": 0}"
u3006,User 3006,user3006@example.com,"{""role"": ""user"", ""level"": 1}"
u3007,User 3007,user3007@example.com,"{""role"": ""user"", ""level"": 2}"
u3008,User 3008,user3008@example.com,"{""role"": ""user"", ""level"": 3}"
u3009,User 3009,user3009@example.com,"{""role"": ""user"", ""level"": 4}"
u3010,User 3010,user3010@example.com,"{""role"": ""user"", ""level"": 0}"
u3011,User 3011,user3011@example.com,"{""role"": ""user"", ""level"": 1}"
u3012,User 3012,user3012@example.com,"{""role"": ""user"", ""level"": 2}"
u3013,User 3013,user3013@example.com,"{""role"": ""user"", ""level"": 3}"
u3014,User 3014,user3014@example.com,"{""role"": ""user"", ""level"": 4}"
u3015,User 3015,user3015@example.com,"{""role"": ""user"", ""level"": 0}"
u3016,User 3016,user3016@example.com,"{""role"": ""user"", ""level"": 1}"
u3017,User 3017,user3017@example.com,"{""role"": ""user"", ""level"": 2}"
u3018,User 3018,user3018@example.com,"{""role"": ""user"", ""level"": 3}"
u3019,User 3019,user3019@example.com,"{""role"": ""user"", ""level"": 4}"
u3020,User 3020,user3020@example.com,"{""role"": ""user"", ""level"": 0}"
u3021,User 3021,user3021@example.com,"{""role"": ""user"", ""level"": 1}"
u3022,User 3022,user3022@example.com,"{""role"": ""user"", ""level"": 2}"
u3023,User 3023,user3023@example.com,"{""role"": ""user"", ""level"": 3}"
u3024,User 3024,user3024@example.com,"{""role"": ""user"", ""level"": 4}"
u3025,User 3025,user3025@example.com,"{""role"": ""user"", ""level"": 0}"
u3026,User 3026,user3026@example.com,"{""role"": ""user"", ""level"": 1}"
u3027,User 3027,user3027@example.com,"{""role"": ""user"", ""level"": 2}"
u3028,User 3028,user3028@example.com,"{""role"": ""user"", ""level"": 3}"
u3029,User 3029,user3029@example.com,"{""role"": ""user"", ""level"": 4}"
u3030,User 3030,user3030@example.com,"{""role"": ""user"", ""level"": 0}"
u3031,User 3031,user3031@example.com,"{""role"": ""user"", ""level"": 1}"
u3032,User 3032,user3032@example.com,"{""role"": ""user"", ""level"": 2}"
u3033,User 3033,user3033@example.com,"{""role"": ""user"", ""level"": 3}"
u3034,User 3034,user3034@example.com,"{""role"": ""user"", ""level"": 4}"
u3035,User 3035,user3035@example.com,"{""role"": ""user"", ""level"": 0}"
u3036,User 3036,user3036@example.com,"{""role"": ""user"", ""level"": 1}"
u3037,User 3037,user3037@example.com,"{""role"": ""user"", ""level"": 2}"
u3038,User 3038,user3038@example.com,"{""role"": ""user"", ""level"": 3}"
u3039,User 3039,user3039@example.com,"{""role"": ""user"", ""level"": 4}"
u3040,User 3040,user3040@example.com,"{""role"": ""user"", ""level"": 0}"
u3041,User 3041,user3041@example.com,"{""role"": ""user"", ""level"": 1}"
u3042,User 3042,user3042@example.com,"{""role"": ""user"", ""level"": 2}"
u3043,User 3043,user3043@example.com,"{""role"": ""user"", ""level"": 3}"
u3044,User 3044,user3044@example.com,"{""role"": ""user"", ""level"": 4}"
u3045,User 3045,user3045@example.com,"{""role"": ""user"", ""level"": 0}"
u3046,User 3046,user3046@example.com,"{""role"": ""user"", ""level"": 1}"
u3047,User 3047,user3047@example.com,"{""role"": ""user"", ""level"": 2}"
u3048,User 3048,user3048@example.com,"{""role"": ""user"", ""level"": 3}"
u3049,User 3049,user3049@example.com,"{""role"": ""user"", ""level"": 4}"
u3050,User 3050,user3050@example.com,"{""role"": ""user"", ""level"": 0}"
u3051,User 3051,user3051@example.com,"{""role"": ""user"", ""level"": 1}"
u3052,User 3052,user3052@example.com,"{""role"": ""user"", ""level"": 2}"
u3053,User 3053,user3053@example.com,"{""role"": ""user"", ""level"": 3}"
u3054,User 3054,user3054@example.com,"{""role"": ""user"", ""level"": 4}"
u3055,User 3055,user3055@example.com,"{""role"": ""user"", ""level"": 0}"
u3056,User 3056,user3056@example.com,"{""role"": ""user"", ""level"": 1}"
u3057,User 3057,user3057@example.com,"{""role"": ""user"", ""level"": 2}"
u3058,User 3058,user3058@example.com,"{""role"": ""user"", ""level"": 3}"
u3059,User 3059,user3059@example.com,"{""role"": ""user"", ""level"": 4}"
u3060,User 3060,user3060@example.com,"{""role"": ""user"", ""level"": 0}"
u3061,User 3061,user3061@example.com,"{""role"": ""user"", ""level"": 1}"
u3062,User 3062,user3062@example.com,"{""role"": ""user"", ""level"": 2}"
u3063,User 3063,user3063@example.com,"{""role"": ""user"", ""level"": 3}"
u3064,User 3064,user3064@example.com,"{""role"": ""user"", ""level"": 4}"
u3065,User 3065,user3065@example.com,"{""role"": ""user"", ""level"": 0}"
u3066,User 3066,user3066@example.com,"{""role"": ""user"", ""level"": 1}"
u3067,User 3067,user3067@example.com,"{""role"": ""user"", ""level"": 2}"
u3068,User 3068,user3068@example.com,"{""role"": ""user"", ""level"": 3}"
u3069,User 3069,user3069@example.com,"{""role"": ""user"", ""level"": 4}"
u3070,User 3070,user3070@example.com,"{""role"": ""user"", ""level"": 0}"
u3071,User 3071,user3071@example.com,"{""role"": ""user"", ""level"": 1}"
u3072,User 3072,user3072@example.com,"{""role"": ""user"", ""level"": 2}"
u3073,User 3073,user3073@example.com,"{""role"": ""user"", ""level"": 3}"
u3074,User 3074,user3074@example.com,"{""role"": ""user"", ""level"": 4}"
u3075,User 3075,user3075@example.com,"{""role"": ""user"", ""level"": 0}"
u3076,User 3076,user3076@example.com,"{""role"": ""user"", ""level"": 1}"
u3077,User 3077,user3077@example.com,"{""role"": ""user"", ""level"": 2}"
u3078,User 3078,user3078@example.com,"{""role"": ""user"", ""level"": 3}"
u3079,User 3079,user3079@example.com,"{""role"": ""user"", ""level"": 4}"
u3080,User 3080,user3080@example.com,"{""role"": ""user"", ""level"": 0}"
u3081,User 3081,user3081@example.com,"{""role"": ""user"", ""level"": 1}"
u3082,User 3082,user3082@example.com,"{""role"": ""user"", ""level"": 2}"
u3083,User 3083,user3083@example.com,"{""role"": ""user"", ""level"": 3}"
u3084,User 3084,user3084@example.com,"{""role"": ""user"", ""level"": 4}"
u3085,User 3085,user3085@example.com,"{""role"": ""user"", ""level"": 0}"
u3086,User 3086,user3086@example.com,"{""role"": ""user"", ""level"": 1}"
u3087,User 3087,user3087@example.com,"{""role"": ""user"", ""level"": 2}"
u3088,User 3088,user3088@example.com,"{""role"": ""user"", ""level"": 3}"
u3089,User 3089,user3089@example.com,"{""role"": ""user"", ""level"": 4}"
u3090,User 3090,user3090@example.com,"{""role"": ""user"", ""level"": 0}"
u3091,User 3091,user3091@example.com,"{""role"": ""user"", ""level"": 1}"
u3092,User 3092,user3092@example.com,"{""role"": ""user"", ""level"": 2}"
u3093,User 3093,user3093@example.com,"{""role"": ""user"", ""level"": 3}"
u3094,User 3094,user3094@example.com,"{""role"": ""user"", ""level"": 4}"
u3095,User 3095,user3095@example.com,"{""role"": ""user"", ""level"": 0}"
u3096,User 3096,user3096@example.com,"{""role"": ""user"", ""level"": 1}"
u3097,User 3097,user3097@example.com,"{""role"": ""user"", ""level"": 2}"
u3098,User 3098,user3098@example.com,"{""role"": ""user"", ""level"": 3}"
u3099,User 3099,user3099@example.com,"{""role"": ""user"", ""level"": 4}"
u3100,User 3100,user3100@example.com,"{""role"": ""user"", ""level"": 0}"
u3101,User 3101,user3101@example.com,"{""role"": ""user"", ""level"": 1}"
u3102,User 3102,user3102@example.com,"{""role"": ""user"", ""level"": 2}"
u3103,User 3103,user3103@example.com,"{""role"": ""user"", ""level"": 3}"
u3104,User 3104,user3104@example.com,"{""role"": ""user"", ""level"": 4}"
u3105,User 3105,user3105@example.com,"{""role"": ""user"", ""level"": 0}"
u3106,User 3106,user3106@example.com,"{""role"": ""user"", ""level"": 1}"
u3107,User 3107,user3107@example.com,"{""role"": ""user"", ""level"": 2}"
u3108,User 3108,user3108@example.com,"{""role"": ""user"", ""level"": 3}"
u3109,User 3109,user3109@example.com,"{""role"": ""user"", ""level"": 4}"
u3110,User 3110,user3110@example.com,"{""role"": ""user"", ""level"": 0}"
u3111,User 3111,user3111@example.com,"{""role"": ""user"", ""level"": 1}"
u3112,User 3112,user3112@example.com,"{""role"": ""user"", ""level"": 2}"
u3113,User 3113,user3113@example.com,"{""role"": ""user"", ""level"": 3}"
u3114,User 3114,user3114@example.com,"{""role"": ""user"", ""level"": 4}"
u3115,User 3115,user3115@example.com,"{""role"": ""user"", ""level"": 0}"
u3116,User 3116,user3116@example.com,"{""role"": ""user"", ""level"": 1}"
u3117,User 3117,user3117@example.com,"{""role"": ""user"", ""level"": 2}"
u3118,User 3118,user3118@example.com,"{""role"": ""user"", ""level"": 3}"
u3119,User 3119,user3119@example.com,"{""role"": ""user"", ""level"": 4}"
u3120,User 3120,user3120@example.com,"{""role"": ""user"", ""level"": 0}"
u3121,User 3121,user3121@example.com,"{""role"": ""user"", ""level"": 1}"
u3122,User 3122,user3122@example.com,"{""role"": ""user"", ""level"": 2}"
u3123,User 3123,user3123@example.com,"{""role"": ""user"", ""level"": 3}"
u3124,User 3124,user3124@example.com,"{""role"": ""user"", ""level"": 4}"
u3125,User 3125,user3125@example.com,"{""role"": ""user"", ""level"": 0}"
u3126,User 3126,user3126@example.com,"{""role"": ""user"", ""level"": 1}"
u3127,User 3127,user3127@example.com,"{""role"": ""user"", ""level"": 2}"
u3128,User 3128,user3128@example.com,"{""role"": ""user"", ""level"": 3}"
u3129,User 3129,user3129@example.com,"{""role"": ""user"", ""level"": 4}"
u3130,User 3130,user3130@example.com,"{""role"": ""user"", ""level"": 0}"
u3131,User 3131,user3131@example.com,"{""role"": ""user"", ""level"": 1}"
u3132,User 3132,user3132@example.com,"{""role"": ""user"", ""level"": 2}"
u3133,User 3133,user3133@example.com,"{""role"": ""user"", ""level"": 3}"
u3134,User 3134,user3134@example.com,"{""role"": ""user"", ""level"": 4}"
u3135,User 3135,user3135@example.com,"{""role"": ""user"", ""level"": 0}"
u3136,User 3136,user3136@example.com,"{""role"": ""user"", ""level"": 1}"
u3137,User 3137,user3137@example.com,"{""role"": ""user"", ""level"": 2}"
u3138,User 3138,user3138@example.com,"{""role"": ""user"", ""level"": 3}"
u3139,User 3139,user3139@example.com,"{""role"": ""user"", ""level"": 4}"
u3140,User 3140,user3140@example.com,"{""role"": ""user"", ""level"": 0}"
u3141,User 3141,user3141@example.com,"{""role"": ""user"", ""level"": 1}"
u3142,User 3142,user3142@example.com,"{""role"": ""user"", ""level"": 2}"
u3143,User 3143,user3143@example.com,"{""role"": ""user"", ""level"": 3}"
u3144,User 3144,user3144@example.com,"{""role"": ""user"", ""level"": 4}"
u3145,User 3145,user3145@example.com,"{""role"": ""user"", ""level"": 0}"
u3146,User 3146,user3146@example.com,"{""role"": ""user"", ""level"": 1}"
u3147,User 3147,user3147@example.com,"{""role"": ""user"", ""level"": 2}"
u3148,User 3148,user3148@example.com,"{""role"": ""user"", ""level"": 3}"
u3149,User 3149,user3149@example.com,"{""role"": ""user"", ""level"": 4}"
u3150,User 3150,user3150@example.com,"{""role"": ""user"", ""level"": 0}"
u3151,User 3151,user3151@example.com,"{""role"": ""user"", ""level"": 1}"
u3152,User 3152,user3152@example.com,"{""role"": ""user"", ""level"": 2}"
u3153,User 3153,user3153@example.com,"{""role"": ""user"", ""level"": 3}"
u3154,User 3154,user3154@example.com,"{""role"": ""user"", ""level"": 4}"
u3155,User 3155,user3155@example.com,"{""role"": ""user"", ""level"": 0}"
u3156,User 3156,user3156@example.com,"{""role"": ""user"", ""level"": 1}"
u3157,User 3157,user3157@example.com,"{""role"": ""user"", ""level"": 2}"
u3158,User 3158,user3158@example.com,"{""role"": ""user"", ""level"": 3}"
u3159,User 3159,user3159@example.com,"{""role"": ""user"", ""level"": 4}"
u3160,User 3160,user3160@example.com,"{""role"": ""user"", ""level"": 0}"
u3161,User 3161,user3161@example.com,"{""role"": ""user"", ""level"": 1}"
u3162,User 3162,user3162@example.com,"{""role"": ""user"", ""level"": 2}"
u3163,User 3163,user3163@example.com,"{""role"": ""user"", ""level"": 3}"
u3164,User 3164,user3164@example.com,"{""role"": ""user"", ""level"": 4}"
u3165,User 3165,user3165@example.com,"{""role"": ""user"", ""level"": 0}"
u3166,User 3166,user3166@example.com,"{""role"": ""user"", ""level"": 1}"
u3167,User 3167,user3167@example.com,"{""role"": ""user"", ""level"": 2}"
u3168,User 3168,user3168@example.com,"{""role"": ""user"", ""level"": 3}"
u3169,User 3169,user3169@example.com,"{""role"": ""user"", ""level"": 4}"
u3170,User 3170,user3170@example.com,"{""role"": ""user"", ""level"": 0}"
u3171,User 3171,user3171@example.com,"{""role"": ""user"", ""level"": 1}"
u3172,User 3172,user3172@example.com,"{""role"": ""user"", ""level"": 2}"
u3173,User 3173,user3173@example.com,"{""role"": ""user"", ""level"": 3}"
u3174,User 3174,user3174@example.com,"{""role"": ""user"", ""level"": 4}"
u3175,User 3175,user3175@example.com,"{""role"": ""user"", ""level"": 0}"
u3176,User 3176,user3176@example.com,"{""role"": ""user"", ""level"": 1}"
u3177,User 3177,user3177@example.com,"{""role"": ""user"", ""level"": 2}"
u3178,User 3178,user3178@example.com,"{""role"": ""user"", ""level"": 3}"
u3179,User 3179,user3179@example.com,"{""role"": ""user"", ""level"": 4}"
u3180,User 3180,user3180@example.com,"{""role"": ""user"", ""level"": 0}"
u3181,User 3181,user3181@example.com,"{""role"": ""user"", ""level"": 1}"
u3182,User 3182,user3182@example.com,"{""role"": ""user"", ""level"": 2}"
u3183,User 3183,user3183@example.com,"{""role"": ""user"", ""level"": 3}"
u3184,User 3184,user3184@example.com,"{""role"": ""user"", ""level"": 4}"
u3185,User 3185,user3185@example.com,"{""role"": ""user"", ""level"": 0}"
u3186,User 3186,user3186@example.com,"{""role"": ""user"", ""level"": 1}"
u3187,User 3187,user3187@example.com,"{""role"": ""user"", ""level"": 2}"
u3188,User 3188,user3188@example.com,"{""role"": ""user"", ""level"": 3}"
u3189,User 3189,user3189@example.com,"{""role"": ""user"", ""level"": 4}"
u3190,User 3190,user3190@example.com,"{""role"": ""user"", ""level"": 0}"
u3191,User 3191,user3191@example.com,"{""role"": ""user"", ""level"": 1}"
u3192,User 3192,user3192@example.com,"{""role"": ""user"", ""level"": 2}"
u3193,User 3193,user3193@example.com,"{""role"": ""user"", ""level"": 3}"
u3194,User 3194,user3194@example.com,"{""role"": ""user"", ""level"": 4}"
u3195,User 3195,user3195@example.com,"{""role"": ""user"", ""level"": 0}"
u3196,User 3196,user3196@example.com,"{""role"": ""user"", ""level"": 1}"
u3197,User 3197,user3197@example.com,"{""role"": ""user"", ""level"": 2}"
u3198,User 3198,user3198@example.com,"{""role"": ""user"", ""level"": 3}"
u3199,User 3199,user3199@example.com,"{""role"": ""user"", ""level"": 4}"
u3200,User 3200,user3200@example.com,"{""role"": ""user"", ""level"": 0}"
u3201,User 3201,user3201@example.com,"{""role"": ""user"", ""level"": 1}"
u3202,User 3202,user3202@example.com,"{""role"": ""user"", ""level"": 2}"
u3203,User 3203,user3203@example.com,"{""role"": ""user"", ""level"": 3}"
u3204,User 3204,user3204@example.com,"{""role"": ""user"", ""level"": 4}"
u3205,User 3205,user3205@example.com,"{""role"": ""user"", ""level"": 0}"
u3206,User 3206,user3206@example.com,"{""role"": ""user"", ""level"": 1}"
u3207,User 3207,user3207@example.com,"{""role"": ""user"", ""level"": 2}"
u3208,User 3208,user3208@example.com,"{""role"": ""user"", ""level"": 3}"
u3209,User 3209,user3209@example.com,"{""role"": ""user"", ""level"": 4}"
u3210,User 3210,user3210@example.com,"{""role"": ""user"", ""level"": 0}"
u3211,User 3211,user3211@example.com,"{""role"": ""user"", ""level"": 1}"
u3212,User 3212,user3212@example.com,"{""role"": ""user"", ""level"": 2}"
u3213,User 3213,user3213@example.com,"{""role"": ""user"", ""level"": 3}"
u3214,User 3214,user3214@example.com,"{""role"": ""user"", ""level"": 4}"
u3215,User 3215,user3215@example.com,"{""role"": ""user"", ""level"": 0}"
u3216,User 3216,user3216@example.com,"{""role"": ""user"", ""level"": 1}"
u3217,User 3217,user3217@example.com,"{""role"": ""user"", ""level"": 2}"
u3218,User 3218,user3218@example.com,"{""role"": ""user"", ""level"": 3}"
u3219,User 3219,user3219@example.com,"{""role"": ""user"", ""level"": 4}"
u3220,User 3220,user3220@example.com,"{""role"": ""user"", ""level"": 0}"
u3221,User 3221,user3221@example.com,"{""role"": ""user"", ""level"": 1}"
u3222,User 3222,user3222@example.com,"{""role"": ""user"", ""level"": 2}"
u3223,User 3223,user3223@example.com,"{""role"": ""user"", ""level"": 3}"
u3224,User 3224,user3224@example.com,"{""role"": ""user"", ""level"": 4}"
u3225,User 3225,user3225@example.com,"{""role"": ""user"", ""level"": 0}"
u3226,User 3226,user3226@example.com,"{""role"": ""user"", ""level"": 1}"
u3227,User 3227,user3227@example.com,"{""role"": ""user"", ""level"": 2}"
u3228,User 3228,user3228@example.com,"{""role"": ""user"", ""level"": 3}"
u3229,User 3229,user3229@example.com,"{""role"": ""user"", ""level"": 4}"
u3230,User 3230,user3230@example.com,"{""role"": ""user"", ""level"": 0}"
u3231,User 3231,user3231@example.com,"{""role"": ""user"", ""level"": 1}"
u3232,User 3232,user3232@example.com,"{""role"": ""user"", ""level"": 2}"
u3233,User 3233,user3233@example.com,"{""role"": ""user"", ""level"": 3}"
u3234,User 3234,user3234@example.com,"{""role"": ""user"", ""level"": 4}"
u3235,User 3235,user3235@example.com,"{""role"": ""user"", ""level"": 0}"
u3236,User 3236,user3236@example.com,"{""role"": ""user"", ""level"": 1}"
u3237,User 3237,user3237@example.com,"{""role"": ""user"", ""level"": 2}"
u3238,User 3238,user3238@example.com,"{""role"": ""user"", ""level"": 3}"
u3239,User 3239,user3239@example.com,"{""role"": ""user"", ""level"": 4}"
u3240,User 3240,user3240@example.com,"{""role"": ""user"", ""level"": 0}"
u3241,User 3241,user3241@example.com,"{""role"": ""user"", ""level"": 1}"
u3242,User 3242,user3242@example.com,"{""role"": ""user"", ""level"": 2}"
u3243,User 3243,user3243@example.com,"{""role"": ""user"", ""level"": 3}"
u3244,User 3244,user3244@example.com,"{""role"": ""user"", ""level"": 4}"
u3245,User 3245,user3245@example.com,"{""role"": ""user"", ""level"": 0}"
u3246,User 3246,user3246@example.com,"{""role"": ""user"", ""level"": 1}"
u3247,User 3247,user3247@example.com,"{""role"": ""user"", ""level"": 2}"
u3248,User 3248,user3248@example.com,"{""role"": ""user"", ""level"": 3}"
u3249,User 3249,user3249@example.com,"{""role"": ""user"", ""level"": 4}"
u3250,User 3250,user3250@example.com,"{""role"": ""user"", ""level"": 0}"
u3251,User 3251,user3251@example.com,"{""role"": ""user"", ""level"": 1}"
u3252,User 3252,user3252@example.com,"{""role"": ""user"", ""level"": 2}"
u3253,User 3253,user3253@example.com,"{""role"": ""user"", ""level"": 3}"
u3254,User 3254,user3254@example.com,"{""role"": ""user"", ""level"": 4}"
u3255,User 3255,user3255@example.com,"{""role"": ""user"", ""level"": 0}"
u3256,User 3256,user3256@example.com,"{""role"": ""user"", ""level"": 1}"
u3257,User 3257,user3257@example.com,"{""role"": ""user"", ""level"": 2}"
u3258,User 3258,user3258@example.com,"{""role"": ""user"", ""level"": 3}"
u3259,User 3259,user3259@example.com,"{""role"": ""user"", ""level"": 4}"
u3260,User 3260,user3260@example.com,"{""role"": ""user"", ""level"": 0}"
u3261,User 3261,user3261@example.com,"{""role"": ""user"", ""level"": 1}"
u3262,User 3262,user3262@example.com,"{""role"": ""user"", ""level"": 2}"
u3263,User 3263,user3263@example.com,"{""role"": ""user"", ""level"": 3}"
u3264,User 3264,user3264@example.com,"{""role"": ""user"", ""level"": 4}"
u3265,User 3265,user3265@example.com,"{""role"": ""user"", ""level"": 0}"
u3266,User 3266,user3266@example.com,"{""role"": ""user"", ""level"": 1}"
u3267,User 3267,user3267@example.com,"{""role"": ""user"", ""level"": 2}"
u3268,User 3268,user3268@example.com,"{""role"": ""user"", ""level"": 3}"
u3269,User 3269,user3269@example.com,"{""role"": ""user"", ""level"": 4}"
u3270,User 3270,user3270@example.com,"{""role"": ""user"", ""level"": 0}"
u3271,User 3271,user3271@example.com,"{""role"": ""user"", ""level"": 1}"
u3272,User 3272,user3272@example.com,"{""role"": ""user"", ""level"": 2}"
u3273,User 3273,user3273@example.com,"{""role"": ""user"", ""level"": 3}"
u3274,User 3274,user3274@example.com,"{""role"": ""user"", ""level"": 4}"
u3275,User 3275,user3275@example.com,"{""role"": ""user"", ""level"": 0}"
u3276,User 3276,user3276@example.com,"{""role"": ""user"", ""level"": 1}"
u3277,User 3277,user3277@example.com,"{""role"": ""user"", ""level"": 2}"
u3278,User 3278,user3278@example.com,"{""role"": ""user"", ""level"": 3}"
u3279,User 3279,user3279@example.com,"{""role"": ""user"", ""level"": 4}"
u3280,User 3280,user3280@example.com,"{""role"": ""user"", ""level"": 0}"
u3281,User 3281,user3281@example.com,"{""role"": ""user"", ""level"": 1}"
u3282,User 3282,user3282@example.com,"{""role"": ""user"", ""level"": 2}"
u3283,User 3283,user3283@example.com,"{""role"": ""user"", ""level"": 3}"
u3284,User 3284,user3284@example.com,"{""role"": ""user"", ""level"": 4}"
u3285,User 3285,user3285@example.com,"{""role"": ""user"", ""level"": 0}"
u3286,User 3286,user3286@example.com,"{""role"": ""user"", ""level"": 1}"
u3287,User 3287,user3287@example.com,"{""role"": ""user"", ""level"": 2}"
u3288,User 3288,user3288@example.com,"{""role"": ""user"", ""level"": 3}"
u3289,User 3289,user3289@example.com,"{""role"": ""user"", ""level"": 4}"
u3290,User 3290,user3290@example.com,"{""role"": ""user"", ""level"": 0}"
u3291,User 3291,user3291@example.com,"{""role"": ""user"", ""level"": 1}"
u3292,User 3292,user3292@example.com,"{""role"": ""user"", ""level"": 2}"
u3293,User 3293,user3293@example.com,"{""role"": ""user"", ""level"": 3}"
u3294,User 3294,user3294@example.com,"{""role"": ""user"", ""level"": 4}"
u3295,User 3295,user3295@example.com,"{""role"": ""user"", ""level"": 0}"
u3296,User 3296,user3296@example.com,"{""role"": ""user"", ""level"": 1}"
u3297,User 3297,user3297@example.com,"{""role"": ""user"", ""level"": 2}"
u3298,User 3298,user3298@example.com,"{""role"": ""user"", ""level"": 3}"
u3299,User 3299,user3299@example.com,"{""role"": ""user"", ""level"": 4}"
u3300,User 3300,user3300@example.com,"{""role"": ""user"", ""level"": 0}"
u3301,User 3301,user3301@example.com,"{""role"": ""user"", ""level"": 1}"
u3302,User 3302,user3302@example.com,"{""role"": ""user"", ""level"": 2}"
u3303,User 3303,user3303@example.com,"{""role"": ""user"", ""level"": 3}"
u3304,User 3304,user3304@example.com,"{""role"": ""user"", ""level"": 4}"
u3305,User 3305,user3305@example.com,"{""role"": ""user"", ""level"": 0}"
u3306,User 3306,user3306@example.com,"{""role"": ""user"", ""level"": 1}"
u3307,User 3307,user3307@example.com,"{""role"": ""user"", ""level"": 2}"
u3308,User 3308,user3308@example.com,"{""role"": ""user"", ""level"": 3}"
u3309,User 3309,user3309@example.com,"{""role"": ""user"", ""level"": 4}"
u3310,User 3310,user3310@example.com,"{""role"": ""user"", ""level"": 0}"
u3311,User 3311,user3311@example.com,"{""role"": ""user"", ""level"": 1}"
u3312,User 3312,user3312@example.com,"{""role"": ""user"", ""level"": 2}"
u3313,User 3313,user3313@example.com,"{""role"": ""user"", ""level"": 3}"
u3314,User 3314,user3314@example.com,"{""role"": ""user"", ""level"": 4}"
u3315,User 3315,user3315@example.com,"{""role"": ""user"", ""level"": 0}"
u3316,User 3316,user3316@example.com,"{""role"": ""user"", ""level"": 1}"
u3317,User 3317,user3317@example.com,"{""role"": ""user"", ""level"": 2}"
u3318,User 3318,user3318@example.com,"{""role"": ""user"", ""level"": 3}"
u3319,User 3319,user3319@example.com,"{""role"": ""user"", ""level"": 4}"
u3320,User 3320,user3320@example.com,"{""role"": ""user"", ""level"": 0}"
u3321,User 3321,user3321@example.com,"{""role"": ""user"", ""level"": 1}"
u3322,User 3322,user3322@example.com,"{""role"": ""user"", ""level"": 2}"
u3323,User 3323,user3323@example.com,"{""role"": ""user"", ""level"": 3}"
u3324,User 3324,user3324@example.com,"{""role"": ""user"", ""level"": 4}"
u3325,User 3325,user3325@example.com,"{""role"": ""user"", ""level"": 0}"
u3326,User 3326,user3326@example.com,"{""role"": ""user"", ""level"": 1}"
u3327,User 3327,user3327@example.com,"{""role"": ""user"", ""level"": 2}"
u3328,User 3328,user3328@example.com,"{""role"": ""user"", ""level"": 3}"
u3329,User 3329,user3329@example.com,"{""role"": ""user"", ""level"": 4}"
u3330,User 3330,user3330@example.com,"{""role"": ""user"", ""level"": 0}"
u3331,User 3331,user3331@example.com,"{""role"": ""user"", ""level"": 1}"
u3332,User 3332,user3332@example.com,"{""role"": ""user"", ""level"": 2}"
u3333,User 3333,user3333@example.com,"{""role"": ""user"", ""level"": 3}"
u3334,User 3334,user3334@example.com,"{""role"": ""user"", ""level"": 4}"
u3335,User 3335,user3335@example.com,"{""role"": ""user"", ""level"": 0}"
u3336,User 3336,user3336@example.com,"{""role"": ""user"", ""level"": 1}"
u3337,User 3337,user3337@example.com,"{""role"": ""user"", ""level"": 2}"
u3338,User 3338,user3338@example.com,"{""role"": ""user"", ""level"": 3}"
u3339,User 3339,user3339@example.com,"{""role"": ""user"", ""level"": 4}"
u3340,User 3340,user3340@example.com,"{""role"": ""user"", ""level"": 0}"
u3341,User 3341,user3341@example.com,"{""role"": ""user"", ""level"": 1}"
u3342,User 3342,user3342@example.com,"{""role"": ""user"", ""level"": 2}"
u3343,User 3343,user3343@example.com,"{""role"": ""user"", ""level"": 3}"
u3344,User 3344,user3344@example.com,"{""role"": ""user"", ""level"": 4}"
u3345,User 3345,user3345@example.com,"{""role"": ""user"", ""level"": 0}"
u3346,User 3346,user3346@example.com,"{""role"": ""user"", ""level"": 1}"
u3347,User 3347,user3347@example.com,"{""role"": ""user"", ""level"": 2}"
u3348,User 3348,user3348@example.com,"{""role"": ""user"", ""level"": 3}"
u3349,User 3349,user3349@example.com,"{""role"": ""user"", ""level"": 4}"
u3350,User 3350,user3350@example.com,"{""role"": ""user"", ""level"": 0}"
u3351,User 3351,user3351@example.com,"{""role"": ""user"", ""level"": 1}"
u3352,User 3352,user3352@example.com,"{""role"": ""user"", ""level"": 2}"
u3353,User 3353,user3353@example.com,"{""role"": ""user"", ""level"": 3}"
u3354,User 3354,user3354@example.com,"{""role"": ""user"", ""level"": 4}"
u3355,User 3355,user3355@example.com,"{""role"": ""user"", ""level"": 0}"
u3356,User 3356,user3356@example.com,"{""role"": ""user"", ""level"": 1}"
u3357,User 3357,user3357@example.com,"{""role"": ""user"", ""level"": 2}"
u3358,User 3358,user3358@example.com,"{""role"": ""user"", ""level"": 3}"
u3359,User 3359,user3359@example.com,"{""role"": ""user"", ""level"": 4}"
u3360,User 3360,user3360@example.com,"{""role"": ""user"", ""level"": 0}"
u3361,User 3361,user3361@example.com,"{""role"": ""user"", ""level"": 1}"
u3362,User 3362,user3362@example.com,"{""role"": ""user"", ""level"": 2}"
u3363,User 3363,user3363@example.com,"{""role"": ""user"", ""level"": 3}"
u3364,User 3364,user3364@example.com,"{""role"": ""user"", ""level"": 4}"
u3365,User 3365,user3365@example.com,"{""role"": ""user"", ""level"": 0}"
u3366,User 3366,user3366@example.com,"{""role"": ""user"", ""level"": 1}"
u3367,User 3367,user3367@example.com,"{""role"": ""user"", ""level"": 2}"
u3368,User 3368,user3368@example.com,"{""role"": ""user"", ""level"": 3}"
u3369,User 3369,user3369@example.com,"{""role"": ""user"", ""level"": 4}"
u3370,User 3370,user3370@example.com,"{""role"": ""user"", ""level"": 0}"
u3371,User 3371,user3371@example.com,"{""role"": ""user"", ""level"": 1}"
u3372,User 3372,user3372@example.com,"{""role"": ""user"", ""level"": 2}"
u3373,User 3373,user3373@example.com,"{""role"": ""user"", ""level"": 3}"
u3374,User 3374,user3374@example.com,"{""role"": ""user"", ""level"": 4}"
u3375,User 3375,user3375@example.com,"{""role"": ""user"", ""level"": 0}"
u3376,User 3376,user3376@example.com,"{""role"": ""user"", ""level"": 1}"
u3377,User 3377,user3377@example.com,"{""role"": ""user"", ""level"": 2}"
u3378,User 3378,user3378@example.com,"{""role"": ""user"", ""level"": 3}"
u3379,User 3379,user3379@example.com,"{""role"": ""user"", ""level"": 4}"
u3380,User 3380,user3380@example.com,"{""role"": ""user"", ""level"": 0}"
u3381,User 3381,user3381@example.com,"{""role"": ""user"", ""level"": 1}"
u3382,User 3382,user3382@example.com,"{""role"": ""user"", ""level"": 2}"
u3383,User 3383,user3383@example.com,"{""role"": ""user"", ""level"": 3}"
u3384,User 3384,user3384@example.com,"{""role"": ""user"", ""level"": 4}"
u3385,User 3385,user3385@example.com,"{""role"": ""user"", ""level"": 0}"
u3386,User 3386,user3386@example.com,"{""role"": ""user"", ""level"": 1}"
u3387,User 3387,user3387@example.com,"{""role"": ""user"", ""level"": 2}"
u3388,User 3388,user3388@example.com,"{""role"": ""user"", ""level"": 3}"
u3389,User 3389,user3389@example.com,"{""role"": ""user"", ""level"": 4}"
u3390,User 3390,user3390@example.com,"{""role"": ""user"", ""level"": 0}"
u3391,User 3391,user3391@example.com,"{""role"": ""user"", ""level"": 1}"
u3392,User 3392,user3392@example.com,"{""role"": ""user"", ""level"": 2}"
u3393,User 3393,user3393@example.com,"{""role"": ""user"", ""level"": 3}"
u3394,User 3394,user3394@example.com,"{""role"": ""user"", ""level"": 4}"
u3395,User 3395,user3395@example.com,"{""role"": ""user"", ""level"": 0}"
u3396,User 3396,user3396@example.com,"{""role"": ""user"", ""level"": 1}"
u3397,User 3397,user3397@example.com,"{""role"": ""user"", ""level"": 2}"
u3398,User 3398,user3398@example.com,"{""role"": ""user"", ""level"": 3}"
u3399,User 3399,user3399@example.com,"{""role"": ""user"", ""level"": 4}"
u3400,User 3400,user3400@example.com,"{""role"": ""user"", ""level"": 0}"
u3401,User 3401,user3401@example.com,"{""role"": ""user"", ""level"": 1}"
u3402,User 3402,user3402@example.com,"{""role"": ""user"", ""level"": 2}"
u3403,User 3403,user3403@example.com,"{""role"": ""user"", ""level"": 3}"
u3404,User 3404,user3404@example.com,"{""role"": ""user"", ""level"": 4}"
u3405,User 3405,user3405@example.com,"{""role"": ""user"", ""level"": 0}"
u3406,User 3406,user3406@example.com,"{""role"": ""user"", ""level"": 1}"
u3407,User 3407,user3407@example.com,"{""role"": ""user"", ""level"": 2}"
u3408,User 3408,user3408@example.com,"{""role"": ""user"", ""level"": 3}"
u3409,User 3409,user3409@example.com,"{""role"": ""user"", ""level"": 4}"
u3410,User 3410,user3410@example.com,"{""role"": ""user"", ""level"": 0}"
u3411,User 3411,user3411@example.com,"{""role"": ""user"", ""level"": 1}"
u3412,User 3412,user3412@example.com,"{""role"": ""user"", ""level"": 2}"
u3413,User 3413,user3413@example.com,"{""role"": ""user"", ""level"": 3}"
u3414,User 3414,user3414@example.com,"{""role"": ""user"", ""level"": 4}"
u3415,User 3415,user3415@example.com,"{""role"": ""user"", ""level"": 0}"
u3416,User 3416,user3416@example.com,"{""role"": ""user"", ""level"": 1}"
u3417,User 3417,user3417@example.com,"{""role"": ""user"", ""level"": 2}"
u3418,User 3418,user3418@example.com,"{""role"": ""user"", ""level"": 3}"
u3419,User 3419,user3419@example.com,"{""role"": ""user"", ""level"": 4}"
u3420,User 3420,user3420@example.com,"{""role"": ""user"", ""level"": 0}"
u3421,User 3421,user3421@example.com,"{""role"": ""user"", ""level"": 1}"
u3422,User 3422,user3422@example.com,"{""role"": ""user"", ""level"": 2}"
u3423,User 3423,user3423@example.com,"{""role"": ""user"", ""level"": 3}"
u3424,User 3424,user3424@example.com,"{""role"": ""user"", ""level"": 4}"
u3425,User 3425,user3425@example.com,"{""role"": ""user"", ""level"": 0}"
u3426,User 3426,user3426@example.com,"{""role"": ""user"", ""level"": 1}"
u3427,User 3427,user3427@example.com,"{""role"": ""user"", ""level"": 2}"
u3428,User 3428,user3428@example.com,"{""role"": ""user"", ""level"": 3}"
u3429,User 3429,user3429@example.com,"{""role"": ""user"", ""level"": 4}"
u3430,User 3430,user3430@example.com,"{""role"": ""user"", ""level"": 0}"
u3431,User 3431,user3431@example.com,"{""role"": ""user"", ""level"": 1}"
u3432,User 3432,user3432@example.com,"{""role"": ""user"", ""level"": 2}"
u3433,User 3433,user3433@example.com,"{""role"": ""user"", ""level"": 3}"
u3434,User 3434,user3434@example.com,"{""role"": ""user"", ""level"": 4}"
u3435,User 3435,user3435@example.com,"{""role"": ""user"", ""level"": 0}"
u3436,User 3436,user3436@example.com,"{""role"": ""user"", ""level"": 1}"
u3437,User 3437,user3437@example.com,"{""role"": ""user"", ""level"": 2}"
u3438,User 3438,user3438@example.com,"{""role"": ""user"", ""level"": 3}"
u3439,User 3439,user3439@example.com,"{""role"": ""user"", ""level"": 4}"
u3440,User 3440,user3440@example.com,"{""role"": ""user"", ""level"": 0}"
u3441,User 3441,user3441@example.com,"{""role"": ""user"", ""level"": 1}"
u3442,User 3442,user3442@example.com,"{""role"": ""user"", ""level"": 2}"
u3443,User 3443,user3443@example.com,"{""role"": ""user"", ""level"": 3}"
u3444,User 3444,user3444@example.com,"{""role"": ""user"", ""level"": 4}"
u3445,User 3445,user3445@example.com,"{""role"": ""user"", ""level"": 0}"
u3446,User 3446,user3446@example.com,"{""role"": ""user"", ""level"": 1}"
u3447,User 3447,user3447@example.com,"{""role"": ""user"", ""level"": 2}"
u3448,User 3448,user3448@example.com,"{""role"": ""user"", ""level"": 3}"
u3449,User 3449,user3449@example.com,"{""role"": ""user"", ""level"": 4}"
u3450,User 3450,user3450@example.com,"{""role"": ""user"", ""level"": 0}"
u3451,User 3451,user3451@example.com,"{""role"": ""user"", ""level"": 1}"
u3452,User 3452,user3452@example.com,"{""role"": ""user"", ""level"": 2}"
u3453,User 3453,user3453@example.com,"{""role"": ""user"", ""level"": 3}"
u3454,User 3454,user3454@example.com,"{""role"": ""user"", ""level"": 4}"
u3455,User 3455,user3455@example.com,"{""role"": ""user"", ""level"": 0}"
u3456,User 3456,user3456@example.com,"{""role"": ""user"", ""level"": 1}"
u3457,User 3457,user3457@example.com,"{""role"": ""user"", ""level"": 2}"
u3458,User 3458,user3458@example.com,"{""role"": ""user"", ""level"": 3}"
u3459,User 3459,user3459@example.com,"{""role"": ""user"", ""level"": 4}"
u3460,User 3460,user3460@example.com,"{""role"": ""user"", ""level"": 0}"
u3461,User 3461,user3461@example.com,"{""role"": ""user"", ""level"": 1}"
u3462,User 3462,user3462@example.com,"{""role"": ""user"", ""level"": 2}"
u3463,User 3463,user3463@example.com,"{""role"": ""user"", ""level"": 3}"
u3464,User 3464,user3464@example.com,"{""role"": ""user"", ""level"": 4}"
u3465,User 3465,user3465@example.com,"{""role"": ""user"", ""level"": 0}"
u3466,User 3466,user3466@example.com,"{""role"": ""user"", ""level"": 1}"
u3467,User 3467,user3467@example.com,"{""role"": ""user"", ""level"": 2}"
u3468,User 3468,user3468@example.com,"{""role"": ""user"", ""level"": 3}"
u3469,User 3469,user3469@example.com,"{""role"": ""user"", ""level"": 4}"
u3470,User 3470,user3470@example.com,"{""role"": ""user"", ""level"": 0}"
u3471,User 3471,user3471@example.com,"{""role"": ""user"", ""level"": 1}"
u3472,User 3472,user3472@example.com,"{""role"": ""user"", ""level"": 2}"
u3473,User 3473,user3473@example.com,"{""role"": ""user"", ""level"": 3}"
u3474,User 3474,user3474@example.com,"{""role"": ""user"", ""level"": 4}"
u3475,User 3475,user3475@example.com,"{""role"": ""user"", ""level"": 0}"
u3476,User 3476,user3476@example.com,"{""role"": ""user"", ""level"": 1}"
u3477,User 3477,user3477@example.com,"{""role"": ""user"", ""level"": 2}"
u3478,User 3478,user3478@example.com,"{""role"": ""user"", ""level"": 3}"
u3479,User 3479,user3479@example.com,"{""role"": ""user"", ""level"": 4}"
u3480,User 3480,user3480@example.com,"{""role"": ""user"", ""level"": 0}"
u3481,User 3481,user3481@example.com,"{""role"": ""user"", ""level"": 1}"
u3482,User 3482,user3482@example.com,"{""role"": ""user"", ""level"": 2}"
u3483,User 3483,user3483@example.com,"{""role"": ""user"", ""level"": 3}"
u3484,User 3484,user3484@example.com,"{""role"": ""user"", ""level"": 4}"
u3485,User 3485,user3485@example.com,"{""role"": ""user"", ""level"": 0}"
u3486,User 3486,user3486@example.com,"{""role"": ""user"", ""level"": 1}"
u3487,User 3487,user3487@example.com,"{""role"": ""user"", ""level"": 2}"
u3488,User 3488,user3488@example.com,"{""role"": ""user"", ""level"": 3}"
u3489,User 3489,user3489@example.com,"{""role"": ""user"", ""level"": 4}"
u3490,User 3490,user3490@example.com,"{""role"": ""user"", ""level"": 0}"
u3491,User 3491,user3491@example.com,"{""role"": ""user"", ""level"": 1}"
u3492,User 3492,user3492@example.com,"{""role"": ""user"", ""level"": 2}"
u3493,User 3493,user3493@example.com,"{""role"": ""user"", ""level"": 3}"
u3494,User 3494,user3494@example.com,"{""role"": ""user"", ""level"": 4}"
u3495,User 3495,user3495@example.com,"{""role"": ""user"", ""level"": 0}"
u3496,User 3496,user3496@example.com,"{""role"": ""user"", ""level"": 1}"
u3497,User 3497,user3497@example.com,"{""role"": ""user"", ""level"": 2}"
u3498,User 3498,user3498@example.com,"{""role"": ""user"", ""level"": 3}"
u3499,User 3499,user3499@example.com,"{""role"": ""user"", ""level"": 4}"
u3500,User 3500,user3500@example.com,"{""role"": ""user"", ""level"": 0}"
u3501,User 3501,user3501@example.com,"{""role"": ""user"", ""level"": 1}"
u3502,User 3502,user3502@example.com,"{""role"": ""user"", ""level"": 2}"
u3503,User 3503,user3503@example.com,"{""role"": ""user"", ""level"": 3}"
u3504,User 3504,user3504@example.com,"{""role"": ""user"", ""level"": 4}"
u3505,User 3505,user3505@example.com,"{""role"": ""user"", ""level"": 0}"
u3506,User 3506,user3506@example.com,"{""role"": ""user"", ""level"": 1}"
u3507,User 3507,user3507@example.com,"{""role"": ""user"", ""level"": 2}"
u3508,User 3508,user3508@example.com,"{""role"": ""user"", ""level"": 3}"
u3509,User 3509,user3509@example.com,"{""role"": ""user"", ""level"": 4}"
u3510,User 3510,user3510@example.com,"{""role"": ""user"", ""level"": 0}"
u3511,User 3511,user3511@example.com,"{""role"": ""user"", ""level"": 1}"
u3512,User 3512,user3512@example.com,"{""role"": ""user"", ""level"": 2}"
u3513,User 3513,user3513@example.com,"{""role"": ""user"", ""level"": 3}"
u3514,User 3514,user3514@example.com,"{""role"": ""user"", ""level"": 4}"
u3515,User 3515,user3515@example.com,"{""role"": ""user"", ""level"": 0}"
u3516,User 3516,user3516@example.com,"{""role"": ""user"", ""level"": 1}"
u3517,User 3517,user3517@example.com,"{""role"": ""user"", ""level"": 2}"
u3518,User 3518,user3518@example.com,"{""role"": ""user"", ""level"": 3}"
u3519,User 3519,user3519@example.com,"{""role"": ""user"", ""level"": 4}"
u3520,User 3520,user3520@example.com,"{""role"": ""user"", ""level"": 0}"
u3521,User 3521,user3521@example.com,"{""role"": ""user"", ""level"": 1}"
u3522,User 3522,user3522@example.com,"{""role"": ""user"", ""level"": 2}"
u3523,User 3523,user3523@example.com,"{""role"": ""user"", ""level"": 3}"
u3524,User 3524,user3524@example.com,"{""role"": ""user"", ""level"": 4}"
u3525,User 3525,user3525@example.com,"{""role"": ""user"", ""level"": 0}"
u3526,User 3526,user3526@example.com,"{""role"": ""user"", ""level"": 1}"
u3527,User 3527,user3527@example.com,"{""role"": ""user"", ""level"": 2}"
u3528,User 3528,user3528@example.com,"{""role"": ""user"", ""level"": 3}"
u3529,User 3529,user3529@example.com,"{""role"": ""user"", ""level"": 4}"
u3530,User 3530,user3530@example.com,"{""role"": ""user"", ""level"": 0}"
u3531,User 3531,user3531@example.com,"{""role"": ""user"", ""level"": 1}"
u3532,User 3532,user3532@example.com,"{""role"": ""user"", ""level"": 2}"
u3533,User 3533,user3533@example.com,"{""role"": ""user"", ""level"": 3}"
u3534,User 3534,user3534@example.com,"{""role"": ""user"", ""level"": 4}"
u3535,User 3535,user3535@example.com,"{""role"": ""user"", ""level"": 0}"
u3536,User 3536,user3536@example.com,"{""role"": ""user"", ""level"": 1}"
u3537,User 3537,user3537@example.com,"{""role"": ""user"", ""level"": 2}"
u3538,User 3538,user3538@example.com,"{""role"": ""user"", ""level"": 3}"
u3539,User 3539,user3539@example.com,"{""role"": ""user"", ""level"": 4}"
u3540,User 3540,user3540@example.com,"{""role"": ""user"", ""level"": 0}"
u3541,User 3541,user3541@example.com,"{""role"": ""user"", ""level"": 1}"
u3542,User 3542,user3542@example.com,"{""role"": ""user"", ""level"": 2}"
u3543,User 3543,user3543@example.com,"{""role"": ""user"", ""level"": 3}"
u3544,User 3544,user3544@example.com,"{""role"": ""user"", ""level"": 4}"
u3545,User 3545,user3545@example.com,"{""role"": ""user"", ""level"": 0}"
u3546,User 3546,user3546@example.com,"{""role"": ""user"", ""level"": 1}"
u3547,User 3547,user3547@example.com,"{""role"": ""user"", ""level"": 2}"
u3548,User 3548,user3548@example.com,"{""role"": ""user"", ""level"": 3}"
u3549,User 3549,user3549@example.com,"{""role"": ""user"", ""level"": 4}"
u3550,User 3550,user3550@example.com,"{""role"": ""user"", ""level"": 0}"
u3551,User 3551,user3551@example.com,"{""role"": ""user"", ""level"": 1}"
u3552,User 3552,user3552@example.com,"{""role"": ""user"", ""level"": 2}"
u3553,User 3553,user3553@example.com,"{""role"": ""user"", ""level"": 3}"
u3554,User 3554,user3554@example.com,"{""role"": ""user"", ""level"": 4}"
u3555,User 3555,user3555@example.com,"{""role"": ""user"", ""level"": 0}"
u3556,User 3556,user3556@example.com,"{""role"": ""user"", ""level"": 1}"
u3557,User 3557,user3557@example.com,"{""role"": ""user"", ""level"": 2}"
u3558,User 3558,user3558@example.com,"{""role"": ""user"", ""level"": 3}"
u3559,User 3559,user3559@example.com,"{""role"": ""user"", ""level"": 4}"
u3560,User 3560,user3560@example.com,"{""role"": ""user"", ""level"": 0}"
u3561,User 3561,user3561@example.com,"{""role"": ""user"", ""level"": 1}"
u3562,User 3562,user3562@example.com,"{""role"": ""user"", ""level"": 2}"
u3563,User 3563,user3563@example.com,"{""role"": ""user"", ""level"": 3}"
u3564,User 3564,user3564@example.com,"{""role"": ""user"", ""level"": 4}"
u3565,User 3565,user3565@example.com,"{""role"": ""user"", ""level"": 0}"
u3566,User 3566,user3566@example.com,"{""role"": ""user"", ""level"": 1}"
u3567,User 3567,user3567@example.com,"{""role"": ""user"", ""level"": 2}"
u3568,User 3568,user3568@example.com,"{""role"": ""user"", ""level"": 3}"
u3569,User 3569,user3569@example.com,"{""role"": ""user"", ""level"": 4}"
u3570,User 3570,user3570@example.com,"{""role"": ""user"", ""level"": 0}"
u3571,User 3571,user3571@example.com,"{""role"": ""user"", ""level"": 1}"
u3572,User 3572,user3572@example.com,"{""role"": ""user"", ""level"": 2}"
u3573,User 3573,user3573@example.com,"{""role"": ""user"", ""level"": 3}"
u3574,User 3574,user3574@example.com,"{""role"": ""user"", ""level"": 4}"
u3575,User 3575,user3575@example.com,"{""role"": ""user"", ""level"": 0}"
u3576,User 3576,user3576@example.com,"{""role"": ""user"", ""level"": 1}"
u3577,User 3577,user3577@example.com,"{""role"": ""user"", ""level"": 2}"
u3578,User 3578,user3578@example.com,"{""role"": ""user"", ""level"": 3}"
u3579,User 3579,user3579@example.com,"{""role"": ""user"", ""level"": 4}"
u3580,User 3580,user3580@example.com,"{""role"": ""user"", ""level"": 0}"
u3581,User 3581,user3581@example.com,"{""role"": ""user"", ""level"": 1}"
u3582,User 3582,user3582@example.com,"{""role"": ""user"", ""level"": 2}"
u3583,User 3583,user3583@example.com,"{""role"": ""user"", ""level"": 3}"
u3584,User 3584,user3584@example.com,"{""role"": ""user"", ""level"": 4}"
u3585,User 3585,user3585@example.com,"{""role"": ""user"", ""level"": 0}"
u3586,User 3586,user3586@example.com,"{""role"": ""user"", ""level"": 1}"
u3587,User 3587,user3587@example.com,"{""role"": ""user"", ""level"": 2}"
u3588,User 3588,user3588@example.com,"{""role"": ""user"", ""level"": 3}"
u3589,User 3589,user3589@example.com,"{""role"": ""user"", ""level"": 4}"
u3590,User 3590,user3590@example.com,"{""role"": ""user"", ""level"": 0}"
u3591,User 3591,user3591@example.com,"{""role"": ""user"", ""level"": 1}"
u3592,User 3592,user3592@example.com,"{""role"": ""user"", ""level"": 2}"
u3593,User 3593,user3593@example.com,"{""role"": ""user"", ""level"": 3}"
u3594,User 3594,user3594@example.com,"{""role"": ""user"", ""level"": 4}"
u3595,User 3595,user3595@example.com,"{""role"": ""user"", ""level"": 0}"
u3596,User 3596,user3596@example.com,"{""role"": ""user"", ""level"": 1}"
u3597,User 3597,user3597@example.com,"{""role"": ""user"", ""level"": 2}"
u3598,User 3598,user3598@example.com,"{""role"": ""user"", ""level"": 3}"
u3599,User 3599,user3599@example.com,"{""role"": ""user"", ""level"": 4}"
u3600,User 3600,user3600@example.com,"{""role"": ""user"", ""level"": 0}"
u3601,User 3601,user3601@example.com,"{""role"": ""user"", ""level"": 1}"
u3602,User 3602,user3602@example.com,"{""role"": ""user"", ""level"": 2}"
u3603,User 3603,user3603@example.com,"{""role"": ""user"", ""level"": 3}"
u3604,User 3604,user3604@example.com,"{""role"": ""user"", ""level"": 4}"
u3605,User 3605,user3605@example.com,"{""role"": ""user"", ""level"": 0}"
u3606,User 3606,user3606@example.com,"{""role"": ""user"", ""level"": 1}"
u3607,User 3607,user3607@example.com,"{""role"": ""user"", ""level"": 2}"
u3608,User 3608,user3608@example.com,"{""role"": ""user"", ""level"": 3}"
u3609,User 3609,user3609@example.com,"{""role"": ""user"", ""level"": 4}"
u3610,User 3610,user3610@example.com,"{""role"": ""user"", ""level"": 0}"
u3611,User 3611,user3611@example.com,"{""role"": ""user"", ""level"": 1}"
u3612,User 3612,user3612@example.com,"{""role"": ""user"", ""level"": 2}"
u3613,User 3613,user3613@example.com,"{""role"": ""user"", ""level"": 3}"
u3614,User 3614,user3614@example.com,"{""role"": ""user"", ""level"": 4}"
u3615,User 3615,user3615@example.com,"{""role"": ""user"", ""level"": 0}"
u3616,User 3616,user3616@example.com,"{""role"": ""user"", ""level"": 1}"
u3617,User 3617,user3617@example.com,"{""role"": ""user"", ""level"": 2}"
u3618,User 3618,user3618@example.com,"{""role"": ""user"", ""level"": 3}"
u3619,User 3619,user3619@example.com,"{""role"": ""user"", ""level"": 4}"
u3620,User 3620,user3620@example.com,"{""role"": ""user"", ""level"": 0}"
u3621,User 3621,user3621@example.com,"{""role"": ""user"", ""level"": 1}"
u3622,User 3622,user3622@example.com,"{""role"": ""user"", ""level"": 2}"
u3623,User 3623,user3623@example.com,"{""role"": ""user"", ""level"": 3}"
u3624,User 3624,user3624@example.com,"{""role"": ""user"", ""level"": 4}"
u3625,User 3625,user3625@example.com,"{""role"": ""user"", ""level"": 0}"
u3626,User 3626,user3626@example.com,"{""role"": ""user"", ""level"": 1}"
u3627,User 3627,user3627@example.com,"{""role"": ""user"", ""level"": 2}"
u3628,User 3628,user3628@example.com,"{""role"": ""user"", ""level"": 3}"
u3629,User 3629,user3629@example.com,"{""role"": ""user"", ""level"": 4}"
u3630,User 3630,user3630@example.com,"{""role"": ""user"", ""level"": 0}"
u3631,User 3631,user3631@example.com,"{""role"": ""user"", ""level"": 1}"
u3632,User 3632,user3632@example.com,"{""role"": ""user"", ""level"": 2}"
u3633,User 3633,user3633@example.com,"{""role"": ""user"", ""level"": 3}"
u3634,User 3634,user3634@example.com,"{""role"": ""user"", ""level"": 4}"
u3635,User 3635,user3635@example.com,"{""role"": ""user"", ""level"": 0}"
u3636,User 3636,user3636@example.com,"{""role"": ""user"", ""level"": 1}"
u3637,User 3637,user3637@example.com,"{""role"": ""user"", ""level"": 2}"
u3638,User 3638,user3638@example.com,"{""role"": ""user"", ""level"": 3}"
u3639,User 3639,user3639@example.com,"{""role"": ""user"", ""level"": 4}"
u3640,User 3640,user3640@example.com,"{""role"": ""user"", ""level"": 0}"
u3641,User 3641,user3641@example.com,"{""role"": ""user"", ""level"": 1}"
u3642,User 3642,user3642@example.com,"{""role"": ""user"", ""level"": 2}"
u3643,User 3643,user3643@example.com,"{""role"": ""user"", ""level"": 3}"
u3644,User 3644,user3644@example.com,"{""role"": ""user"", ""level"": 4}"
u3645,User 3645,user3645@example.com,"{""role"": ""user"", ""level"": 0}"
u3646,User 3646,user3646@example.com,"{""role"": ""user"", ""level"": 1}"
u3647,User 3647,user3647@example.com,"{""role"": ""user"", ""level"": 2}"
u3648,User 3648,user3648@example.com,"{""role"": ""user"", ""level"": 3}"
u3649,User 3649,user3649@example.com,"{""role"": ""user"", ""level"": 4}"
u3650,User 3650,user3650@example.com,"{""role"": ""user"", ""level"": 0}"
u3651,User 3651,user3651@example.com,"{""role"": ""user"", ""level"": 1}"
u3652,User 3652,user3652@example.com,"{""role"": ""user"", ""level"": 2}"
u3653,User 3653,user3653@example.com,"{""role"": ""user"", ""level"": 3}"
u3654,User 3654,user3654@example.com,"{""role"": ""user"", ""level"": 4}"
u3655,User 3655,user3655@example.com,"{""role"": ""user"", ""level"": 0}"
u3656,User 3656,user3656@example.com,"{""role"": ""user"", ""level"": 1}"
u3657,User 3657,user3657@example.com,"{""role"": ""user"", ""level"": 2}"
u3658,User 3658,user3658@example.com,"{""role"": ""user"", ""level"": 3}"
u3659,User 3659,user3659@example.com,"{""role"": ""user"", ""level"": 4}"
u3660,User 3660,user3660@example.com,"{""role"": ""user"", ""level"": 0}"
u3661,User 3661,user3661@example.com,"{""role"": ""user"", ""level"": 1}"
u3662,User 3662,user3662@example.com,"{""role"": ""user"", ""level"": 2}"
u3663,User 3663,user3663@example.com,"{""role"": ""user"", ""level"": 3}"
u3664,User 3664,user3664@example.com,"{""role"": ""user"", ""level"": 4}"
u3665,User 3665,user3665@example.com,"{""role"": ""user"", ""level"": 0}"
u3666,User 3666,user3666@example.com,"{""role"": ""user"", ""level"": 1}"
u3667,User 3667,user3667@example.com,"{""role"": ""user"", ""level"": 2}"
u3668,User 3668,user3668@example.com,"{""role"": ""user"", ""level"": 3}"
u3669,User 3669,user3669@example.com,"{""role"": ""user"", ""level"": 4}"
u3670,User 3670,user3670@example.com,"{""role"": ""user"", ""level"": 0}"
u3671,User 3671,user3671@example.com,"{""role"": ""user"", ""level"": 1}"
u3672,User 3672,user3672@example.com,"{""role"": ""user"", ""level"": 2}"
u3673,User 3673,user3673@example.com,"{""role"": ""user"", ""level"": 3}"
u3674,User 3674,user3674@example.com,"{""role"": ""user"", ""level"": 4}"
u3675,User 3675,user3675@example.com,"{""role"": ""user"", ""level"": 0}"
u3676,User 3676,user3676@example.com,"{""role"": ""user"", ""level"": 1}"
u3677,User 3677,user3677@example.com,"{""role"": ""user"", ""level"": 2}"
u3678,User 3678,user3678@example.com,"{""role"": ""user"", ""level"": 3}"
u3679,User 3679,user3679@example.com,"{""role"": ""user"", ""level"": 4}"
u3680,User 3680,user3680@example.com,"{""role"": ""user"", ""level"": 0}"
u3681,User 3681,user3681@example.com,"{""role"": ""user"", ""level"": 1}"
u3682,User 3682,user3682@example.com,"{""role"": ""user"", ""level"": 2}"
u3683,User 3683,user3683@example.com,"{""role"": ""user"", ""level"": 3}"
u3684,User 3684,user3684@example.com,"{""role"": ""user"", ""level"": 4}"
u3685,User 3685,user3685@example.com,"{""role"": ""user"", ""level"": 0}"
u3686,User 3686,user3686@example.com,"{""role"": ""user"", ""level"": 1}"
u3687,User 3687,user3687@example.com,"{""role"": ""user"", ""level"": 2}"
u3688,User 3688,user3688@example.com,"{""role"": ""user"", ""level"": 3}"
u3689,User 3689,user3689@example.com,"{""role"": ""user"", ""level"": 4}"
u3690,User 3690,user3690@example.com,"{""role"": ""user"", ""level"": 0}"
u3691,User 3691,user3691@example.com,"{""role"": ""user"", ""level"": 1}"
u3692,User 3692,user3692@example.com,"{""role"": ""user"", ""level"": 2}"
u3693,User 3693,user3693@example.com,"{""role"": ""user"", ""level"": 3}"
u3694,User 3694,user3694@example.com,"{""role"": ""user"", ""level"": 4}"
u3695,User 3695,user3695@example.com,"{""role"": ""user"", ""level"": 0}"
u3696,User 3696,user3696@example.com,"{""role"": ""user"", ""level"": 1}"
u3697,User 3697,user3697@example.com,"{""role"": ""user"", ""level"": 2}"
u3698,User 3698,user3698@example.com,"{""role"": ""user"", ""level"": 3}"
u3699,User 3699,user3699@example.com,"{""role"": ""user"", ""level"": 4}"
u3700,User 3700,user3700@example.com,"{""role"": ""user"", ""level"": 0}"
u3701,User 3701,user3701@example.com,"{""role"": ""user"", ""level"": 1}"
u3702,User 3702,user3702@example.com,"{""role"": ""user"", ""level"": 2}"
u3703,User 3703,user3703@example.com,"{""role"": ""user"", ""level"": 3}"
u3704,User 3704,user3704@example.com,"{""role"": ""user"", ""level"": 4}"
u3705,User 3705,user3705@example.com,"{""role"": ""user"", ""level"": 0}"
u3706,User 3706,user3706@example.com,"{""role"": ""user"", ""level"": 1}"
u3707,User 3707,user3707@example.com,"{""role"": ""user"", ""level"": 2}"
u3708,User 3708,user3708@example.com,"{""role"": ""user"", ""level"": 3}"
u3709,User 3709,user3709@example.com,"{""role"": ""user"", ""level"": 4}"
u3710,User 3710,user3710@example.com,"{""role"": ""user"", ""level"": 0}"
u3711,User 3711,user3711@example.com,"{""role"": ""user"", ""level"": 1}"
u3712,User 3712,user3712@example.com,"{""role"": ""user"", ""level"": 2}"
u3713,User 3713,user3713@example.com,"{""role"": ""user"", ""level"": 3}"
u3714,User 3714,user3714@example.com,"{""role"": ""user"", ""level"": 4}"
u3715,User 3715,user3715@example.com,"{""role"": ""user"", ""level"": 0}"
u3716,User 3716,user3716@example.com,"{""role"": ""user"", ""level"": 1}"
u3717,User 3717,user3717@example.com,"{""role"": ""user"", ""level"": 2}"
u3718,User 3718,user3718@example.com,"{""role"": ""user"", ""level"": 3}"
u3719,User 3719,user3719@example.com,"{""role"": ""user"", ""level"": 4}"
u3720,User 3720,user3720@example.com,"{""role"": ""user"", ""level"": 0}"
u3721,User 3721,user3721@example.com,"{""role"": ""user"", ""level"": 1}"
u3722,User 3722,user3722@example.com,"{""role"": ""user"", ""level"": 2}"
u3723,User 3723,user3723@example.com,"{""role"": ""user"", ""level"": 3}"
u3724,User 3724,user3724@example.com,"{""role"": ""user"", ""level"": 4}"
u3725,User 3725,user3725@example.com,"{""role"": ""user"", ""level"": 0}"
u3726,User 3726,user3726@example.com,"{""role"": ""user"", ""level"": 1}"
u3727,User 3727,user3727@example.com,"{""role"": ""user"", ""level"": 2}"
u3728,User 3728,user3728@example.com,"{""role"": ""user"", ""level"": 3}"
u3729,User 3729,user3729@example.com,"{""role"": ""user"", ""level"": 4}"
u3730,User 3730,user3730@example.com,"{""role"": ""user"", ""level"": 0}"
u3731,User 3731,user3731@example.com,"{""role"": ""user"", ""level"": 1}"
u3732,User 3732,user3732@example.com,"{""role"": ""user"", ""level"": 2}"
u3733,User 3733,user3733@example.com,"{""role"": ""user"", ""level"": 3}"
u3734,User 3734,user3734@example.com,"{""role"": ""user"", ""level"": 4}"
u3735,User 3735,user3735@example.com,"{""role"": ""user"", ""level"": 0}"
u3736,User 3736,user3736@example.com,"{""role"": ""user"", ""level"": 1}"
u3737,User 3737,user3737@example.com,"{""role"": ""user"", ""level"": 2}"
u3738,User 3738,user3738@example.com,"{""role"": ""user"", ""level"": 3}"
u3739,User 3739,user3739@example.com,"{""role"": ""user"", ""level"": 4}"
u3740,User 3740,user3740@example.com,"{""role"": ""user"", ""level"": 0}"
u3741,User 3741,user3741@example.com,"{""role"": ""user"", ""level"": 1}"
u3742,User 3742,user3742@example.com,"{""role"": ""user"", ""level"": 2}"
u3743,User 3743,user3743@example.com,"{""role"": ""user"", ""level"": 3}"
u3744,User 3744,user3744@example.com,"{""role"": ""user"", ""level"": 4}"
u3745,User 3745,user3745@example.com,"{""role"": ""user"", ""level"": 0}"
u3746,User 3746,user3746@example.com,"{""role"": ""user"", ""level"": 1}"
u3747,User 3747,user3747@example.com,"{""role"": ""user"", ""level"": 2}"
u3748,User 3748,user3748@example.com,"{""role"": ""user"", ""level"": 3}"
u3749,User 3749,user3749@example.com,"{""role"": ""user"", ""level"": 4}"
u3750,User 3750,user3750@example.com,"{""role"": ""user"", ""level"": 0}"
u3751,User 3751,user3751@example.com,"{""role"": ""user"", ""level"": 1}"
u3752,User 3752,user3752@example.com,"{""role"": ""user"", ""level"": 2}"
u3753,User 3753,user3753@example.com,"{""role"": ""user"", ""level"": 3}"
u3754,User 3754,user3754@example.com,"{""role"": ""user"", ""level"": 4}"
u3755,User 3755,user3755@example.com,"{""role"": ""user"", ""level"": 0}"
u3756,User 3756,user3756@example.com,"{""role"": ""user"", ""level"": 1}"
u3757,User 3757,user3757@example.com,"{""role"": ""user"", ""level"": 2}"
u3758,User 3758,user3758@example.com,"{""role"": ""user"", ""level"": 3}"
u3759,User 3759,user3759@example.com,"{""role"": ""user"", ""level"": 4}"
u3760,User 3760,user3760@example.com,"{""role"": ""user"", ""level"": 0}"
u3761,User 3761,user3761@example.com,"{""role"": ""user"", ""level"": 1}"
u3762,User 3762,user3762@example.com,"{""role"": ""user"", ""level"": 2}"
u3763,User 3763,user3763@example.com,"{""role"": ""user"", ""level"": 3}"
u3764,User 3764,user3764@example.com,"{""role"": ""user"", ""level"": 4}"
u3765,User 3765,user3765@example.com,"{""role"": ""user"", ""level"": 0}"
u3766,User 3766,user3766@example.com,"{""role"": ""user"", ""level"": 1}"
u3767,User 3767,user3767@example.com,"{""role"": ""user"", ""level"": 2}"
u3768,User 3768,user3768@example.com,"{""role"": ""user"", ""level"": 3}"
u3769,User 3769,user3769@example.com,"{""role"": ""user"", ""level"": 4}"
u3770,User 3770,user3770@example.com,"{""role"": ""user"", ""level"": 0}"
u3771,User 3771,user3771@example.com,"{""role"": ""user"", ""level"": 1}"
u3772,User 3772,user3772@example.com,"{""role"": ""user"", ""level"": 2}"
u3773,User 3773,user3773@example.com,"{""role"": ""user"", ""level"": 3}"
u3774,User 3774,user3774@example.com,"{""role"": ""user"", ""level"": 4}"
u3775,User 3775,user3775@example.com,"{""role"": ""user"", ""level"": 0}"
u3776,User 3776,user3776@example.com,"{""role"": ""user"", ""level"": 1}"
u3777,User 3777,user3777@example.com,"{""role"": ""user"", ""level"": 2}"
u3778,User 3778,user3778@example.com,"{""role"": ""user"", ""level"": 3}"
u3779,User 3779,user3779@example.com,"{""role"": ""user"", ""level"": 4}"
u3780,User 3780,user3780@example.com,"{""role"": ""user"", ""level"": 0}"
u3781,User 3781,user3781@example.com,"{""role"": ""user"", ""level"": 1}"
u3782,User 3782,user3782@example.com,"{""role"": ""user"", ""level"": 2}"
u3783,User 3783,user3783@example.com,"{""role"": ""user"", ""level"": 3}"
u3784,User 3784,user3784@example.com,"{""role"": ""user"", ""level"": 4}"
u3785,User 3785,user3785@example.com,"{""role"": ""user"", ""level"": 0}"
u3786,User 3786,user3786@example.com,"{""role"": ""user"", ""level"": 1}"
u3787,User 3787,user3787@example.com,"{""role"": ""user"", ""level"": 2}"
u3788,User 3788,user3788@example.com,"{""role"": ""user"", ""level"": 3}"
u3789,User 3789,user3789@example.com,"{""role"": ""user"", ""level"": 4}"
u3790,User 3790,user3790@example.com,"{""role"": ""user"", ""level"": 0}"
u3791,User 3791,user3791@example.com,"{""role"": ""user"", ""level"": 1}"
u3792,User 3792,user3792@example.com,"{""role"": ""user"", ""level"": 2}"
u3793,User 3793,user3793@example.com,"{""role"": ""user"", ""level"": 3}"
u3794,User 3794,user3794@example.com,"{""role"": ""user"", ""level"": 4}"
u3795,User 3795,user3795@example.com,"{""role"": ""user"", ""level"": 0}"
u3796,User 3796,user3796@example.com,"{""role"": ""user"", ""level"": 1}"
u3797,User 3797,user3797@example.com,"{""role"": ""user"", ""level"": 2}"
u3798,User 3798,user3798@example.com,"{""role"": ""user"", ""level"": 3}"
u3799,User 3799,user3799@example.com,"{""role"": ""user"", ""level"": 4}"
u3800,User 3800,user3800@example.com,"{""role"": ""user"", ""level"": 0}"
u3801,User 3801,user3801@example.com,"{""role"": ""user"", ""level"": 1}"
u3802,User 3802,user3802@example.com,"{""role"": ""user"", ""level"": 2}"
u3803,User 3803,user3803@example.com,"{""role"": ""user"", ""level"": 3}"
u3804,User 3804,user3804@example.com,"{""role"": ""user"", ""level"": 4}"
u3805,User 3805,user3805@example.com,"{""role"": ""user"", ""level"": 0}"
u3806,User 3806,user3806@example.com,"{""role"": ""user"", ""level"": 1}"
u3807,User 3807,user3807@example.com,"{""role"": ""user"", ""level"": 2}"
u3808,User 3808,user3808@example.com,"{""role"": ""user"", ""level"": 3}"
u3809,User 3809,user3809@example.com,"{""role"": ""user"", ""level"": 4}"
u3810,User 3810,user3810@example.com,"{""role"": ""user"", ""level"": 0}"
u3811,User 3811,user3811@example.com,"{""role"": ""user"", ""level"": 1}"
u3812,User 3812,user3812@example.com,"{""role"": ""user"", ""level"": 2}"
u3813,User 3813,user3813@example.com,"{""role"": ""user"", ""level"": 3}"
u3814,User 3814,user3814@example.com,"{""role"": ""user"", ""level"": 4}"
u3815,User 3815,user3815@example.com,"{""role"": ""user"", ""level"": 0}"
u3816,User 3816,user3816@example.com,"{""role"": ""user"", ""level"": 1}"
u3817,User 3817,user3817@example.com,"{""role"": ""user"", ""level"": 2}"
u3818,User 3818,user3818@example.com,"{""role"": ""user"", ""level"": 3}"
u3819,User 3819,user3819@example.com,"{""role"": ""user"", ""level"": 4}"
u3820,User 3820,user3820@example.com,"{""role"": ""user"", ""level"": 0}"
u3821,User 3821,user3821@example.com,"{""role"": ""user"", ""level"": 1}"
u3822,User 3822,user3822@example.com,"{""role"": ""user"", ""level"": 2}"
u3823,User 3823,user3823@example.com,"{""role"": ""user"", ""level"": 3}"
u3824,User 3824,user3824@example.com,"{""role"": ""user"", ""level"": 4}"
u3825,User 3825,user3825@example.com,"{""role"": ""user"", ""level"": 0}"
u3826,User 3826,user3826@example.com,"{""role"": ""user"", ""level"": 1}"
u3827,User 3827,user3827@example.com,"{""role"": ""user"", ""level"": 2}"
u3828,User 3828,user3828@example.com,"{""role"": ""user"", ""level"": 3}"
u3829,User 3829,user3829@example.com,"{""role"": ""user"", ""level"": 4}"
u3830,User 3830,user3830@example.com,"{""role"": ""user"", ""level"": 0}"
u3831,User 3831,user3831@example.com,"{""role"": ""user"", ""level"": 1}"
u3832,User 3832,user3832@example.com,"{""role"": ""user"", ""level"": 2}"
u3833,User 3833,user3833@example.com,"{""role"": ""user"", ""level"": 3}"
u3834,User 3834,user3834@example.com,"{""role"": ""user"", ""level"": 4}"
u3835,User 3835,user3835@example.com,"{""role"": ""user"", ""level"": 0}"
u3836,User 3836,user3836@example.com,"{""role"": ""user"", ""level"": 1}"
u3837,User 3837,user3837@example.com,"{""role"": ""user"", ""level"": 2}"
u3838,User 3838,user3838@example.com,"{""role"": ""user"", ""level"": 3}"
u3839,User 3839,user3839@example.com,"{""role"": ""user"", ""level"": 4}"
u3840,User 3840,user3840@example.com,"{""role"": ""user"", ""level"": 0}"
u3841,User 3841,user3841@example.com,"{""role"": ""user"", ""level"": 1}"
u3842,User 3842,user3842@example.com,"{""role"": ""user"", ""level"": 2}"
u3843,User 3843,user3843@example.com,"{""role"": ""user"", ""level"": 3}"
u3844,User 3844,user3844@example.com,"{""role"": ""user"", ""level"": 4}"
u3845,User 3845,user3845@example.com,"{""role"": ""user"", ""level"": 0}"
u3846,User 3846,user3846@example.com,"{""role"": ""user"", ""level"": 1}"
u3847,User 3847,user3847@example.com,"{""role"": ""user"", ""level"": 2}"
u3848,User 3848,user3848@example.com,"{""role"": ""user"", ""level"": 3}"
u3849,User 3849,user3849@example.com,"{""role"": ""user"", ""level"": 4}"
u3850,User 3850,user3850@example.com,"{""role"": ""user"", ""level"": 0}"
u3851,User 3851,user3851@example.com,"{""role"": ""user"", ""level"": 1}"
u3852,User 3852,user3852@example.com,"{""role"": ""user"", ""level"": 2}"
u3853,User 3853,user3853@example.com,"{""role"": ""user"", ""level"": 3}"
u3854,User 3854,user3854@example.com,"{""role"": ""user"", ""level"": 4}"
u3855,User 3855,user3855@example.com,"{""role"": ""user"", ""level"": 0}"
u3856,User 3856,user3856@example.com,"{""role"": ""user"", ""level"": 1}"
u3857,User 3857,user3857@example.com,"{""role"": ""user"", ""level"": 2}"
u3858,User 3858,user3858@example.com,"{""role"": ""user"", ""level"": 3}"
u3859,User 3859,user3859@example.com,"{""role"": ""user"", ""level"": 4}"
u3860,User 3860,user3860@example.com,"{""role"": ""user"", ""level"": 0}"
u3861,User 3861,user3861@example.com,"{""role"": ""user"", ""level"": 1}"
u3862,User 3862,user3862@example.com,"{""role"": ""user"", ""level"": 2}"
u3863,User 3863,user3863@example.com,"{""role"": ""user"", ""level"": 3}"
u3864,User 3864,user3864@example.com,"{""role"": ""user"", ""level"": 4}"
u3865,User 3865,user3865@example.com,"{""role"": ""user"", ""level"": 0}"
u3866,User 3866,user3866@example.com,"{""role"": ""user"", ""level"": 1}"
u3867,User 3867,user3867@example.com,"{""role"": ""user"", ""level"": 2}"
u3868,User 3868,user3868@example.com,"{""role"": ""user"", ""level"": 3}"
u3869,User 3869,user3869@example.com,"{""role"": ""user"", ""level"": 4}"
u3870,User 3870,user3870@example.com,"{""role"": ""user"", ""level"": 0}"
u3871,User 3871,user3871@example.com,"{""role"": ""user"", ""level"": 1}"
u3872,User 3872,user3872@example.com,"{""role"": ""user"", ""level"": 2}"
u3873,User 3873,user3873@example.com,"{""role"": ""user"", ""level"": 3}"
u3874,User 3874,user3874@example.com,"{""role"": ""user"", ""level"": 4}"
u3875,User 3875,user3875@example.com,"{""role"": ""user"", ""level"": 0}"
u3876,User 3876,user3876@example.com,"{""role"": ""user"", ""level"": 1}"
u3877,User 3877,user3877@example.com,"{""role"": ""user"", ""level"": 2}"
u3878,User 3878,user3878@example.com,"{""role"": ""user"", ""level"": 3}"
u3879,User 3879,user3879@example.com,"{""role"": ""user"", ""level"": 4}"
u3880,User 3880,user3880@example.com,"{""role"": ""user"", ""level"": 0}"
u3881,User 3881,user3881@example.com,"{""role"": ""user"", ""level"": 1}"
u3882,User 3882,user3882@example.com,"{""role"": ""user"", ""level"": 2}"
u3883,User 3883,user3883@example.com,"{""role"": ""user"", ""level"": 3}"
u3884,User 3884,user3884@example.com,"{""role"": ""user"", ""level"": 4}"
u3885,User 3885,user3885@example.com,"{""role"": ""user"", ""level"": 0}"
u3886,User 3886,user3886@example.com,"{""role"": ""user"", ""level"": 1}"
u3887,User 3887,user3887@example.com,"{""role"": ""user"", ""level"": 2}"
u3888,User 3888,user3888@example.com,"{""role"": ""user"", ""level"": 3}"
u3889,User 3889,user3889@example.com,"{""role"": ""user"", ""level"": 4}"
u3890,User 3890,user3890@example.com,"{""role"": ""user"", ""level"": 0}"
u3891,User 3891,user3891@example.com,"{""role"": ""user"", ""level"": 1}"
u3892,User 3892,user3892@example.com,"{""role"": ""user"", ""level"": 2}"
u3893,User 3893,user3893@example.com,"{""role"": ""user"", ""level"": 3}"
u3894,User 3894,user3894@example.com,"{""role"": ""user"", ""level"": 4}"
u3895,User 3895,user3895@example.com,"{""role"": ""user"", ""level"": 0}"
u3896,User 3896,user3896@example.com,"{""role"": ""user"", ""level"": 1}"
u3897,User 3897,user3897@example.com,"{""role"": ""user"", ""level"": 2}"
u3898,User 3898,user3898@example.com,"{""role"": ""user"", ""level"": 3}"
u3899,User 3899,user3899@example.com,"{""role"": ""user"", ""level"": 4}"
u3900,User 3900,user3900@example.com,"{""role"": ""user"", ""level"": 0}"
u3901,User 3901,user3901@example.com,"{""role"": ""user"", ""level"": 1}"
u3902,User 3902,user3902@example.com,"{""role"": ""user"", ""level"": 2}"
u3903,User 3903,user3903@example.com,"{""role"": ""user"", ""level"": 3}"
u3904,User 3904,user3904@example.com,"{""role"": ""user"", ""level"": 4}"
u3905,User 3905,user3905@example.com,"{""role"": ""user"", ""level"": 0}"
u3906,User 3906,user3906@example.com,"{""role"": ""user"", ""level"": 1}"
u3907,User 3907,user3907@example.com,"{""role"": ""user"", ""level"": 2}"
u3908,User 3908,user3908@example.com,"{""role"": ""user"", ""level"": 3}"
u3909,User 3909,user3909@example.com,"{""role"": ""user"", ""level"": 4}"
u3910,User 3910,user3910@example.com,"{""role"": ""user"", ""level"": 0}"
u3911,User 3911,user3911@example.com,"{""role"": ""user"", ""level"": 1}"
u3912,User 3912,user3912@example.com,"{""role"": ""user"", ""level"": 2}"
u3913,User 3913,user3913@example.com,"{""role"": ""user"", ""level"": 3}"
u3914,User 3914,user3914@example.com,"{""role"": ""user"", ""level"": 4}"
u3915,User 3915,user3915@example.com,"{""role"": ""user"", ""level"": 0}"
u3916,User 3916,user3916@example.com,"{""role"": ""user"", ""level"": 1}"
u3917,User 3917,user3917@example.com,"{""role"": ""user"", ""level"": 2}"
u3918,User 3918,user3918@example.com,"{""role"": ""user"", ""level"": 3}"
u3919,User 3919,user3919@example.com,"{""role"": ""user"", ""level"": 4}"
u3920,User 3920,user3920@example.com,"{""role"": ""user"", ""level"": 0}"
u3921,User 3921,user3921@example.com,"{""role"": ""user"", ""level"": 1}"
u3922,User 3922,user3922@example.com,"{""role"": ""user"", ""level"": 2}"
u3923,User 3923,user3923@example.com,"{""role"": ""user"", ""level"": 3}"
u3924,User 3924,user3924@example.com,"{""role"": ""user"", ""level"": 4}"
u3925,User 3925,user3925@example.com,"{""role"": ""user"", ""level"": 0}"
u3926,User 3926,user3926@example.com,"{""role"": ""user"", ""level"": 1}"
u3927,User 3927,user3927@example.com,"{""role"": ""user"", ""level"": 2}"
u3928,User 3928,user3928@example.com,"{""role"": ""user"", ""level"": 3}"
u3929,User 3929,user3929@example.com,"{""role"": ""user"", ""level"": 4}"
u3930,User 3930,user3930@example.com,"{""role"": ""user"", ""level"": 0}"
u3931,User 3931,user3931@example.com,"{""role"": ""user"", ""level"": 1}"
u3932,User 3932,user3932@example.com,"{""role"": ""user"", ""level"": 2}"
u3933,User 3933,user3933@example.com,"{""role"": ""user"", ""level"": 3}"
u3934,User 3934,user3934@example.com,"{""role"": ""user"", ""level"": 4}"
u3935,User 3935,user3935@example.com,"{""role"": ""user"", ""level"": 0}"
u3936,User 3936,user3936@example.com,"{""role"": ""user"", ""level"": 1}"
u3937,User 3937,user3937@example.com,"{""role"": ""user"", ""level"": 2}"
u3938,User 3938,user3938@example.com,"{""role"": ""user"", ""level"": 3}"
u3939,User 3939,user3939@example.com,"{""role"": ""user"", ""level"": 4}"
u3940,User 3940,user3940@example.com,"{""role"": ""user"", ""level"": 0}"
u3941,User 3941,user3941@example.com,"{""role"": ""user"", ""level"": 1}"
u3942,User 3942,user3942@example.com,"{""role"": ""user"", ""level"": 2}"
u3943,User 3943,user3943@example.com,"{""role"": ""user"", ""level"": 3}"
u3944,User 3944,user3944@example.com,"{""role"": ""user"", ""level"": 4}"
u3945,User 3945,user3945@example.com,"{""role"": ""user"", ""level"": 0}"
u3946,User 3946,user3946@example.com,"{""role"": ""user"", ""level"": 1}"
u3947,User 3947,user3947@example.com,"{""role"": ""user"", ""level"": 2}"
u3948,User 3948,user3948@example.com,"{""role"": ""user"", ""level"": 3}"
u3949,User 3949,user3949@example.com,"{""role"": ""user"", ""level"": 4}"
u3950,User 3950,user3950@example.com,"{""role"": ""user"", ""level"": 0}"
u3951,User 3951,user3951@example.com,"{""role"": ""user"", ""level"": 1}"
u3952,User 3952,user3952@example.com,"{""role"": ""user"", ""level"": 2}"
u3953,User 3953,user3953@example.com,"{""role"": ""user"", ""level"": 3}"
u3954,User 3954,user3954@example.com,"{""role"": ""user"", ""level"": 4}"
u3955,User 3955,user3955@example.com,"{""role"": ""user"", ""level"": 0}"
u3956,User 3956,user3956@example.com,"{""role"": ""user"", ""level"": 1}"
u3957,User 3957,user3957@example.com,"{""role"": ""user"", ""level"": 2}"
u3958,User 3958,user3958@example.com,"{""role"": ""user"", ""level"": 3}"
u3959,User 3959,user3959@example.com,"{""role"": ""user"", ""level"": 4}"
u3960,User 3960,user3960@example.com,"{""role"": ""user"", ""level"": 0}"
u3961,User 3961,user3961@example.com,"{""role"": ""user"", ""level"": 1}"
u3962,User 3962,user3962@example.com,"{""role"": ""user"", ""level"": 2}"
u3963,User 3963,user3963@example.com,"{""role"": ""user"", ""level"": 3}"
u3964,User 3964,user3964@example.com,"{""role"": ""user"", ""level"": 4}"
u3965,User 3965,user3965@example.com,"{""role"": ""user"", ""level"": 0}"
u3966,User 3966,user3966@example.com,"{""role"": ""user"", ""level"": 1}"
u3967,User 3967,user3967@example.com,"{""role"": ""user"", ""level"": 2}"
u3968,User 3968,user3968@example.com,"{""role"": ""user"", ""level"": 3}"
u3969,User 3969,user3969@example.com,"{""role"": ""user"", ""level"": 4}"
u3970,User 3970,user3970@example.com,"{""role"": ""user"", ""level"": 0}"
u3971,User 3971,user3971@example.com,"{""role"": ""user"", ""level"": 1}"
u3972,User 3972,user3972@example.com,"{""role"": ""user"", ""level"": 2}"
u3973,User 3973,user3973@example.com,"{""role"": ""user"", ""level"": 3}"
u3974,User 3974,user3974@example.com,"{""role"": ""user"", ""level"": 4}"
u3975,User 3975,user3975@example.com,"{""role"": ""user"", ""level"": 0}"
u3976,User 3976,user3976@example.com,"{""role"": ""user"", ""level"": 1}"
u3977,User 3977,user3977@example.com,"{""role"": ""user"", ""level"": 2}"
u3978,User 3978,user3978@example.com,"{""role"": ""user"", ""level"": 3}"
u3979,User 3979,user3979@example.com,"{""role"": ""user"", ""level"": 4}"
u3980,User 3980,user3980@example.com,"{""role"": ""user"", ""level"": 0}"
u3981,User 3981,user3981@example.com,"{""role"": ""user"", ""level"": 1}"
u3982,User 3982,user3982@example.com,"{""role"": ""user"", ""level"": 2}"
u3983,User 3983,user3983@example.com,"{""role"": ""user"", ""level"": 3}"
u3984,User 3984,user3984@example.com,"{""role"": ""user"", ""level"": 4}"
u3985,User 3985,user3985@example.com,"{""role"": ""user"", ""level"": 0}"
u3986,User 3986,user3986@example.com,"{""role"": ""user"", ""level"": 1}"
u3987,User 3987,user3987@example.com,"{""role"": ""user"", ""level"": 2}"
u3988,User 3988,user3988@example.com,"{""role"": ""user"", ""level"": 3}"
u3989,User 3989,user3989@example.com,"{""role"": ""user"", ""level"": 4}"
u3990,User 3990,user3990@example.com,"{""role"": ""user"", ""level"": 0}"
u3991,User 3991,user3991@example.com,"{""role"": ""user"", ""level"": 1}"
u3992,User 3992,user3992@example.com,"{""role"": ""user"", ""level"": 2}"
u3993,User 3993,user3993@example.com,"{""role"": ""user"", ""level"": 3}"
u3994,User 3994,user3994@example.com,"{""role"": ""user"", ""level"": 4}"
u3995,User 3995,user3995@example.com,"{""role"": ""user"", ""level"": 0}"
u3996,User 3996,user3996@example.com,"{""role"": ""user"", ""level"": 1}"
u3997,User 3997,user3997@example.com,"{""role"": ""user"", ""level"": 2}"
u3998,User 3998,user3998@example.com,"{""role"": ""user"", ""level"": 3}"
u3999,User 3999,user3999@example.com,"{""role"": ""user"", ""level"": 4}"
u4000,User 4000,user4000@example.com,"{""role"": ""user"", ""level"": 0}"
u4001,User 4001,user4001@example.com,"{""role"": ""user"", ""level"": 1}"
u4002,User 4002,user4002@example.com,"{""role"": ""user"", ""level"": 2}"
u4003,User 4003,user4003@example.com,"{""role"": ""user"", ""level"": 3}"
u4004,User 4004,user4004@example.com,"{""role"": ""user"", ""level"": 4}"
u4005,User 4005,user4005@example.com,"{""role"": ""user"", ""level"": 0}"
u4006,User 4006,user4006@example.com,"{""role"": ""user"", ""level"": 1}"
u4007,User 4007,user4007@example.com,"{""role"": ""user"", ""level"": 2}"
u4008,User 4008,user4008@example.com,"{""role"": ""user"", ""level"": 3}"
u4009,User 4009,user4009@example.com,"{""role"": ""user"", ""level"": 4}"
u4010,User 4010,user4010@example.com,"{""role"": ""user"", ""level"": 0}"
u4011,User 4011,user4011@example.com,"{""role"": ""user"", ""level"": 1}"
u4012,User 4012,user4012@example.com,"{""role"": ""user"", ""level"": 2}"
u4013,User 4013,user4013@example.com,"{""role"": ""user"", ""level"": 3}"
u4014,User 4014,user4014@example.com,"{""role"": ""user"", ""level"": 4}"
u4015,User 4015,user4015@example.com,"{""role"": ""user"", ""level"": 0}"
u4016,User 4016,user4016@example.com,"{""role"": ""user"", ""level"": 1}"
u4017,User 4017,user4017@example.com,"{""role"": ""user"", ""level"": 2}"
u4018,User 4018,user4018@example.com,"{""role"": ""user"", ""level"": 3}"
u4019,User 4019,user4019@example.com,"{""role"": ""user"", ""level"": 4}"
u4020,User 4020,user4020@example.com,"{""role"": ""user"", ""level"": 0}"
u4021,User 4021,user4021@example.com,"{""role"": ""user"", ""level"": 1}"
u4022,User 4022,user4022@example.com,"{""role"": ""user"", ""level"": 2}"
u4023,User 4023,user4023@example.com,"{""role"": ""user"", ""level"": 3}"
u4024,User 4024,user4024@example.com,"{""role"": ""user"", ""level"": 4}"
u4025,User 4025,user4025@example.com,"{""role"": ""user"", ""level"": 0}"
u4026,User 4026,user4026@example.com,"{""role"": ""user"", ""level"": 1}"
u4027,User 4027,user4027@example.com,"{""role"": ""user"", ""level"": 2}"
u4028,User 4028,user4028@example.com,"{""role"": ""user"", ""level"": 3}"
u4029,User 4029,user4029@example.com,"{""role"": ""user"", ""level"": 4}"
u4030,User 4030,user4030@example.com,"{""role"": ""user"", ""level"": 0}"
u4031,User 4031,user4031@example.com,"{""role"": ""user"", ""level"": 1}"
u4032,User 4032,user4032@example.com,"{""role"": ""user"", ""level"": 2}"
u4033,User 4033,user4033@example.com,"{""role"": ""user"", ""level"": 3}"
u4034,User 4034,user4034@example.com,"{""role"": ""user"", ""level"": 4}"
u4035,User 4035,user4035@example.com,"{""role"": ""user"", ""level"": 0}"
u4036,User 4036,user4036@example.com,"{""role"": ""user"", ""level"": 1}"
u4037,User 4037,user4037@example.com,"{""role"": ""user"", ""level"": 2}"
u4038,User 4038,user4038@example.com,"{""role"": ""user"", ""level"": 3}"
u4039,User 4039,user4039@example.com,"{""role"": ""user"", ""level"": 4}"
u4040,User 4040,user4040@example.com,"{""role"": ""user"", ""level"": 0}"
u4041,User 4041,user4041@example.com,"{""role"": ""user"", ""level"": 1}"
u4042,User 4042,user4042@example.com,"{""role"": ""user"", ""level"": 2}"
u4043,User 4043,user4043@example.com,"{""role"": ""user"", ""level"": 3}"
u4044,User 4044,user4044@example.com,"{""role"": ""user"", ""level"": 4}"
u4045,User 4045,user4045@example.com,"{""role"": ""user"", ""level"": 0}"
u4046,User 4046,user4046@example.com,"{""role"": ""user"", ""level"": 1}"
u4047,User 4047,user4047@example.com,"{""role"": ""user"", ""level"": 2}"
u4048,User 4048,user4048@example.com,"{""role"": ""user"", ""level"": 3}"
u4049,User 4049,user4049@example.com,"{""role"": ""user"", ""level"": 4}"
u4050,User 4050,user4050@example.com,"{""role"": ""user"", ""level"": 0}"
u4051,User 4051,user4051@example.com,"{""role"": ""user"", ""level"": 1}"
u4052,User 4052,user4052@example.com,"{""role"": ""user"", ""level"": 2}"
u4053,User 4053,user4053@example.com,"{""role"": ""user"", ""level"": 3}"
u4054,User 4054,user4054@example.com,"{""role"": ""user"", ""level"": 4}"
u4055,User 4055,user4055@example.com,"{""role"": ""user"", ""level"": 0}"
u4056,User 4056,user4056@example.com,"{""role"": ""user"", ""level"": 1}"
u4057,User 4057,user4057@example.com,"{""role"": ""user"", ""level"": 2}"
u4058,User 4058,user4058@example.com,"{""role"": ""user"", ""level"": 3}"
u4059,User 4059,user4059@example.com,"{""role"": ""user"", ""level"": 4}"
u4060,User 4060,user4060@example.com,"{""role"": ""user"", ""level"": 0}"
u4061,User 4061,user4061@example.com,"{""role"": ""user"", ""level"": 1}"
u4062,User 4062,user4062@example.com,"{""role"": ""user"", ""level"": 2}"
u4063,User 4063,user4063@example.com,"{""role"": ""user"", ""level"": 3}"
u4064,User 4064,user4064@example.com,"{""role"": ""user"", ""level"": 4}"
u4065,User 4065,user4065@example.com,"{""role"": ""user"", ""level"": 0}"
u4066,User 4066,user4066@example.com,"{""role"": ""user"", ""level"": 1}"
u4067,User 4067,user4067@example.com,"{""role"": ""user"", ""level"": 2}"
u4068,User 4068,user4068@example.com,"{""role"": ""user"", ""level"": 3}"
u4069,User 4069,user4069@example.com,"{""role"": ""user"", ""level"": 4}"
u4070,User 4070,user4070@example.com,"{""role"": ""user"", ""level"": 0}"
u4071,User 4071,user4071@example.com,"{""role"": ""user"", ""level"": 1}"
u4072,User 4072,user4072@example.com,"{""role"": ""user"", ""level"": 2}"
u4073,User 4073,user4073@example.com,"{""role"": ""user"", ""level"": 3}"
u4074,User 4074,user4074@example.com,"{""role"": ""user"", ""level"": 4}"
u4075,User 4075,user4075@example.com,"{""role"": ""user"", ""level"": 0}"
u4076,User 4076,user4076@example.com,"{""role"": ""user"", ""level"": 1}"
u4077,User 4077,user4077@example.com,"{""role"": ""user"", ""level"": 2}"
u4078,User 4078,user4078@example.com,"{""role"": ""user"", ""level"": 3}"
u4079,User 4079,user4079@example.com,"{""role"": ""user"", ""level"": 4}"
u4080,User 4080,user4080@example.com,"{""role"": ""user"", ""level"": 0}"
u4081,User 4081,user4081@example.com,"{""role"": ""user"", ""level"": 1}"
u4082,User 4082,user4082@example.com,"{""role"": ""user"", ""level"": 2}"
u4083,User 4083,user4083@example.com,"{""role"": ""user"", ""level"": 3}"
u4084,User 4084,user4084@example.com,"{""role"": ""user"", ""level"": 4}"
u4085,User 4085,user4085@example.com,"{""role"": ""user"", ""level"": 0}"
u4086,User 4086,user4086@example.com,"{""role"": ""user"", ""level"": 1}"
u4087,User 4087,user4087@example.com,"{""role"": ""user"", ""level"": 2}"
u4088,User 4088,user4088@example.com,"{""role"": ""user"", ""level"": 3}"
u4089,User 4089,user4089@example.com,"{""role"": ""user"", ""level"": 4}"
u4090,User 4090,user4090@example.com,"{""role"": ""user"", ""level"": 0}"
u4091,User 4091,user4091@example.com,"{""role"": ""user"", ""level"": 1}"
u4092,User 4092,user4092@example.com,"{""role"": ""user"", ""level"": 2}"
u4093,User 4093,user4093@example.com,"{""role"": ""user"", ""level"": 3}"
u4094,User 4094,user4094@example.com,"{""role"": ""user"", ""level"": 4}"
u4095,User 4095,user4095@example.com,"{""role"": ""user"", ""level"": 0}"
u4096,User 4096,user4096@example.com,"{""role"": ""user"", ""level"": 1}"
u4097,User 4097,user4097@example.com,"{""role"": ""user"", ""level"": 2}"
u4098,User 4098,user4098@example.com,"{""role"": ""user"", ""level"": 3}"
u4099,User 4099,user4099@example.com,"{""role"": ""user"", ""level"": 4}"
u4100,User 4100,user4100@example.com,"{""role"": ""user"", ""level"": 0}"
u4101,User 4101,user4101@example.com,"{""role"": ""user"", ""level"": 1}"
u4102,User 4102,user4102@example.com,"{""role"": ""user"", ""level"": 2}"
u4103,User 4103,user4103@example.com,"{""role"": ""user"", ""level"": 3}"
u4104,User 4104,user4104@example.com,"{""role"": ""user"", ""level"": 4}"
u4105,User 4105,user4105@example.com,"{""role"": ""user"", ""level"": 0}"
u4106,User 4106,user4106@example.com,"{""role"": ""user"", ""level"": 1}"
u4107,User 4107,user4107@example.com,"{""role"": ""user"", ""level"": 2}"
u4108,User 4108,user4108@example.com,"{""role"": ""user"", ""level"": 3}"
u4109,User 4109,user4109@example.com,"{""role"": ""user"", ""level"": 4}"
u4110,User 4110,user4110@example.com,"{""role"": ""user"", ""level"": 0}"
u4111,User 4111,user4111@example.com,"{""role"": ""user"", ""level"": 1}"
u4112,User 4112,user4112@example.com,"{""role"": ""user"", ""level"": 2}"
u4113,User 4113,user4113@example.com,"{""role"": ""user"", ""level"": 3}"
u4114,User 4114,user4114@example.com,"{""role"": ""user"", ""level"": 4}"
u4115,User 4115,user4115@example.com,"{""role"": ""user"", ""level"": 0}"
u4116,User 4116,user4116@example.com,"{""role"": ""user"", ""level"": 1}"
u4117,User 4117,user4117@example.com,"{""role"": ""user"", ""level"": 2}"
u4118,User 4118,user4118@example.com,"{""role"": ""user"", ""level"": 3}"
u4119,User 4119,user4119@example.com,"{""role"": ""user"", ""level"": 4}"
u4120,User 4120,user4120@example.com,"{""role"": ""user"", ""level"": 0}"
u4121,User 4121,user4121@example.com,"{""role"": ""user"", ""level"": 1}"
u4122,User 4122,user4122@example.com,"{""role"": ""user"", ""level"": 2}"
u4123,User 4123,user4123@example.com,"{""role"": ""user"", ""level"": 3}"
u4124,User 4124,user4124@example.com,"{""role"": ""user"", ""level"": 4}"
u4125,User 4125,user4125@example.com,"{""role"": ""user"", ""level"": 0}"
u4126,User 4126,user4126@example.com,"{""role"": ""user"", ""level"": 1}"
u4127,User 4127,user4127@example.com,"{""role"": ""user"", ""level"": 2}"
u4128,User 4128,user4128@example.com,"{""role"": ""user"", ""level"": 3}"
u4129,User 4129,user4129@example.com,"{""role"": ""user"", ""level"": 4}"
u4130,User 4130,user4130@example.com,"{""role"": ""user"", ""level"": 0}"
u4131,User 4131,user4131@example.com,"{""role"": ""user"", ""level"": 1}"
u4132,User 4132,user4132@example.com,"{""role"": ""user"", ""level"": 2}"
u4133,User 4133,user4133@example.com,"{""role"": ""user"", ""level"": 3}"
u4134,User 4134,user4134@example.com,"{""role"": ""user"", ""level"": 4}"
u4135,User 4135,user4135@example.com,"{""role"": ""user"", ""level"": 0}"
u4136,User 4136,user4136@example.com,"{""role"": ""user"", ""level"": 1}"
u4137,User 4137,user4137@example.com,"{""role"": ""user"", ""level"": 2}"
u4138,User 4138,user4138@example.com,"{""role"": ""user"", ""level"": 3}"
u4139,User 4139,user4139@example.com,"{""role"": ""user"", ""level"": 4}"
u4140,User 4140,user4140@example.com,"{""role"": ""user"", ""level"": 0}"
u4141,User 4141,user4141@example.com,"{""role"": ""user"", ""level"": 1}"
u4142,User 4142,user4142@example.com,"{""role"": ""user"", ""level"": 2}"
u4143,User 4143,user4143@example.com,"{""role"": ""user"", ""level"": 3}"
u4144,User 4144,user4144@example.com,"{""role"": ""user"", ""level"": 4}"
u4145,User 4145,user4145@example.com,"{""role"": ""user"", ""level"": 0}"
u4146,User 4146,user4146@example.com,"{""role"": ""user"", ""level"": 1}"
u4147,User 4147,user4147@example.com,"{""role"": ""user"", ""level"": 2}"
u4148,User 4148,user4148@example.com,"{""role"": ""user"", ""level"": 3}"
u4149,User 4149,user4149@example.com,"{""role"": ""user"", ""level"": 4}"
u4150,User 4150,user4150@example.com,"{""role"": ""user"", ""level"": 0}"
u4151,User 4151,user4151@example.com,"{""role"": ""user"", ""level"": 1}"
u4152,User 4152,user4152@example.com,"{""role"": ""user"", ""level"": 2}"
u4153,User 4153,user4153@example.com,"{""role"": ""user"", ""level"": 3}"
u4154,User 4154,user4154@example.com,"{""role"": ""user"", ""level"": 4}"
u4155,User 4155,user4155@example.com,"{""role"": ""user"", ""level"": 0}"
u4156,User 4156,user4156@example.com,"{""role"": ""user"", ""level"": 1}"
u4157,User 4157,user4157@example.com,"{""role"": ""user"", ""level"": 2}"
u4158,User 4158,user4158@example.com,"{""role"": ""user"", ""level"": 3}"
u4159,User 4159,user4159@example.com,"{""role"": ""user"", ""level"": 4}"
u4160,User 4160,user4160@example.com,"{""role"": ""user"", ""level"": 0}"
u4161,User 4161,user4161@example.com,"{""role"": ""user"", ""level"": 1}"
u4162,User 4162,user4162@example.com,"{""role"": ""user"", ""level"": 2}"
u4163,User 4163,user4163@example.com,"{""role"": ""user"", ""level"": 3}"
u4164,User 4164,user4164@example.com,"{""role"": ""user"", ""level"": 4}"
u4165,User 4165,user4165@example.com,"{""role"": ""user"", ""level"": 0}"
u4166,User 4166,user4166@example.com,"{""role"": ""user"", ""level"": 1}"
u4167,User 4167,user4167@example.com,"{""role"": ""user"", ""level"": 2}"
u4168,User 4168,user4168@example.com,"{""role"": ""user"", ""level"": 3}"
u4169,User 4169,user4169@example.com,"{""role"": ""user"", ""level"": 4}"
u4170,User 4170,user4170@example.com,"{""role"": ""user"", ""level"": 0}"
u4171,User 4171,user4171@example.com,"{""role"": ""user"", ""level"": 1}"
u4172,User 4172,user4172@example.com,"{""role"": ""user"", ""level"": 2}"
u4173,User 4173,user4173@example.com,"{""role"": ""user"", ""level"": 3}"
u4174,User 4174,user4174@example.com,"{""role"": ""user"", ""level"": 4}"
u4175,User 4175,user4175@example.com,"{""role"": ""user"", ""level"": 0}"
u4176,User 4176,user4176@example.com,"{""role"": ""user"", ""level"": 1}"
u4177,User 4177,user4177@example.com,"{""role"": ""user"", ""level"": 2}"
u4178,User 4178,user4178@example.com,"{""role"": ""user"", ""level"": 3}"
u4179,User 4179,user4179@example.com,"{""role"": ""user"", ""level"": 4}"
u4180,User 4180,user4180@example.com,"{""role"": ""user"", ""level"": 0}"
u4181,User 4181,user4181@example.com,"{""role"": ""user"", ""level"": 1}"
u4182,User 4182,user4182@example.com,"{""role"": ""user"", ""level"": 2}"
u4183,User 4183,user4183@example.com,"{""role"": ""user"", ""level"": 3}"
u4184,User 4184,user4184@example.com,"{""role"": ""user"", ""level"": 4}"
u4185,User 4185,user4185@example.com,"{""role"": ""user"", ""level"": 0}"
u4186,User 4186,user4186@example.com,"{""role"": ""user"", ""level"": 1}"
u4187,User 4187,user4187@example.com,"{""role"": ""user"", ""level"": 2}"
u4188,User 4188,user4188@example.com,"{""role"": ""user"", ""level"": 3}"
u4189,User 4189,user4189@example.com,"{""role"": ""user"", ""level"": 4}"
u4190,User 4190,user4190@example.com,"{""role"": ""user"", ""level"": 0}"
u4191,User 4191,user4191@example.com,"{""role"": ""user"", ""level"": 1}"
u4192,User 4192,user4192@example.com,"{""role"": ""user"", ""level"": 2}"
u4193,User 4193,user4193@example.com,"{""role"": ""user"", ""level"": 3}"
u4194,User 4194,user4194@example.com,"{""role"": ""user"", ""level"": 4}"
u4195,User 4195,user4195@example.com,"{""role"": ""user"", ""level"": 0}"
u4196,User 4196,user4196@example.com,"{""role"": ""user"", ""level"": 1}"
u4197,User 4197,user4197@example.com,"{""role"": ""user"", ""level"": 2}"
u4198,User 4198,user4198@example.com,"{""role"": ""user"", ""level"": 3}"
u4199,User 4199,user4199@example.com,"{""role"": ""user"", ""level"": 4}"
u4200,User 4200,user4200@example.com,"{""role"": ""user"", ""level"": 0}"
u4201,User 4201,user4201@example.com,"{""role"": ""user"", ""level"": 1}"
u4202,User 4202,user4202@example.com,"{""role"": ""user"", ""level"": 2}"
u4203,User 4203,user4203@example.com,"{""role"": ""user"", ""level"": 3}"
u4204,User 4204,user4204@example.com,"{""role"": ""user"", ""level"": 4}"
u4205,User 4205,user4205@example.com,"{""role"": ""user"", ""level"": 0}"
u4206,User 4206,user4206@example.com,"{""role"": ""user"", ""level"": 1}"
u4207,User 4207,user4207@example.com,"{""role"": ""user"", ""level"": 2}"
u4208,User 4208,user4208@example.com,"{""role"": ""user"", ""level"": 3}"
u4209,User 4209,user4209@example.com,"{""role"": ""user"", ""level"": 4}"
u4210,User 4210,user4210@example.com,"{""role"": ""user"", ""level"": 0}"
u4211,User 4211,user4211@example.com,"{""role"": ""user"", ""level"": 1}"
u4212,User 4212,user4212@example.com,"{""role"": ""user"", ""level"": 2}"
u4213,User 4213,user4213@example.com,"{""role"": ""user"", ""level"": 3}"
u4214,User 4214,user4214@example.com,"{""role"": ""user"", ""level"": 4}"
u4215,User 4215,user4215@example.com,"{""role"": ""user"", ""level"": 0}"
u4216,User 4216,user4216@example.com,"{""role"": ""user"", ""level"": 1}"
u4217,User 4217,user4217@example.com,"{""role"": ""user"", ""level"": 2}"
u4218,User 4218,user4218@example.com,"{""role"": ""user"", ""level"": 3}"
u4219,User 4219,user4219@example.com,"{""role"": ""user"", ""level"": 4}"
u4220,User 4220,user4220@example.com,"{""role"": ""user"", ""level"": 0}"
u4221,User 4221,user4221@example.com,"{""role"": ""user"", ""level"": 1}"
u4222,User 4222,user4222@example.com,"{""role"": ""user"", ""level"": 2}"
u4223,User 4223,user4223@example.com,"{""role"": ""user"", ""level"": 3}"
u4224,User 4224,user4224@example.com,"{""role"": ""user"", ""level"": 4}"
u4225,User 4225,user4225@example.com,"{""role"": ""user"", ""level"": 0}"
u4226,User 4226,user4226@example.com,"{""role"": ""user"", ""level"": 1}"
u4227,User 4227,user4227@example.com,"{""role"": ""user"", ""level"": 2}"
u4228,User 4228,user4228@example.com,"{""role"": ""user"", ""level"": 3}"
u4229,User 4229,user4229@example.com,"{""role"": ""user"", ""level"": 4}"
u4230,User 4230,user4230@example.com,"{""role"": ""user"", ""level"": 0}"
u4231,User 4231,user4231@example.com,"{""role"": ""user"", ""level"": 1}"
u4232,User 4232,user4232@example.com,"{""role"": ""user"", ""level"": 2}"
u4233,User 4233,user4233@example.com,"{""role"": ""user"", ""level"": 3}"
u4234,User 4234,user4234@example.com,"{""role"": ""user"", ""level"": 4}"
u4235,User 4235,user4235@example.com,"{""role"": ""user"", ""level"": 0}"
u4236,User 4236,user4236@example.com,"{""role"": ""user"", ""level"": 1}"
u4237,User 4237,user4237@example.com,"{""role"": ""user"", ""level"": 2}"
u4238,User 4238,user4238@example.com,"{""role"": ""user"", ""level"": 3}"
u4239,User 4239,user4239@example.com,"{""role"": ""user"", ""level"": 4}"
u4240,User 4240,user4240@example.com,"{""role"": ""user"", ""level"": 0}"
u4241,User 4241,user4241@example.com,"{""role"": ""user"", ""level"": 1}"
u4242,User 4242,user4242@example.com,"{""role"": ""user"", ""level"": 2}"
u4243,User 4243,user4243@example.com,"{""role"": ""user"", ""level"": 3}"
u4244,User 4244,user4244@example.com,"{""role"": ""user"", ""level"": 4}"
u4245,User 4245,user4245@example.com,"{""role"": ""user"", ""level"": 0}"
u4246,User 4246,user4246@example.com,"{""role"": ""user"", ""level"": 1}"
u4247,User 4247,user4247@example.com,"{""role"": ""user"", ""level"": 2}"
u4248,User 4248,user4248@example.com,"{""role"": ""user"", ""level"": 3}"
u4249,User 4249,user4249@example.com,"{""role"": ""user"", ""level"": 4}"
u4250,User 4250,user4250@example.com,"{""role"": ""user"", ""level"": 0}"
u4251,User 4251,user4251@example.com,"{""role"": ""user"", ""level"": 1}"
u4252,User 4252,user4252@example.com,"{""role"": ""user"", ""level"": 2}"
u4253,User 4253,user4253@example.com,"{""role"": ""user"", ""level"": 3}"
u4254,User 4254,user4254@example.com,"{""role"": ""user"", ""level"": 4}"
u4255,User 4255,user4255@example.com,"{""role"": ""user"", ""level"": 0}"
u4256,User 4256,user4256@example.com,"{""role"": ""user"", ""level"": 1}"
u4257,User 4257,user4257@example.com,"{""role"": ""user"", ""level"": 2}"
u4258,User 4258,user4258@example.com,"{""role"": ""user"", ""level"": 3}"
u4259,User 4259,user4259@example.com,"{""role"": ""user"", ""level"": 4}"
u4260,User 4260,user4260@example.com,"{""role"": ""user"", ""level"": 0}"
u4261,User 4261,user4261@example.com,"{""role"": ""user"", ""level"": 1}"
u4262,User 4262,user4262@example.com,"{""role"": ""user"", ""level"": 2}"
u4263,User 4263,user4263@example.com,"{""role"": ""user"", ""level"": 3}"
u4264,User 4264,user4264@example.com,"{""role"": ""user"", ""level"": 4}"
u4265,User 4265,user4265@example.com,"{""role"": ""user"", ""level"": 0}"
u4266,User 4266,user4266@example.com,"{""role"": ""user"", ""level"": 1}"
u4267,User 4267,user4267@example.com,"{""role"": ""user"", ""level"": 2}"
u4268,User 4268,user4268@example.com,"{""role"": ""user"", ""level"": 3}"
u4269,User 4269,user4269@example.com,"{""role"": ""user"", ""level"": 4}"
u4270,User 4270,user4270@example.com,"{""role"": ""user"", ""level"": 0}"
u4271,User 4271,user4271@example.com,"{""role"": ""user"", ""level"": 1}"
u4272,User 4272,user4272@example.com,"{""role"": ""user"", ""level"": 2}"
u4273,User 4273,user4273@example.com,"{""role"": ""user"", ""level"": 3}"
u4274,User 4274,user4274@example.com,"{""role"": ""user"", ""level"": 4}"
u4275,User 4275,user4275@example.com,"{""role"": ""user"", ""level"": 0}"
u4276,User 4276,user4276@example.com,"{""role"": ""user"", ""level"": 1}"
u4277,User 4277,user4277@example.com,"{""role"": ""user"", ""level"": 2}"
u4278,User 4278,user4278@example.com,"{""role"": ""user"", ""level"": 3}"
u4279,User 4279,user4279@example.com,"{""role"": ""user"", ""level"": 4}"
u4280,User 4280,user4280@example.com,"{""role"": ""user"", ""level"": 0}"
u4281,User 4281,user4281@example.com,"{""role"": ""user"", ""level"": 1}"
u4282,User 4282,user4282@example.com,"{""role"": ""user"", ""level"": 2}"
u4283,User 4283,user4283@example.com,"{""role"": ""user"", ""level"": 3}"
u4284,User 4284,user4284@example.com,"{""role"": ""user"", ""level"": 4}"
u4285,User 4285,user4285@example.com,"{""role"": ""user"", ""level"": 0}"
u4286,User 4286,user4286@example.com,"{""role"": ""user"", ""level"": 1}"
u4287,User 4287,user4287@example.com,"{""role"": ""user"", ""level"": 2}"
u4288,User 4288,user4288@example.com,"{""role"": ""user"", ""level"": 3}"
u4289,User 4289,user4289@example.com,"{""role"": ""user"", ""level"": 4}"
u4290,User 4290,user4290@example.com,"{""role"": ""user"", ""level"": 0}"
u4291,User 4291,user4291@example.com,"{""role"": ""user"", ""level"": 1}"
u4292,User 4292,user4292@example.com,"{""role"": ""user"", ""level"": 2}"
u4293,User 4293,user4293@example.com,"{""role"": ""user"", ""level"": 3}"
u4294,User 4294,user4294@example.com,"{""role"": ""user"", ""level"": 4}"
u4295,User 4295,user4295@example.com,"{""role"": ""user"", ""level"": 0}"
u4296,User 4296,user4296@example.com,"{""role"": ""user"", ""level"": 1}"
u4297,User 4297,user4297@example.com,"{""role"": ""user"", ""level"": 2}"
u4298,User 4298,user4298@example.com,"{""role"": ""user"", ""level"": 3}"
u4299,User 4299,user4299@example.com,"{""role"": ""user"", ""level"": 4}"
u4300,User 4300,user4300@example.com,"{""role"": ""user"", ""level"": 0}"
u4301,User 4301,user4301@example.com,"{""role"": ""user"", ""level"": 1}"
u4302,User 4302,user4302@example.com,"{""role"": ""user"", ""level"": 2}"
u4303,User 4303,user4303@example.com,"{""role"": ""user"", ""level"": 3}"
u4304,User 4304,user4304@example.com,"{""role"": ""user"", ""level"": 4}"
u4305,User 4305,user4305@example.com,"{""role"": ""user"", ""level"": 0}"
u4306,User 4306,user4306@example.com,"{""role"": ""user"", ""level"": 1}"
u4307,User 4307,user4307@example.com,"{""role"": ""user"", ""level"": 2}"
u4308,User 4308,user4308@example.com,"{""role"": ""user"", ""level"": 3}"
u4309,User 4309,user4309@example.com,"{""role"": ""user"", ""level"": 4}"
u4310,User 4310,user4310@example.com,"{""role"": ""user"", ""level"": 0}"
u4311,User 4311,user4311@example.com,"{""role"": ""user"", ""level"": 1}"
u4312,User 4312,user4312@example.com,"{""role"": ""user"", ""level"": 2}"
u4313,User 4313,user4313@example.com,"{""role"": ""user"", ""level"": 3}"
u4314,User 4314,user4314@example.com,"{""role"": ""user"", ""level"": 4}"
u4315,User 4315,user4315@example.com,"{""role"": ""user"", ""level"": 0}"
u4316,User 4316,user4316@example.com,"{""role"": ""user"", ""level"": 1}"
u4317,User 4317,user4317@example.com,"{""role"": ""user"", ""level"": 2}"
u4318,User 4318,user4318@example.com,"{""role"": ""user"", ""level"": 3}"
u4319,User 4319,user4319@example.com,"{""role"": ""user"", ""level"": 4}"
u4320,User 4320,user4320@example.com,"{""role"": ""user"", ""level"": 0}"
u4321,User 4321,user4321@example.com,"{""role"": ""user"", ""level"": 1}"
u4322,User 4322,user4322@example.com,"{""role"": ""user"", ""level"": 2}"
u4323,User 4323,user4323@example.com,"{""role"": ""user"", ""level"": 3}"
u4324,User 4324,user4324@example.com,"{""role"": ""user"", ""level"": 4}"
u4325,User 4325,user4325@example.com,"{""role"": ""user"", ""level"": 0}"
u4326,User 4326,user4326@example.com,"{""role"": ""user"", ""level"": 1}"
u4327,User 4327,user4327@example.com,"{""role"": ""user"", ""level"": 2}"
u4328,User 4328,user4328@example.com,"{""role"": ""user"", ""level"": 3}"
u4329,User 4329,user4329@example.com,"{""role"": ""user"", ""level"": 4}"
u4330,User 4330,user4330@example.com,"{""role"": ""user"", ""level"": 0}"
u4331,User 4331,user4331@example.com,"{""role"": ""user"", ""level"": 1}"
u4332,User 4332,user4332@example.com,"{""role"": ""user"", ""level"": 2}"
u4333,User 4333,user4333@example.com,"{""role"": ""user"", ""level"": 3}"
u4334,User 4334,user4334@example.com,"{""role"": ""user"", ""level"": 4}"
u4335,User 4335,user4335@example.com,"{""role"": ""user"", ""level"": 0}"
u4336,User 4336,user4336@example.com,"{""role"": ""user"", ""level"": 1}"
u4337,User 4337,user4337@example.com,"{""role"": ""user"", ""level"": 2}"
u4338,User 4338,user4338@example.com,"{""role"": ""user"", ""level"": 3}"
u4339,User 4339,user4339@example.com,"{""role"": ""user"", ""level"": 4}"
u4340,User 4340,user4340@example.com,"{""role"": ""user"", ""level"": 0}"
u4341,User 4341,user4341@example.com,"{""role"": ""user"", ""level"": 1}"
u4342,User 4342,user4342@example.com,"{""role"": ""user"", ""level"": 2}"
u4343,User 4343,user4343@example.com,"{""role"": ""user"", ""level"": 3}"
u4344,User 4344,user4344@example.com,"{""role"": ""user"", ""level"": 4}"
u4345,User 4345,user4345@example.com,"{""role"": ""user"", ""level"": 0}"
u4346,User 4346,user4346@example.com,"{""role"": ""user"", ""level"": 1}"
u4347,User 4347,user4347@example.com,"{""role"": ""user"", ""level"": 2}"
u4348,User 4348,user4348@example.com,"{""role"": ""user"", ""level"": 3}"
u4349,User 4349,user4349@example.com,"{""role"": ""user"", ""level"": 4}"
u4350,User 4350,user4350@example.com,"{""role"": ""user"", ""level"": 0}"
u4351,User 4351,user4351@example.com,"{""role"": ""user"", ""level"": 1}"
u4352,User 4352,user4352@example.com,"{""role"": ""user"", ""level"": 2}"
u4353,User 4353,user4353@example.com,"{""role"": ""user"", ""level"": 3}"
u4354,User 4354,user4354@example.com,"{""role"": ""user"", ""level"": 4}"
u4355,User 4355,user4355@example.com,"{""role"": ""user"", ""level"": 0}"
u4356,User 4356,user4356@example.com,"{""role"": ""user"", ""level"": 1}"
u4357,User 4357,user4357@example.com,"{""role"": ""user"", ""level"": 2}"
u4358,User 4358,user4358@example.com,"{""role"": ""user"", ""level"": 3}"
u4359,User 4359,user4359@example.com,"{""role"": ""user"", ""level"": 4}"
u4360,User 4360,user4360@example.com,"{""role"": ""user"", ""level"": 0}"
u4361,User 4361,user4361@example.com,"{""role"": ""user"", ""level"": 1}"
u4362,User 4362,user4362@example.com,"{""role"": ""user"", ""level"": 2}"
u4363,User 4363,user4363@example.com,"{""role"": ""user"", ""level"": 3}"
u4364,User 4364,user4364@example.com,"{""role"": ""user"", ""level"": 4}"
u4365,User 4365,user4365@example.com,"{""role"": ""user"", ""level"": 0}"
u4366,User 4366,user4366@example.com,"{""role"": ""user"", ""level"": 1}"
u4367,User 4367,user4367@example.com,"{""role"": ""user"", ""level"": 2}"
u4368,User 4368,user4368@example.com,"{""role"": ""user"", ""level"": 3}"
u4369,User 4369,user4369@example.com,"{""role"": ""user"", ""level"": 4}"
u4370,User 4370,user4370@example.com,"{""role"": ""user"", ""level"": 0}"
u4371,User 4371,user4371@example.com,"{""role"": ""user"", ""level"": 1}"
u4372,User 4372,user4372@example.com,"{""role"": ""user"", ""level"": 2}"
u4373,User 4373,user4373@example.com,"{""role"": ""user"", ""level"": 3}"
u4374,User 4374,user4374@example.com,"{""role"": ""user"", ""level"": 4}"
u4375,User 4375,user4375@example.com,"{""role"": ""user"", ""level"": 0}"
u4376,User 4376,user4376@example.com,"{""role"": ""user"", ""level"": 1}"
u4377,User 4377,user4377@example.com,"{""role"": ""user"", ""level"": 2}"
u4378,User 4378,user4378@example.com,"{""role"": ""user"", ""level"": 3}"
u4379,User 4379,user4379@example.com,"{""role"": ""user"", ""level"": 4}"
u4380,User 4380,user4380@example.com,"{""role"": ""user"", ""level"": 0}"
u4381,User 4381,user4381@example.com,"{""role"": ""user"", ""level"": 1}"
u4382,User 4382,user4382@example.com,"{""role"": ""user"", ""level"": 2}"
u4383,User 4383,user4383@example.com,"{""role"": ""user"", ""level"": 3}"
u4384,User 4384,user4384@example.com,"{""role"": ""user"", ""level"": 4}"
u4385,User 4385,user4385@example.com,"{""role"": ""user"", ""level"": 0}"
u4386,User 4386,user4386@example.com,"{""role"": ""user"", ""level"": 1}"
u4387,User 4387,user4387@example.com,"{""role"": ""user"", ""level"": 2}"
u4388,User 4388,user4388@example.com,"{""role"": ""user"", ""level"": 3}"
u4389,User 4389,user4389@example.com,"{""role"": ""user"", ""level"": 4}"
u4390,User 4390,user4390@example.com,"{""role"": ""user"", ""level"": 0}"
u4391,User 4391,user4391@example.com,"{""role"": ""user"", ""level"": 1}"
u4392,User 4392,user4392@example.com,"{""role"": ""user"", ""level"": 2}"
u4393,User 4393,user4393@example.com,"{""role"": ""user"", ""level"": 3}"
u4394,User 4394,user4394@example.com,"{""role"": ""user"", ""level"": 4}"
u4395,User 4395,user4395@example.com,"{""role"": ""user"", ""level"": 0}"
u4396,User 4396,user4396@example.com,"{""role"": ""user"", ""level"": 1}"
u4397,User 4397,user4397@example.com,"{""role"": ""user"", ""level"": 2}"
u4398,User 4398,user4398@example.com,"{""role"": ""user"", ""level"": 3}"
u4399,User 4399,user4399@example.com,"{""role"": ""user"", ""level"": 4}"
u4400,User 4400,user4400@example.com,"{""role"": ""user"", ""level"": 0}"
u4401,User 4401,user4401@example.com,"{""role"": ""user"", ""level"": 1}"
u4402,User 4402,user4402@example.com,"{""role"": ""user"", ""level"": 2}"
u4403,User 4403,user4403@example.com,"{""role"": ""user"", ""level"": 3}"
u4404,User 4404,user4404@example.com,"{""role"": ""user"", ""level"": 4}"
u4405,User 4405,user4405@example.com,"{""role"": ""user"", ""level"": 0}"
u4406,User 4406,user4406@example.com,"{""role"": ""user"", ""level"": 1}"
u4407,User 4407,user4407@example.com,"{""role"": ""user"", ""level"": 2}"
u4408,User 4408,user4408@example.com,"{""role"": ""user"", ""level"": 3}"
u4409,User 4409,user4409@example.com,"{""role"": ""user"", ""level"": 4}"
u4410,User 4410,user4410@example.com,"{""role"": ""user"", ""level"": 0}"
u4411,User 4411,user4411@example.com,"{""role"": ""user"", ""level"": 1}"
u4412,User 4412,user4412@example.com,"{""role"": ""user"", ""level"": 2}"
u4413,User 4413,user4413@example.com,"{""role"": ""user"", ""level"": 3}"
u4414,User 4414,user4414@example.com,"{""role"": ""user"", ""level"": 4}"
u4415,User 4415,user4415@example.com,"{""role"": ""user"", ""level"": 0}"
u4416,User 4416,user4416@example.com,"{""role"": ""user"", ""level"": 1}"
u4417,User 4417,user4417@example.com,"{""role"": ""user"", ""level"": 2}"
u4418,User 4418,user4418@example.com,"{""role"": ""user"", ""level"": 3}"
u4419,User 4419,user4419@example.com,"{""role"": ""user"", ""level"": 4}"
u4420,User 4420,user4420@example.com,"{""role"": ""user"", ""level"": 0}"
u4421,User 4421,user4421@example.com,"{""role"": ""user"", ""level"": 1}"
u4422,User 4422,user4422@example.com,"{""role"": ""user"", ""level"": 2}"
u4423,User 4423,user4423@example.com,"{""role"": ""user"", ""level"": 3}"
u4424,User 4424,user4424@example.com,"{""role"": ""user"", ""level"": 4}"
u4425,User 4425,user4425@example.com,"{""role"": ""user"", ""level"": 0}"
u4426,User 4426,user4426@example.com,"{""role"": ""user"", ""level"": 1}"
u4427,User 4427,user4427@example.com,"{""role"": ""user"", ""level"": 2}"
u4428,User 4428,user4428@example.com,"{""role"": ""user"", ""level"": 3}"
u4429,User 4429,user4429@example.com,"{""role"": ""user"", ""level"": 4}"
u4430,User 4430,user4430@example.com,"{""role"": ""user"", ""level"": 0}"
u4431,User 4431,user4431@example.com,"{""role"": ""user"", ""level"": 1}"
u4432,User 4432,user4432@example.com,"{""role"": ""user"", ""level"": 2}"
u4433,User 4433,user4433@example.com,"{""role"": ""user"", ""level"": 3}"
u4434,User 4434,user4434@example.com,"{""role"": ""user"", ""level"": 4}"
u4435,User 4435,user4435@example.com,"{""role"": ""user"", ""level"": 0}"
u4436,User 4436,user4436@example.com,"{""role"": ""user"", ""level"": 1}"
u4437,User 4437,user4437@example.com,"{""role"": ""user"", ""level"": 2}"
u4438,User 4438,user4438@example.com,"{""role"": ""user"", ""level"": 3}"
u4439,User 4439,user4439@example.com,"{""role"": ""user"", ""level"": 4}"
u4440,User 4440,user4440@example.com,"{""role"": ""user"", ""level"": 0}"
u4441,User 4441,user4441@example.com,"{""role"": ""user"", ""level"": 1}"
u4442,User 4442,user4442@example.com,"{""role"": ""user"", ""level"": 2}"
u4443,User 4443,user4443@example.com,"{""role"": ""user"", ""level"": 3}"
u4444,User 4444,user4444@example.com,"{""role"": ""user"", ""level"": 4}"
u4445,User 4445,user4445@example.com,"{""role"": ""user"", ""level"": 0}"
u4446,User 4446,user4446@example.com,"{""role"": ""user"", ""level"": 1}"
u4447,User 4447,user4447@example.com,"{""role"": ""user"", ""level"": 2}"
u4448,User 4448,user4448@example.com,"{""role"": ""user"", ""level"": 3}"
u4449,User 4449,user4449@example.com,"{""role"": ""user"", ""level"": 4}"
u4450,User 4450,user4450@example.com,"{""role"": ""user"", ""level"": 0}"
u4451,User 4451,user4451@example.com,"{""role"": ""user"", ""level"": 1}"
u4452,User 4452,user4452@example.com,"{""role"": ""user"", ""level"": 2}"
u4453,User 4453,user4453@example.com,"{""role"": ""user"", ""level"": 3}"
u4454,User 4454,user4454@example.com,"{""role"": ""user"", ""level"": 4}"
u4455,User 4455,user4455@example.com,"{""role"": ""user"", ""level"": 0}"
u4456,User 4456,user4456@example.com,"{""role"": ""user"", ""level"": 1}"
u4457,User 4457,user4457@example.com,"{""role"": ""user"", ""level"": 2}"
u4458,User 4458,user4458@example.com,"{""role"": ""user"", ""level"": 3}"
u4459,User 4459,user4459@example.com,"{""role"": ""user"", ""level"": 4}"
u4460,User 4460,user4460@example.com,"{""role"": ""user"", ""level"": 0}"
u4461,User 4461,user4461@example.com,"{""role"": ""user"", ""level"": 1}"
u4462,User 4462,user4462@example.com,"{""role"": ""user"", ""level"": 2}"
u4463,User 4463,user4463@example.com,"{""role"": ""user"", ""level"": 3}"
u4464,User 4464,user4464@example.com,"{""role"": ""user"", ""level"": 4}"
u4465,User 4465,user4465@example.com,"{""role"": ""user"", ""level"": 0}"
u4466,User 4466,user4466@example.com,"{""role"": ""user"", ""level"": 1}"
u4467,User 4467,user4467@example.com,"{""role"": ""user"", ""level"": 2}"
u4468,User 4468,user4468@example.com,"{""role"": ""user"", ""level"": 3}"
u4469,User 4469,user4469@example.com,"{""role"": ""user"", ""level"": 4}"
u4470,User 4470,user4470@example.com,"{""role"": ""user"", ""level"": 0}"
u4471,User 4471,user4471@example.com,"{""role"": ""user"", ""level"": 1}"
u4472,User 4472,user4472@example.com,"{""role"": ""user"", ""level"": 2}"
u4473,User 4473,user4473@example.com,"{""role"": ""user"", ""level"": 3}"
u4474,User 4474,user4474@example.com,"{""role"": ""user"", ""level"": 4}"
u4475,User 4475,user4475@example.com,"{""role"": ""user"", ""level"": 0}"
u4476,User 4476,user4476@example.com,"{""role"": ""user"", ""level"": 1}"
u4477,User 4477,user4477@example.com,"{""role"": ""user"", ""level"": 2}"
u4478,User 4478,user4478@example.com,"{""role"": ""user"", ""level"": 3}"
u4479,User 4479,user4479@example.com,"{""role"": ""user"", ""level"": 4}"
u4480,User 4480,user4480@example.com,"{""role"": ""user"", ""level"": 0}"
u4481,User 4481,user4481@example.com,"{""role"": ""user"", ""level"": 1}"
u4482,User 4482,user4482@example.com,"{""role"": ""user"", ""level"": 2}"
u4483,User 4483,user4483@example.com,"{""role"": ""user"", ""level"": 3}"
u4484,User 4484,user4484@example.com,"{""role"": ""user"", ""level"": 4}"
u4485,User 4485,user4485@example.com,"{""role"": ""user"", ""level"": 0}"
u4486,User 4486,user4486@example.com,"{""role"": ""user"", ""level"": 1}"
u4487,User 4487,user4487@example.com,"{""role"": ""user"", ""level"": 2}"
u4488,User 4488,user4488@example.com,"{""role"": ""user"", ""level"": 3}"
u4489,User 4489,user4489@example.com,"{""role"": ""user"", ""level"": 4}"
u4490,User 4490,user4490@example.com,"{""role"": ""user"", ""level"": 0}"
u4491,User 4491,user4491@example.com,"{""role"": ""user"", ""level"": 1}"
u4492,User 4492,user4492@example.com,"{""role"": ""user"", ""level"": 2}"
u4493,User 4493,user4493@example.com,"{""role"": ""user"", ""level"": 3}"
u4494,User 4494,user4494@example.com,"{""role"": ""user"", ""level"": 4}"
u4495,User 4495,user4495@example.com,"{""role"": ""user"", ""level"": 0}"
u4496,User 4496,user4496@example.com,"{""role"": ""user"", ""level"": 1}"
u4497,User 4497,user4497@example.com,"{""role"": ""user"", ""level"": 2}"
u4498,User 4498,user4498@example.com,"{""role"": ""user"", ""level"": 3}"
u4499,User 4499,user4499@example.com,"{""role"": ""user"", ""level"": 4}"
u4500,User 4500,user4500@example.com,"{""role"": ""user"", ""level"": 0}"
u4501,User 4501,user4501@example.com,"{""role"": ""user"", ""level"": 1}"
u4502,User 4502,user4502@example.com,"{""role"": ""user"", ""level"": 2}"
u4503,User 4503,user4503@example.com,"{""role"": ""user"", ""level"": 3}"
u4504,User 4504,user4504@example.com,"{""role"": ""user"", ""level"": 4}"
u4505,User 4505,user4505@example.com,"{""role"": ""user"", ""level"": 0}"
u4506,User 4506,user4506@example.com,"{""role"": ""user"", ""level"": 1}"
u4507,User 4507,user4507@example.com,"{""role"": ""user"", ""level"": 2}"
u4508,User 4508,user4508@example.com,"{""role"": ""user"", ""level"": 3}"
u4509,User 4509,user4509@example.com,"{""role"": ""user"", ""level"": 4}"
u4510,User 4510,user4510@example.com,"{""role"": ""user"", ""level"": 0}"
u4511,User 4511,user4511@example.com,"{""role"": ""user"", ""level"": 1}"
u4512,User 4512,user4512@example.com,"{""role"": ""user"", ""level"": 2}"
u4513,User 4513,user4513@example.com,"{""role"": ""user"", ""level"": 3}"
u4514,User 4514,user4514@example.com,"{""role"": ""user"", ""level"": 4}"
u4515,User 4515,user4515@example.com,"{""role"": ""user"", ""level"": 0}"
u4516,User 4516,user4516@example.com,"{""role"": ""user"", ""level"": 1}"
u4517,User 4517,user4517@example.com,"{""role"": ""user"", ""level"": 2}"
u4518,User 4518,user4518@example.com,"{""role"": ""user"", ""level"": 3}"
u4519,User 4519,user4519@example.com,"{""role"": ""user"", ""level"": 4}"
u4520,User 4520,user4520@example.com,"{""role"": ""user"", ""level"": 0}"
u4521,User 4521,user4521@example.com,"{""role"": ""user"", ""level"": 1}"
u4522,User 4522,user4522@example.com,"{""role"": ""user"", ""level"": 2}"
u4523,User 4523,user4523@example.com,"{""role"": ""user"", ""level"": 3}"
u4524,User 4524,user4524@example.com,"{""role"": ""user"", ""level"": 4}"
u4525,User 4525,user4525@example.com,"{""role"": ""user"", ""level"": 0}"
u4526,User 4526,user4526@example.com,"{""role"": ""user"", ""level"": 1}"
u4527,User 4527,user4527@example.com,"{""role"": ""user"", ""level"": 2}"
u4528,User 4528,user4528@example.com,"{""role"": ""user"", ""level"": 3}"
u4529,User 4529,user4529@example.com,"{""role"": ""user"", ""level"": 4}"
u4530,User 4530,user4530@example.com,"{""role"": ""user"", ""level"": 0}"
u4531,User 4531,user4531@example.com,"{""role"": ""user"", ""level"": 1}"
u4532,User 4532,user4532@example.com,"{""role"": ""user"", ""level"": 2}"
u4533,User 4533,user4533@example.com,"{""role"": ""user"", ""level"": 3}"
u4534,User 4534,user4534@example.com,"{""role"": ""user"", ""level"": 4}"
u4535,User 4535,user4535@example.com,"{""role"": ""user"", ""level"": 0}"
u4536,User 4536,user4536@example.com,"{""role"": ""user"", ""level"": 1}"
u4537,User 4537,user4537@example.com,"{""role"": ""user"", ""level"": 2}"
u4538,User 4538,user4538@example.com,"{""role"": ""user"", ""level"": 3}"
u4539,User 4539,user4539@example.com,"{""role"": ""user"", ""level"": 4}"
u4540,User 4540,user4540@example.com,"{""role"": ""user"", ""level"": 0}"
u4541,User 4541,user4541@example.com,"{""role"": ""user"", ""level"": 1}"
u4542,User 4542,user4542@example.com,"{""role"": ""user"", ""level"": 2}"
u4543,User 4543,user4543@example.com,"{""role"": ""user"", ""level"": 3}"
u4544,User 4544,user4544@example.com,"{""role"": ""user"", ""level"": 4}"
u4545,User 4545,user4545@example.com,"{""role"": ""user"", ""level"": 0}"
u4546,User 4546,user4546@example.com,"{""role"": ""user"", ""level"": 1}"
u4547,User 4547,user4547@example.com,"{""role"": ""user"", ""level"": 2}"
u4548,User 4548,user4548@example.com,"{""role"": ""user"", ""level"": 3}"
u4549,User 4549,user4549@example.com,"{""role"": ""user"", ""level"": 4}"
u4550,User 4550,user4550@example.com,"{""role"": ""user"", ""level"": 0}"
u4551,User 4551,user4551@example.com,"{""role"": ""user"", ""level"": 1}"
u4552,User 4552,user4552@example.com,"{""role"": ""user"", ""level"": 2}"
u4553,User 4553,user4553@example.com,"{""role"": ""user"", ""level"": 3}"
u4554,User 4554,user4554@example.com,"{""role"": ""user"", ""level"": 4}"
u4555,User 4555,user4555@example.com,"{""role"": ""user"", ""level"": 0}"
u4556,User 4556,user4556@example.com,"{""role"": ""user"", ""level"": 1}"
u4557,User 4557,user4557@example.com,"{""role"": ""user"", ""level"": 2}"
u4558,User 4558,user4558@example.com,"{""role"": ""user"", ""level"": 3}"
u4559,User 4559,user4559@example.com,"{""role"": ""user"", ""level"": 4}"
u4560,User 4560,user4560@example.com,"{""role"": ""user"", ""level"": 0}"
u4561,User 4561,user4561@example.com,"{""role"": ""user"", ""level"": 1}"
u4562,User 4562,user4562@example.com,"{""role"": ""user"", ""level"": 2}"
u4563,User 4563,user4563@example.com,"{""role"": ""user"", ""level"": 3}"
u4564,User 4564,user4564@example.com,"{""role"": ""user"", ""level"": 4}"
u4565,User 4565,user4565@example.com,"{""role"": ""user"", ""level"": 0}"
u4566,User 4566,user4566@example.com,"{""role"": ""user"", ""level"": 1}"
u4567,User 4567,user4567@example.com,"{""role"": ""user"", ""level"": 2}"
u4568,User 4568,user4568@example.com,"{""role"": ""user"", ""level"": 3}"
u4569,User 4569,user4569@example.com,"{""role"": ""user"", ""level"": 4}"
u4570,User 4570,user4570@example.com,"{""role"": ""user"", ""level"": 0}"
u4571,User 4571,user4571@example.com,"{""role"": ""user"", ""level"": 1}"
u4572,User 4572,user4572@example.com,"{""role"": ""user"", ""level"": 2}"
u4573,User 4573,user4573@example.com,"{""role"": ""user"", ""level"": 3}"
u4574,User 4574,user4574@example.com,"{""role"": ""user"", ""level"": 4}"
u4575,User 4575,user4575@example.com,"{""role"": ""user"", ""level"": 0}"
u4576,User 4576,user4576@example.com,"{""role"": ""user"", ""level"": 1}"
u4577,User 4577,user4577@example.com,"{""role"": ""user"", ""level"": 2}"
u4578,User 4578,user4578@example.com,"{""role"": ""user"", ""level"": 3}"
u4579,User 4579,user4579@example.com,"{""role"": ""user"", ""level"": 4}"
u4580,User 4580,user4580@example.com,"{""role"": ""user"", ""level"": 0}"
u4581,User 4581,user4581@example.com,"{""role"": ""user"", ""level"": 1}"
u4582,User 4582,user4582@example.com,"{""role"": ""user"", ""level"": 2}"
u4583,User 4583,user4583@example.com,"{""role"": ""user"", ""level"": 3}"
u4584,User 4584,user4584@example.com,"{""role"": ""user"", ""level"": 4}"
u4585,User 4585,user4585@example.com,"{""role"": ""user"", ""level"": 0}"
u4586,User 4586,user4586@example.com,"{""role"": ""user"", ""level"": 1}"
u4587,User 4587,user4587@example.com,"{""role"": ""user"", ""level"": 2}"
u4588,User 4588,user4588@example.com,"{""role"": ""user"", ""level"": 3}"
u4589,User 4589,user4589@example.com,"{""role"": ""user"", ""level"": 4}"
u4590,User 4590,user4590@example.com,"{""role"": ""user"", ""level"": 0}"
u4591,User 4591,user4591@example.com,"{""role"": ""user"", ""level"": 1}"
u4592,User 4592,user4592@example.com,"{""role"": ""user"", ""level"": 2}"
u4593,User 4593,user4593@example.com,"{""role"": ""user"", ""level"": 3}"
u4594,User 4594,user4594@example.com,"{""role"": ""user"", ""level"": 4}"
u4595,User 4595,user4595@example.com,"{""role"": ""user"", ""level"": 0}"
u4596,User 4596,user4596@example.com,"{""role"": ""user"", ""level"": 1}"
u4597,User 4597,user4597@example.com,"{""role"": ""user"", ""level"": 2}"
u4598,User 4598,user4598@example.com,"{""role"": ""user"", ""level"": 3}"
u4599,User 4599,user4599@example.com,"{""role"": ""user"", ""level"": 4}"
u4600,User 4600,user4600@example.com,"{""role"": ""user"", ""level"": 0}"
u4601,User 4601,user4601@example.com,"{""role"": ""user"", ""level"": 1}"
u4602,User 4602,user4602@example.com,"{""role"": ""user"", ""level"": 2}"
u4603,User 4603,user4603@example.com,"{""role"": ""user"", ""level"": 3}"
u4604,User 4604,user4604@example.com,"{""role"": ""user"", ""level"": 4}"
u4605,User 4605,user4605@example.com,"{""role"": ""user"", ""level"": 0}"
u4606,User 4606,user4606@example.com,"{""role"": ""user"", ""level"": 1}"
u4607,User 4607,user4607@example.com,"{""role"": ""user"", ""level"": 2}"
u4608,User 4608,user4608@example.com,"{""role"": ""user"", ""level"": 3}"
u4609,User 4609,user4609@example.com,"{""role"": ""user"", ""level"": 4}"
u4610,User 4610,user4610@example.com,"{""role"": ""user"", ""level"": 0}"
u4611,User 4611,user4611@example.com,"{""role"": ""user"", ""level"": 1}"
u4612,User 4612,user4612@example.com,"{""role"": ""user"", ""level"": 2}"
u4613,User 4613,user4613@example.com,"{""role"": ""user"", ""level"": 3}"
u4614,User 4614,user4614@example.com,"{""role"": ""user"", ""level"": 4}"
u4615,User 4615,user4615@example.com,"{""role"": ""user"", ""level"": 0}"
u4616,User 4616,user4616@example.com,"{""role"": ""user"", ""level"": 1}"
u4617,User 4617,user4617@example.com,"{""role"": ""user"", ""level"": 2}"
u4618,User 4618,user4618@example.com,"{""role"": ""user"", ""level"": 3}"
u4619,User 4619,user4619@example.com,"{""role"": ""user"", ""level"": 4}"
u4620,User 4620,user4620@example.com,"{""role"": ""user"", ""level"": 0}"
u4621,User 4621,user4621@example.com,"{""role"": ""user"", ""level"": 1}"
u4622,User 4622,user4622@example.com,"{""role"": ""user"", ""level"": 2}"
u4623,User 4623,user4623@example.com,"{""role"": ""user"", ""level"": 3}"
u4624,User 4624,user4624@example.com,"{""role"": ""user"", ""level"": 4}"
u4625,User 4625,user4625@example.com,"{""role"": ""user"", ""level"": 0}"
u4626,User 4626,user4626@example.com,"{""role"": ""user"", ""level"": 1}"
u4627,User 4627,user4627@example.com,"{""role"": ""user"", ""level"": 2}"
u4628,User 4628,user4628@example.com,"{""role"": ""user"", ""level"": 3}"
u4629,User 4629,user4629@example.com,"{""role"": ""user"", ""level"": 4}"
u4630,User 4630,user4630@example.com,"{""role"": ""user"", ""level"": 0}"
u4631,User 4631,user4631@example.com,"{""role"": ""user"", ""level"": 1}"
u4632,User 4632,user4632@example.com,"{""role"": ""user"", ""level"": 2}"
u4633,User 4633,user4633@example.com,"{""role"": ""user"", ""level"": 3}"
u4634,User 4634,user4634@example.com,"{""role"": ""user"", ""level"": 4}"
u4635,User 4635,user4635@example.com,"{""role"": ""user"", ""level"": 0}"
u4636,User 4636,user4636@example.com,"{""role"": ""user"", ""level"": 1}"
u4637,User 4637,user4637@example.com,"{""role"": ""user"", ""level"": 2}"
u4638,User 4638,user4638@example.com,"{""role"": ""user"", ""level"": 3}"
u4639,User 4639,user4639@example.com,"{""role"": ""user"", ""level"": 4}"
u4640,User 4640,user4640@example.com,"{""role"": ""user"", ""level"": 0}"
u4641,User 4641,user4641@example.com,"{""role"": ""user"", ""level"": 1}"
u4642,User 4642,user4642@example.com,"{""role"": ""user"", ""level"": 2}"
u4643,User 4643,user4643@example.com,"{""role"": ""user"", ""level"": 3}"
u4644,User 4644,user4644@example.com,"{""role"": ""user"", ""level"": 4}"
u4645,User 4645,user4645@example.com,"{""role"": ""user"", ""level"": 0}"
u4646,User 4646,user4646@example.com,"{""role"": ""user"", ""level"": 1}"
u4647,User 4647,user4647@example.com,"{""role"": ""user"", ""level"": 2}"
u4648,User 4648,user4648@example.com,"{""role"": ""user"", ""level"": 3}"
u4649,User 4649,user4649@example.com,"{""role"": ""user"", ""level"": 4}"
u4650,User 4650,user4650@example.com,"{""role"": ""user"", ""level"": 0}"
u4651,User 4651,user4651@example.com,"{""role"": ""user"", ""level"": 1}"
u4652,User 4652,user4652@example.com,"{""role"": ""user"", ""level"": 2}"
u4653,User 4653,user4653@example.com,"{""role"": ""user"", ""level"": 3}"
u4654,User 4654,user4654@example.com,"{""role"": ""user"", ""level"": 4}"
u4655,User 4655,user4655@example.com,"{""role"": ""user"", ""level"": 0}"
u4656,User 4656,user4656@example.com,"{""role"": ""user"", ""level"": 1}"
u4657,User 4657,user4657@example.com,"{""role"": ""user"", ""level"": 2}"
u4658,User 4658,user4658@example.com,"{""role"": ""user"", ""level"": 3}"
u4659,User 4659,user4659@example.com,"{""role"": ""user"", ""level"": 4}"
u4660,User 4660,user4660@example.com,"{""role"": ""user"", ""level"": 0}"
u4661,User 4661,user4661@example.com,"{""role"": ""user"", ""level"": 1}"
u4662,User 4662,user4662@example.com,"{""role"": ""user"", ""level"": 2}"
u4663,User 4663,user4663@example.com,"{""role"": ""user"", ""level"": 3}"
u4664,User 4664,user4664@example.com,"{""role"": ""user"", ""level"": 4}"
u4665,User 4665,user4665@example.com,"{""role"": ""user"", ""level"": 0}"
u4666,User 4666,user4666@example.com,"{""role"": ""user"", ""level"": 1}"
u4667,User 4667,user4667@example.com,"{""role"": ""user"", ""level"": 2}"
u4668,User 4668,user4668@example.com,"{""role"": ""user"", ""level"": 3}"
u4669,User 4669,user4669@example.com,"{""role"": ""user"", ""level"": 4}"
u4670,User 4670,user4670@example.com,"{""role"": ""user"", ""level"": 0}"
u4671,User 4671,user4671@example.com,"{""role"": ""user"", ""level"": 1}"
u4672,User 4672,user4672@example.com,"{""role"": ""user"", ""level"": 2}"
u4673,User 4673,user4673@example.com,"{""role"": ""user"", ""level"": 3}"
u4674,User 4674,user4674@example.com,"{""role"": ""user"", ""level"": 4}"
u4675,User 4675,user4675@example.com,"{""role"": ""user"", ""level"": 0}"
u4676,User 4676,user4676@example.com,"{""role"": ""user"", ""level"": 1}"
u4677,User 4677,user4677@example.com,"{""role"": ""user"", ""level"": 2}"
u4678,User 4678,user4678@example.com,"{""role"": ""user"", ""level"": 3}"
u4679,User 4679,user4679@example.com,"{""role"": ""user"", ""level"": 4}"
u4680,User 4680,user4680@example.com,"{""role"": ""user"", ""level"": 0}"
u4681,User 4681,user4681@example.com,"{""role"": ""user"", ""level"": 1}"
u4682,User 4682,user4682@example.com,"{""role"": ""user"", ""level"": 2}"
u4683,User 4683,user4683@example.com,"{""role"": ""user"", ""level"": 3}"
u4684,User 4684,user4684@example.com,"{""role"": ""user"", ""level"": 4}"
u4685,User 4685,user4685@example.com,"{""role"": ""user"", ""level"": 0}"
u4686,User 4686,user4686@example.com,"{""role"": ""user"", ""level"": 1}"
u4687,User 4687,user4687@example.com,"{""role"": ""user"", ""level"": 2}"
u4688,User 4688,user4688@example.com,"{""role"": ""user"", ""level"": 3}"
u4689,User 4689,user4689@example.com,"{""role"": ""user"", ""level"": 4}"
u4690,User 4690,user4690@example.com,"{""role"": ""user"", ""level"": 0}"
u4691,User 4691,user4691@example.com,"{""role"": ""user"", ""level"": 1}"
u4692,User 4692,user4692@example.com,"{""role"": ""user"", ""level"": 2}"
u4693,User 4693,user4693@example.com,"{""role"": ""user"", ""level"": 3}"
u4694,User 4694,user4694@example.com,"{""role"": ""user"", ""level"": 4}"
u4695,User 4695,user4695@example.com,"{""role"": ""user"", ""level"": 0}"
u4696,User 4696,user4696@example.com,"{""role"": ""user"", ""level"": 1}"
u4697,User 4697,user4697@example.com,"{""role"": ""user"", ""level"": 2}"
u4698,User 4698,user4698@example.com,"{""role"": ""user"", ""level"": 3}"
u4699,User 4699,user4699@example.com,"{""role"": ""user"", ""level"": 4}"
u4700,User 4700,user4700@example.com,"{""role"": ""user"", ""level"": 0}"
u4701,User 4701,user4701@example.com,"{""role"": ""user"", ""level"": 1}"
u4702,User 4702,user4702@example.com,"{""role"": ""user"", ""level"": 2}"
u4703,User 4703,user4703@example.com,"{""role"": ""user"", ""level"": 3}"
u4704,User 4704,user4704@example.com,"{""role"": ""user"", ""level"": 4}"
u4705,User 4705,user4705@example.com,"{""role"": ""user"", ""level"": 0}"
u4706,User 4706,user4706@example.com,"{""role"": ""user"", ""level"": 1}"
u4707,User 4707,user4707@example.com,"{""role"": ""user"", ""level"": 2}"
u4708,User 4708,user4708@example.com,"{""role"": ""user"", ""level"": 3}"
u4709,User 4709,user4709@example.com,"{""role"": ""user"", ""level"": 4}"
u4710,User 4710,user4710@example.com,"{""role"": ""user"", ""level"": 0}"
u4711,User 4711,user4711@example.com,"{""role"": ""user"", ""level"": 1}"
u4712,User 4712,user4712@example.com,"{""role"": ""user"", ""level"": 2}"
u4713,User 4713,user4713@example.com,"{""role"": ""user"", ""level"": 3}"
u4714,User 4714,user4714@example.com,"{""role"": ""user"", ""level"": 4}"
u4715,User 4715,user4715@example.com,"{""role"": ""user"", ""level"": 0}"
u4716,User 4716,user4716@example.com,"{""role"": ""user"", ""level"": 1}"
u4717,User 4717,user4717@example.com,"{""role"": ""user"", ""level"": 2}"
u4718,User 4718,user4718@example.com,"{""role"": ""user"", ""level"": 3}"
u4719,User 4719,user4719@example.com,"{""role"": ""user"", ""level"": 4}"
u4720,User 4720,user4720@example.com,"{""role"": ""user"", ""level"": 0}"
u4721,User 4721,user4721@example.com,"{""role"": ""user"", ""level"": 1}"
u4722,User 4722,user4722@example.com,"{""role"": ""user"", ""level"": 2}"
u4723,User 4723,user4723@example.com,"{""role"": ""user"", ""level"": 3}"
u4724,User 4724,user4724@example.com,"{""role"": ""user"", ""level"": 4}"
u4725,User 4725,user4725@example.com,"{""role"": ""user"", ""level"": 0}"
u4726,User 4726,user4726@example.com,"{""role"": ""user"", ""level"": 1}"
u4727,User 4727,user4727@example.com,"{""role"": ""user"", ""level"": 2}"
u4728,User 4728,user4728@example.com,"{""role"": ""user"", ""level"": 3}"
u4729,User 4729,user4729@example.com,"{""role"": ""user"", ""level"": 4}"
u4730,User 4730,user4730@example.com,"{""role"": ""user"", ""level"": 0}"
u4731,User 4731,user4731@example.com,"{""role"": ""user"", ""level"": 1}"
u4732,User 4732,user4732@example.com,"{""role"": ""user"", ""level"": 2}"
u4733,User 4733,user4733@example.com,"{""role"": ""user"", ""level"": 3}"
u4734,User 4734,user4734@example.com,"{""role"": ""user"", ""level"": 4}"
u4735,User 4735,user4735@example.com,"{""role"": ""user"", ""level"": 0}"
u4736,User 4736,user4736@example.com,"{""role"": ""user"", ""level"": 1}"
u4737,User 4737,user4737@example.com,"{""role"": ""user"", ""level"": 2}"
u4738,User 4738,user4738@example.com,"{""role"": ""user"", ""level"": 3}"
u4739,User 4739,user4739@example.com,"{""role"": ""user"", ""level"": 4}"
u4740,User 4740,user4740@example.com,"{""role"": ""user"", ""level"": 0}"
u4741,User 4741,user4741@example.com,"{""role"": ""user"", ""level"": 1}"
u4742,User 4742,user4742@example.com,"{""role"": ""user"", ""level"": 2}"
u4743,User 4743,user4743@example.com,"{""role"": ""user"", ""level"": 3}"
u4744,User 4744,user4744@example.com,"{""role"": ""user"", ""level"": 4}"
u4745,User 4745,user4745@example.com,"{""role"": ""user"", ""level"": 0}"
u4746,User 4746,user4746@example.com,"{""role"": ""user"", ""level"": 1}"
u4747,User 4747,user4747@example.com,"{""role"": ""user"", ""level"": 2}"
u4748,User 4748,user4748@example.com,"{""role"": ""user"", ""level"": 3}"
u4749,User 4749,user4749@example.com,"{""role"": ""user"", ""level"": 4}"
u4750,User 4750,user4750@example.com,"{""role"": ""user"", ""level"": 0}"
u4751,User 4751,user4751@example.com,"{""role"": ""user"", ""level"": 1}"
u4752,User 4752,user4752@example.com,"{""role"": ""user"", ""level"": 2}"
u4753,User 4753,user4753@example.com,"{""role"": ""user"", ""level"": 3}"
u4754,User 4754,user4754@example.com,"{""role"": ""user"", ""level"": 4}"
u4755,User 4755,user4755@example.com,"{""role"": ""user"", ""level"": 0}"
u4756,User 4756,user4756@example.com,"{""role"": ""user"", ""level"": 1}"
u4757,User 4757,user4757@example.com,"{""role"": ""user"", ""level"": 2}"
u4758,User 4758,user4758@example.com,"{""role"": ""user"", ""level"": 3}"
u4759,User 4759,user4759@example.com,"{""role"": ""user"", ""level"": 4}"
u4760,User 4760,user4760@example.com,"{""role"": ""user"", ""level"": 0}"
u4761,User 4761,user4761@example.com,"{""role"": ""user"", ""level"": 1}"
u4762,User 4762,user4762@example.com,"{""role"": ""user"", ""level"": 2}"
u4763,User 4763,user4763@example.com,"{""role"": ""user"", ""level"": 3}"
u4764,User 4764,user4764@example.com,"{""role"": ""user"", ""level"": 4}"
u4765,User 4765,user4765@example.com,"{""role"": ""user"", ""level"": 0}"
u4766,User 4766,user4766@example.com,"{""role"": ""user"", ""level"": 1}"
u4767,User 4767,user4767@example.com,"{""role"": ""user"", ""level"": 2}"
u4768,User 4768,user4768@example.com,"{""role"": ""user"", ""level"": 3}"
u4769,User 4769,user4769@example.com,"{""role"": ""user"", ""level"": 4}"
u4770,User 4770,user4770@example.com,"{""role"": ""user"", ""level"": 0}"
u4771,User 4771,user4771@example.com,"{""role"": ""user"", ""level"": 1}"
u4772,User 4772,user4772@example.com,"{""role"": ""user"", ""level"": 2}"
u4773,User 4773,user4773@example.com,"{""role"": ""user"", ""level"": 3}"
u4774,User 4774,user4774@example.com,"{""role"": ""user"", ""level"": 4}"
u4775,User 4775,user4775@example.com,"{""role"": ""user"", ""level"": 0}"
u4776,User 4776,user4776@example.com,"{""role"": ""user"", ""level"": 1}"
u4777,User 4777,user4777@example.com,"{""role"": ""user"", ""level"": 2}"
u4778,User 4778,user4778@example.com,"{""role"": ""user"", ""level"": 3}"
u4779,User 4779,user4779@example.com,"{""role"": ""user"", ""level"": 4}"
u4780,User 4780,user4780@example.com,"{""role"": ""user"", ""level"": 0}"
u4781,User 4781,user4781@example.com,"{""role"": ""user"", ""level"": 1}"
u4782,User 4782,user4782@example.com,"{""role"": ""user"", ""level"": 2}"
u4783,User 4783,user4783@example.com,"{""role"": ""user"", ""level"": 3}"
u4784,User 4784,user4784@example.com,"{""role"": ""user"", ""level"": 4}"
u4785,User 4785,user4785@example.com,"{""role"": ""user"", ""level"": 0}"
u4786,User 4786,user4786@example.com,"{""role"": ""user"", ""level"": 1}"
u4787,User 4787,user4787@example.com,"{""role"": ""user"", ""level"": 2}"
u4788,User 4788,user4788@example.com,"{""role"": ""user"", ""level"": 3}"
u4789,User 4789,user4789@example.com,"{""role"": ""user"", ""level"": 4}"
u4790,User 4790,user4790@example.com,"{""role"": ""user"", ""level"": 0}"
u4791,User 4791,user4791@example.com,"{""role"": ""user"", ""level"": 1}"
u4792,User 4792,user4792@example.com,"{""role"": ""user"", ""level"": 2}"
u4793,User 4793,user4793@example.com,"{""role"": ""user"", ""level"": 3}"
u4794,User 4794,user4794@example.com,"{""role"": ""user"", ""level"": 4}"
u4795,User 4795,user4795@example.com,"{""role"": ""user"", ""level"": 0}"
u4796,User 4796,user4796@example.com,"{""role"": ""user"", ""level"": 1}"
u4797,User 4797,user4797@example.com,"{""role"": ""user"", ""level"": 2}"
u4798,User 4798,user4798@example.com,"{""role"": ""user"", ""level"": 3}"
u4799,User 4799,user4799@example.com,"{""role"": ""user"", ""level"": 4}"
u4800,User 4800,user4800@example.com,"{""role"": ""user"", ""level"": 0}"
u4801,User 4801,user4801@example.com,"{""role"": ""user"", ""level"": 1}"
u4802,User 4802,user4802@example.com,"{""role"": ""user"", ""level"": 2}"
u4803,User 4803,user4803@example.com,"{""role"": ""user"", ""level"": 3}"
u4804,User 4804,user4804@example.com,"{""role"": ""user"", ""level"": 4}"
u4805,User 4805,user4805@example.com,"{""role"": ""user"", ""level"": 0}"
u4806,User 4806,user4806@example.com,"{""role"": ""user"", ""level"": 1}"
u4807,User 4807,user4807@example.com,"{""role"": ""user"", ""level"": 2}"
u4808,User 4808,user4808@example.com,"{""role"": ""user"", ""level"": 3}"
u4809,User 4809,user4809@example.com,"{""role"": ""user"", ""level"": 4}"
u4810,User 4810,user4810@example.com,"{""role"": ""user"", ""level"": 0}"
u4811,User 4811,user4811@example.com,"{""role"": ""user"", ""level"": 1}"
u4812,User 4812,user4812@example.com,"{""role"": ""user"", ""level"": 2}"
u4813,User 4813,user4813@example.com,"{""role"": ""user"", ""level"": 3}"
u4814,User 4814,user4814@example.com,"{""role"": ""user"", ""level"": 4}"
u4815,User 4815,user4815@example.com,"{""role"": ""user"", ""level"": 0}"
u4816,User 4816,user4816@example.com,"{""role"": ""user"", ""level"": 1}"
u4817,User 4817,user4817@example.com,"{""role"": ""user"", ""level"": 2}"
u4818,User 4818,user4818@example.com,"{""role"": ""user"", ""level"": 3}"
u4819,User 4819,user4819@example.com,"{""role"": ""user"", ""level"": 4}"
u4820,User 4820,user4820@example.com,"{""role"": ""user"", ""level"": 0}"
u4821,User 4821,user4821@example.com,"{""role"": ""user"", ""level"": 1}"
u4822,User 4822,user4822@example.com,"{""role"": ""user"", ""level"": 2}"
u4823,User 4823,user4823@example.com,"{""role"": ""user"", ""level"": 3}"
u4824,User 4824,user4824@example.com,"{""role"": ""user"", ""level"": 4}"
u4825,User 4825,user4825@example.com,"{""role"": ""user"", ""level"": 0}"
u4826,User 4826,user4826@example.com,"{""role"": ""user"", ""level"": 1}"
u4827,User 4827,user4827@example.com,"{""role"": ""user"", ""level"": 2}"
u4828,User 4828,user4828@example.com,"{""role"": ""user"", ""level"": 3}"
u4829,User 4829,user4829@example.com,"{""role"": ""user"", ""level"": 4}"
u4830,User 4830,user4830@example.com,"{""role"": ""user"", ""level"": 0}"
u4831,User 4831,user4831@example.com,"{""role"": ""user"", ""level"": 1}"
u4832,User 4832,user4832@example.com,"{""role"": ""user"", ""level"": 2}"
u4833,User 4833,user4833@example.com,"{""role"": ""user"", ""level"": 3}"
u4834,User 4834,user4834@example.com,"{""role"": ""user"", ""level"": 4}"
u4835,User 4835,user4835@example.com,"{""role"": ""user"", ""level"": 0}"
u4836,User 4836,user4836@example.com,"{""role"": ""user"", ""level"": 1}"
u4837,User 4837,user4837@example.com,"{""role"": ""user"", ""level"": 2}"
u4838,User 4838,user4838@example.com,"{""role"": ""user"", ""level"": 3}"
u4839,User 4839,user4839@example.com,"{""role"": ""user"", ""level"": 4}"
u4840,User 4840,user4840@example.com,"{""role"": ""user"", ""level"": 0}"
u4841,User 4841,user4841@example.com,"{""role"": ""user"", ""level"": 1}"
u4842,User 4842,user4842@example.com,"{""role"": ""user"", ""level"": 2}"
u4843,User 4843,user4843@example.com,"{""role"": ""user"", ""level"": 3}"
u4844,User 4844,user4844@example.com,"{""role"": ""user"", ""level"": 4}"
u4845,User 4845,user4845@example.com,"{""role"": ""user"", ""level"": 0}"
u4846,User 4846,user4846@example.com,"{""role"": ""user"", ""level"": 1}"
u4847,User 4847,user4847@example.com,"{""role"": ""user"", ""level"": 2}"
u4848,User 4848,user4848@example.com,"{""role"": ""user"", ""level"": 3}"
u4849,User 4849,user4849@example.com,"{""role"": ""user"", ""level"": 4}"
u4850,User 4850,user4850@example.com,"{""role"": ""user"", ""level"": 0}"
u4851,User 4851,user4851@example.com,"{""role"": ""user"", ""level"": 1}"
u4852,User 4852,user4852@example.com,"{""role"": ""user"", ""level"": 2}"
u4853,User 4853,user4853@example.com,"{""role"": ""user"", ""level"": 3}"
u4854,User 4854,user4854@example.com,"{""role"": ""user"", ""level"": 4}"
u4855,User 4855,user4855@example.com,"{""role"": ""user"", ""level"": 0}"
u4856,User 4856,user4856@example.com,"{""role"": ""user"", ""level"": 1}"
u4857,User 4857,user4857@example.com,"{""role"": ""user"", ""level"": 2}"
u4858,User 4858,user4858@example.com,"{""role"": ""user"", ""level"": 3}"
u4859,User 4859,user4859@example.com,"{""role"": ""user"", ""level"": 4}"
u4860,User 4860,user4860@example.com,"{""role"": ""user"", ""level"": 0}"
u4861,User 4861,user4861@example.com,"{""role"": ""user"", ""level"": 1}"
u4862,User 4862,user4862@example.com,"{""role"": ""user"", ""level"": 2}"
u4863,User 4863,user4863@example.com,"{""role"": ""user"", ""level"": 3}"
u4864,User 4864,user4864@example.com,"{""role"": ""user"", ""level"": 4}"
u4865,User 4865,user4865@example.com,"{""role"": ""user"", ""level"": 0}"
u4866,User 4866,user4866@example.com,"{""role"": ""user"", ""level"": 1}"
u4867,User 4867,user4867@example.com,"{""role"": ""user"", ""level"": 2}"
u4868,User 4868,user4868@example.com,"{""role"": ""user"", ""level"": 3}"
u4869,User 4869,user4869@example.com,"{""role"": ""user"", ""level"": 4}"
u4870,User 4870,user4870@example.com,"{""role"": ""user"", ""level"": 0}"
u4871,User 4871,user4871@example.com,"{""role"": ""user"", ""level"": 1}"
u4872,User 4872,user4872@example.com,"{""role"": ""user"", ""level"": 2}"
u4873,User 4873,user4873@example.com,"{""role"": ""user"", ""level"": 3}"
u4874,User 4874,user4874@example.com,"{""role"": ""user"", ""level"": 4}"
u4875,User 4875,user4875@example.com,"{""role"": ""user"", ""level"": 0}"
u4876,User 4876,user4876@example.com,"{""role"": ""user"", ""level"": 1}"
u4877,User 4877,user4877@example.com,"{""role"": ""user"", ""level"": 2}"
u4878,User 4878,user4878@example.com,"{""role"": ""user"", ""level"": 3}"
u4879,User 4879,user4879@example.com,"{""role"": ""user"", ""level"": 4}"
u4880,User 4880,user4880@example.com,"{""role"": ""user"", ""level"": 0}"
u4881,User 4881,user4881@example.com,"{""role"": ""user"", ""level"": 1}"
u4882,User 4882,user4882@example.com,"{""role"": ""user"", ""level"": 2}"
u4883,User 4883,user4883@example.com,"{""role"": ""user"", ""level"": 3}"
u4884,User 4884,user4884@example.com,"{""role"": ""user"", ""level"": 4}"
u4885,User 4885,user4885@example.com,"{""role"": ""user"", ""level"": 0}"
u4886,User 4886,user4886@example.com,"{""role"": ""user"", ""level"": 1}"
u4887,User 4887,user4887@example.com,"{""role"": ""user"", ""level"": 2}"
u4888,User 4888,user4888@example.com,"{""role"": ""user"", ""level"": 3}"
u4889,User 4889,user4889@example.com,"{""role"": ""user"", ""level"": 4}"
u4890,User 4890,user4890@example.com,"{""role"": ""user"", ""level"": 0}"
u4891,User 4891,user4891@example.com,"{""role"": ""user"", ""level"": 1}"
u4892,User 4892,user4892@example.com,"{""role"": ""user"", ""level"": 2}"
u4893,User 4893,user4893@example.com,"{""role"": ""user"", ""level"": 3}"
u4894,User 4894,user4894@example.com,"{""role"": ""user"", ""level"": 4}"
u4895,User 4895,user4895@example.com,"{""role"": ""user"", ""level"": 0}"
u4896,User 4896,user4896@example.com,"{""role"": ""user"", ""level"": 1}"
u4897,User 4897,user4897@example.com,"{""role"": ""user"", ""level"": 2}"
u4898,User 4898,user4898@example.com,"{""role"": ""user"", ""level"": 3}"
u4899,User 4899,user4899@example.com,"{""role"": ""user"", ""level"": 4}"
u4900,User 4900,user4900@example.com,"{""role"": ""user"", ""level"": 0}"
u4901,User 4901,user4901@example.com,"{""role"": ""user"", ""level"": 1}"
u4902,User 4902,user4902@example.com,"{""role"": ""user"", ""level"": 2}"
u4903,User 4903,user4903@example.com,"{""role"": ""user"", ""level"": 3}"
u4904,User 4904,user4904@example.com,"{""role"": ""user"", ""level"": 4}"
u4905,User 4905,user4905@example.com,"{""role"": ""user"", ""level"": 0}"
u4906,User 4906,user4906@example.com,"{""role"": ""user"", ""level"": 1}"
u4907,User 4907,user4907@example.com,"{""role"": ""user"", ""level"": 2}"
u4908,User 4908,user4908@example.com,"{""role"": ""user"", ""level"": 3}"
u4909,User 4909,user4909@example.com,"{""role"": ""user"", ""level"": 4}"
u4910,User 4910,user4910@example.com,"{""role"": ""user"", ""level"": 0}"
u4911,User 4911,user4911@example.com,"{""role"": ""user"", ""level"": 1}"
u4912,User 4912,user4912@example.com,"{""role"": ""user"", ""level"": 2}"
u4913,User 4913,user4913@example.com,"{""role"": ""user"", ""level"": 3}"
u4914,User 4914,user4914@example.com,"{""role"": ""user"", ""level"": 4}"
u4915,User 4915,user4915@example.com,"{""role"": ""user"", ""level"": 0}"
u4916,User 4916,user4916@example.com,"{""role"": ""user"", ""level"": 1}"
u4917,User 4917,user4917@example.com,"{""role"": ""user"", ""level"": 2}"
u4918,User 4918,user4918@example.com,"{""role"": ""user"", ""level"": 3}"
u4919,User 4919,user4919@example.com,"{""role"": ""user"", ""level"": 4}"
u4920,User 4920,user4920@example.com,"{""role"": ""user"", ""level"": 0}"
u4921,User 4921,user4921@example.com,"{""role"": ""user"", ""level"": 1}"
u4922,User 4922,user4922@example.com,"{""role"": ""user"", ""level"": 2}"
u4923,User 4923,user4923@example.com,"{""role"": ""user"", ""level"": 3}"
u4924,User 4924,user4924@example.com,"{""role"": ""user"", ""level"": 4}"
u4925,User 4925,user4925@example.com,"{""role"": ""user"", ""level"": 0}"
u4926,User 4926,user4926@example.com,"{""role"": ""user"", ""level"": 1}"
u4927,User 4927,user4927@example.com,"{""role"": ""user"", ""level"": 2}"
u4928,User 4928,user4928@example.com,"{""role"": ""user"", ""level"": 3}"
u4929,User 4929,user4929@example.com,"{""role"": ""user"", ""level"": 4}"
u4930,User 4930,user4930@example.com,"{""role"": ""user"", ""level"": 0}"
u4931,User 4931,user4931@example.com,"{""role"": ""user"", ""level"": 1}"
u4932,User 4932,user4932@example.com,"{""role"": ""user"", ""level"": 2}"
u4933,User 4933,user4933@example.com,"{""role"": ""user"", ""level"": 3}"
u4934,User 4934,user4934@example.com,"{""role"": ""user"", ""level"": 4}"
u4935,User 4935,user4935@example.com,"{""role"": ""user"", ""level"": 0}"
u4936,User 4936,user4936@example.com,"{""role"": ""user"", ""level"": 1}"
u4937,User 4937,user4937@example.com,"{""role"": ""user"", ""level"": 2}"
u4938,User 4938,user4938@example.com,"{""role"": ""user"", ""level"": 3}"
u4939,User 4939,user4939@example.com,"{""role"": ""user"", ""level"": 4}"
u4940,User 4940,user4940@example.com,"{""role"": ""user"", ""level"": 0}"
u4941,User 4941,user4941@example.com,"{""role"": ""user"", ""level"": 1}"
u4942,User 4942,user4942@example.com,"{""role"": ""user"", ""level"": 2}"
u4943,User 4943,user4943@example.com,"{""role"": ""user"", ""level"": 3}"
u4944,User 4944,user4944@example.com,"{""role"": ""user"", ""level"": 4}"
u4945,User 4945,user4945@example.com,"{""role"": ""user"", ""level"": 0}"
u4946,User 4946,user4946@example.com,"{""role"": ""user"", ""level"": 1}"
u4947,User 4947,user4947@example.com,"{""role"": ""user"", ""level"": 2}"
u4948,User 4948,user4948@example.com,"{""role"": ""user"", ""level"": 3}"
u4949,User 4949,user4949@example.com,"{""role"": ""user"", ""level"": 4}"
u4950,User 4950,user4950@example.com,"{""role"": ""user"", ""level"": 0}"
u4951,User 4951,user4951@example.com,"{""role"": ""user"", ""level"": 1}"
u4952,User 4952,user4952@example.com,"{""role"": ""user"", ""level"": 2}"
u4953,User 4953,user4953@example.com,"{""role"": ""user"", ""level"": 3}"
u4954,User 4954,user4954@example.com,"{""role"": ""user"", ""level"": 4}"
u4955,User 4955,user4955@example.com,"{""role"": ""user"", ""level"": 0}"
u4956,User 4956,user4956@example.com,"{""role"": ""user"", ""level"": 1}"
u4957,User 4957,user4957@example.com,"{""role"": ""user"", ""level"": 2}"
u4958,User 4958,user4958@example.com,"{""role"": ""user"", ""level"": 3}"
u4959,User 4959,user4959@example.com,"{""role"": ""user"", ""level"": 4}"
u4960,User 4960,user4960@example.com,"{""role"": ""user"", ""level"": 0}"
u4961,User 4961,user4961@example.com,"{""role"": ""user"", ""level"": 1}"
u4962,User 4962,user4962@example.com,"{""role"": ""user"", ""level"": 2}"
u4963,User 4963,user4963@example.com,"{""role"": ""user"", ""level"": 3}"
u4964,User 4964,user4964@example.com,"{""role"": ""user"", ""level"": 4}"
u4965,User 4965,user4965@example.com,"{""role"": ""user"", ""level"": 0}"
u4966,User 4966,user4966@example.com,"{""role"": ""user"", ""level"": 1}"
u4967,User 4967,user4967@example.com,"{""role"": ""user"", ""level"": 2}"
u4968,User 4968,user4968@example.com,"{""role"": ""user"", ""level"": 3}"
u4969,User 4969,user4969@example.com,"{""role"": ""user"", ""level"": 4}"
u4970,User 4970,user4970@example.com,"{""role"": ""user"", ""level"": 0}"
u4971,User 4971,user4971@example.com,"{""role"": ""user"", ""level"": 1}"
u4972,User 4972,user4972@example.com,"{""role"": ""user"", ""level"": 2}"
u4973,User 4973,user4973@example.com,"{""role"": ""user"", ""level"": 3}"
u4974,User 4974,user4974@example.com,"{""role"": ""user"", ""level"": 4}"
u4975,User 4975,user4975@example.com,"{""role"": ""user"", ""level"": 0}"
u4976,User 4976,user4976@example.com,"{""role"": ""user"", ""level"": 1}"
u4977,User 4977,user4977@example.com,"{""role"": ""user"", ""level"": 2}"
u4978,User 4978,user4978@example.com,"{""role"": ""user"", ""level"": 3}"
u4979,User 4979,user4979@example.com,"{""role"": ""user"", ""level"": 4}"
u4980,User 4980,user4980@example.com,"{""role"": ""user"", ""level"": 0}"
u4981,User 4981,user4981@example.com,"{""role"": ""user"", ""level"": 1}"
u4982,User 4982,user4982@example.com,"{""role"": ""user"", ""level"": 2}"
u4983,User 4983,user4983@example.com,"{""role"": ""user"", ""level"": 3}"
u4984,User 4984,user4984@example.com,"{""role"": ""user"", ""level"": 4}"
u4985,User 4985,user4985@example.com,"{""role"": ""user"", ""level"": 0}"
u4986,User 4986,user4986@example.com,"{""role"": ""user"", ""level"": 1}"
u4987,User 4987,user4987@example.com,"{""role"": ""user"", ""level"": 2}"
u4988,User 4988,user4988@example.com,"{""role"": ""user"", ""level"": 3}"
u4989,User 4989,user4989@example.com,"{""role"": ""user"", ""level"": 4}"
u4990,User 4990,user4990@example.com,"{""role"": ""user"", ""level"": 0}"
u4991,User 4991,user4991@example.com,"{""role"": ""user"", ""level"": 1}"
u4992,User 4992,user4992@example.com,"{""role"": ""user"", ""level"": 2}"
u4993,User 4993,user4993@example.com,"{""role"": ""user"", ""level"": 3}"
u4994,User 4994,user4994@example.com,"{""role"": ""user"", ""level"": 4}"
u4995,User 4995,user4995@example.com,"{""role"": ""user"", ""level"": 0}"
u4996,User 4996,user4996@example.com,"{""role"": ""user"", ""level"": 1}"
u4997,User 4997,user4997@example.com,"{""role"": ""user"", ""level"": 2}"
u4998,User 4998,user4998@example.com,"{""role"": ""user"", ""level"": 3}"
u4999,User 4999,user4999@example.com,"{""role"": ""user"", ""level"": 4}"
u5000,User 5000,user5000@example.com,"{""role"": ""user"", ""level"": 0}"
u5001,User 5001,user5001@example.com,"{""role"": ""user"", ""level"": 1}"
u5002,User 5002,user5002@example.com,"{""role"": ""user"", ""level"": 2}"
u5003,User 5003,user5003@example.com,"{""role"": ""user"", ""level"": 3}"
u5004,User 5004,user5004@example.com,"{""role"": ""user"", ""level"": 4}"
u5005,User 5005,user5005@example.com,"{""role"": ""user"", ""level"": 0}"
u5006,User 5006,user5006@example.com,"{""role"": ""user"", ""level"": 1}"
u5007,User 5007,user5007@example.com,"{""role"": ""user"", ""level"": 2}"
u5008,User 5008,user5008@example.com,"{""role"": ""user"", ""level"": 3}"
u5009,User 5009,user5009@example.com,"{""role"": ""user"", ""level"": 4}"
u5010,User 5010,user5010@example.com,"{""role"": ""user"", ""level"": 0}"
u5011,User 5011,user5011@example.com,"{""role"": ""user"", ""level"": 1}"
u5012,User 5012,user5012@example.com,"{""role"": ""user"", ""level"": 2}"
u5013,User 5013,user5013@example.com,"{""role"": ""user"", ""level"": 3}"
u5014,User 5014,user5014@example.com,"{""role"": ""user"", ""level"": 4}"
u5015,User 5015,user5015@example.com,"{""role"": ""user"", ""level"": 0}"
u5016,User 5016,user5016@example.com,"{""role"": ""user"", ""level"": 1}"
u5017,User 5017,user5017@example.com,"{""role"": ""user"", ""level"": 2}"
u5018,User 5018,user5018@example.com,"{""role"": ""user"", ""level"": 3}"
u5019,User 5019,user5019@example.com,"{""role"": ""user"", ""level"": 4}"
u5020,User 5020,user5020@example.com,"{""role"": ""user"", ""level"": 0}"
u5021,User 5021,user5021@example.com,"{""role"": ""user"", ""level"": 1}"
u5022,User 5022,user5022@example.com,"{""role"": ""user"", ""level"": 2}"
u5023,User 5023,user5023@example.com,"{""role"": ""user"", ""level"": 3}"
u5024,User 5024,user5024@example.com,"{""role"": ""user"", ""level"": 4}"
u5025,User 5025,user5025@example.com,"{""role"": ""user"", ""level"": 0}"
u5026,User 5026,user5026@example.com,"{""role"": ""user"", ""level"": 1}"
u5027,User 5027,user5027@example.com,"{""role"": ""user"", ""level"": 2}"
u5028,User 5028,user5028@example.com,"{""role"": ""user"", ""level"": 3}"
u5029,User 5029,user5029@example.com,"{""role"": ""user"", ""level"": 4}"
u5030,User 5030,user5030@example.com,"{""role"": ""user"", ""level"": 0}"
u5031,User 5031,user5031@example.com,"{""role"": ""user"", ""level"": 1}"
u5032,User 5032,user5032@example.com,"{""role"": ""user"", ""level"": 2}"
u5033,User 5033,user5033@example.com,"{""role"": ""user"", ""level"": 3}"
u5034,User 5034,user5034@example.com,"{""role"": ""user"", ""level"": 4}"
u5035,User 5035,user5035@example.com,"{""role"": ""user"", ""level"": 0}"
u5036,User 5036,user5036@example.com,"{""role"": ""user"", ""level"": 1}"
u5037,User 5037,user5037@example.com,"{""role"": ""user"", ""level"": 2}"
u5038,User 5038,user5038@example.com,"{""role"": ""user"", ""level"": 3}"
u5039,User 5039,user5039@example.com,"{""role"": ""user"", ""level"": 4}"
u5040,User 5040,user5040@example.com,"{""role"": ""user"", ""level"": 0}"
u5041,User 5041,user5041@example.com,"{""role"": ""user"", ""level"": 1}"
u5042,User 5042,user5042@example.com,"{""role"": ""user"", ""level"": 2}"
u5043,User 5043,user5043@example.com,"{""role"": ""user"", ""level"": 3}"
u5044,User 5044,user5044@example.com,"{""role"": ""user"", ""level"": 4}"
u5045,User 5045,user5045@example.com,"{""role"": ""user"", ""level"": 0}"
u5046,User 5046,user5046@example.com,"{""role"": ""user"", ""level"": 1}"
u5047,User 5047,user5047@example.com,"{""role"": ""user"", ""level"": 2}"
u5048,User 5048,user5048@example.com,"{""role"": ""user"", ""level"": 3}"
u5049,User 5049,user5049@example.com,"{""role"": ""user"", ""level"": 4}"
u5050,User 5050,user5050@example.com,"{""role"": ""user"", ""level"": 0}"
u5051,User 5051,user5051@example.com,"{""role"": ""user"", ""level"": 1}"
u5052,User 5052,user5052@example.com,"{""role"": ""user"", ""level"": 2}"
u5053,User 5053,user5053@example.com,"{""role"": ""user"", ""level"": 3}"
u5054,User 5054,user5054@example.com,"{""role"": ""user"", ""level"": 4}"
u5055,User 5055,user5055@example.com,"{""role"": ""user"", ""level"": 0}"
u5056,User 5056,user5056@example.com,"{""role"": ""user"", ""level"": 1}"
u5057,User 5057,user5057@example.com,"{""role"": ""user"", ""level"": 2}"
u5058,User 5058,user5058@example.com,"{""role"": ""user"", ""level"": 3}"
u5059,User 5059,user5059@example.com,"{""role"": ""user"", ""level"": 4}"
u5060,User 5060,user5060@example.com,"{""role"": ""user"", ""level"": 0}"
u5061,User 5061,user5061@example.com,"{""role"": ""user"", ""level"": 1}"
u5062,User 5062,user5062@example.com,"{""role"": ""user"", ""level"": 2}"
u5063,User 5063,user5063@example.com,"{""role"": ""user"", ""level"": 3}"
u5064,User 5064,user5064@example.com,"{""role"": ""user"", ""level"": 4}"
u5065,User 5065,user5065@example.com,"{""role"": ""user"", ""level"": 0}"
u5066,User 5066,user5066@example.com,"{""role"": ""user"", ""level"": 1}"
u5067,User 5067,user5067@example.com,"{""role"": ""user"", ""level"": 2}"
u5068,User 5068,user5068@example.com,"{""role"": ""user"", ""level"": 3}"
u5069,User 5069,user5069@example.com,"{""role"": ""user"", ""level"": 4}"
u5070,User 5070,user5070@example.com,"{""role"": ""user"", ""level"": 0}"
u5071,User 5071,user5071@example.com,"{""role"": ""user"", ""level"": 1}"
u5072,User 5072,user5072@example.com,"{""role"": ""user"", ""level"": 2}"
u5073,User 5073,user5073@example.com,"{""role"": ""user"", ""level"": 3}"
u5074,User 5074,user5074@example.com,"{""role"": ""user"", ""level"": 4}"
u5075,User 5075,user5075@example.com,"{""role"": ""user"", ""level"": 0}"
u5076,User 5076,user5076@example.com,"{""role"": ""user"", ""level"": 1}"
u5077,User 5077,user5077@example.com,"{""role"": ""user"", ""level"": 2}"
u5078,User 5078,user5078@example.com,"{""role"": ""user"", ""level"": 3}"
u5079,User 5079,user5079@example.com,"{""role"": ""user"", ""level"": 4}"
u5080,User 5080,user5080@example.com,"{""role"": ""user"", ""level"": 0}"
u5081,User 5081,user5081@example.com,"{""role"": ""user"", ""level"": 1}"
u5082,User 5082,user5082@example.com,"{""role"": ""user"", ""level"": 2}"
u5083,User 5083,user5083@example.com,"{""role"": ""user"", ""level"": 3}"
u5084,User 5084,user5084@example.com,"{""role"": ""user"", ""level"": 4}"
u5085,User 5085,user5085@example.com,"{""role"": ""user"", ""level"": 0}"
u5086,User 5086,user5086@example.com,"{""role"": ""user"", ""level"": 1}"
u5087,User 5087,user5087@example.com,"{""role"": ""user"", ""level"": 2}"
u5088,User 5088,user5088@example.com,"{""role"": ""user"", ""level"": 3}"
u5089,User 5089,user5089@example.com,"{""role"": ""user"", ""level"": 4}"
u5090,User 5090,user5090@example.com,"{""role"": ""user"", ""level"": 0}"
u5091,User 5091,user5091@example.com,"{""role"": ""user"", ""level"": 1}"
u5092,User 5092,user5092@example.com,"{""role"": ""user"", ""level"": 2}"
u5093,User 5093,user5093@example.com,"{""role"": ""user"", ""level"": 3}"
u5094,User 5094,user5094@example.com,"{""role"": ""user"", ""level"": 4}"
u5095,User 5095,user5095@example.com,"{""role"": ""user"", ""level"": 0}"
u5096,User 5096,user5096@example.com,"{""role"": ""user"", ""level"": 1}"
u5097,User 5097,user5097@example.com,"{""role"": ""user"", ""level"": 2}"
u5098,User 5098,user5098@example.com,"{""role"": ""user"", ""level"": 3}"
u5099,User 5099,user5099@example.com,"{""role"": ""user"", ""level"": 4}"
u5100,User 5100,user5100@example.com,"{""role"": ""user"", ""level"": 0}"
u5101,User 5101,user5101@example.com,"{""role"": ""user"", ""level"": 1}"
u5102,User 5102,user5102@example.com,"{""role"": ""user"", ""level"": 2}"
u5103,User 5103,user5103@example.com,"{""role"": ""user"", ""level"": 3}"
u5104,User 5104,user5104@example.com,"{""role"": ""user"", ""level"": 4}"
u5105,User 5105,user5105@example.com,"{""role"": ""user"", ""level"": 0}"
u5106,User 5106,user5106@example.com,"{""role"": ""user"", ""level"": 1}"
u5107,User 5107,user5107@example.com,"{""role"": ""user"", ""level"": 2}"
u5108,User 5108,user5108@example.com,"{""role"": ""user"", ""level"": 3}"
u5109,User 5109,user5109@example.com,"{""role"": ""user"", ""level"": 4}"
u5110,User 5110,user5110@example.com,"{""role"": ""user"", ""level"": 0}"
u5111,User 5111,user5111@example.com,"{""role"": ""user"", ""level"": 1}"
u5112,User 5112,user5112@example.com,"{""role"": ""user"", ""level"": 2}"
u5113,User 5113,user5113@example.com,"{""role"": ""user"", ""level"": 3}"
u5114,User 5114,user5114@example.com,"{""role"": ""user"", ""level"": 4}"
u5115,User 5115,user5115@example.com,"{""role"": ""user"", ""level"": 0}"
u5116,User 5116,user5116@example.com,"{""role"": ""user"", ""level"": 1}"
u5117,User 5117,user5117@example.com,"{""role"": ""user"", ""level"": 2}"
u5118,User 5118,user5118@example.com,"{""role"": ""user"", ""level"": 3}"
u5119,User 5119,user5119@example.com,"{""role"": ""user"", ""level"": 4}"
u5120,User 5120,user5120@example.com,"{""role"": ""user"", ""level"": 0}"
u5121,User 5121,user5121@example.com,"{""role"": ""user"", ""level"": 1}"
u5122,User 5122,user5122@example.com,"{""role"": ""user"", ""level"": 2}"
u5123,User 5123,user5123@example.com,"{""role"": ""user"", ""level"": 3}"
u5124,User 5124,user5124@example.com,"{""role"": ""user"", ""level"": 4}"
u5125,User 5125,user5125@example.com,"{""role"": ""user"", ""level"": 0}"
u5126,User 5126,user5126@example.com,"{""role"": ""user"", ""level"": 1}"
u5127,User 5127,user5127@example.com,"{""role"": ""user"", ""level"": 2}"
u5128,User 5128,user5128@example.com,"{""role"": ""user"", ""level"": 3}"
u5129,User 5129,user5129@example.com,"{""role"": ""user"", ""level"": 4}"
u5130,User 5130,user5130@example.com,"{""role"": ""user"", ""level"": 0}"
u5131,User 5131,user5131@example.com,"{""role"": ""user"", ""level"": 1}"
u5132,User 5132,user5132@example.com,"{""role"": ""user"", ""level"": 2}"
u5133,User 5133,user5133@example.com,"{""role"": ""user"", ""level"": 3}"
u5134,User 5134,user5134@example.com,"{""role"": ""user"", ""level"": 4}"
u5135,User 5135,user5135@example.com,"{""role"": ""user"", ""level"": 0}"
u5136,User 5136,user5136@example.com,"{""role"": ""user"", ""level"": 1}"
u5137,User 5137,user5137@example.com,"{""role"": ""user"", ""level"": 2}"
u5138,User 5138,user5138@example.com,"{""role"": ""user"", ""level"": 3}"
u5139,User 5139,user5139@example.com,"{""role"": ""user"", ""level"": 4}"
u5140,User 5140,user5140@example.com,"{""role"": ""user"", ""level"": 0}"
u5141,User 5141,user5141@example.com,"{""role"": ""user"", ""level"": 1}"
u5142,User 5142,user5142@example.com,"{""role"": ""user"", ""level"": 2}"
u5143,User 5143,user5143@example.com,"{""role"": ""user"", ""level"": 3}"
u5144,User 5144,user5144@example.com,"{""role"": ""user"", ""level"": 4}"
u5145,User 5145,user5145@example.com,"{""role"": ""user"", ""level"": 0}"
u5146,User 5146,user5146@example.com,"{""role"": ""user"", ""level"": 1}"
u5147,User 5147,user5147@example.com,"{""role"": ""user"", ""level"": 2}"
u5148,User 5148,user5148@example.com,"{""role"": ""user"", ""level"": 3}"
u5149,User 5149,user5149@example.com,"{""role"": ""user"", ""level"": 4}"
u5150,User 5150,user5150@example.com,"{""role"": ""user"", ""level"": 0}"
u5151,User 5151,user5151@example.com,"{""role"": ""user"", ""level"": 1}"
u5152,User 5152,user5152@example.com,"{""role"": ""user"", ""level"": 2}"
u5153,User 5153,user5153@example.com,"{""role"": ""user"", ""level"": 3}"
u5154,User 5154,user5154@example.com,"{""role"": ""user"", ""level"": 4}"
u5155,User 5155,user5155@example.com,"{""role"": ""user"", ""level"": 0}"
u5156,User 5156,user5156@example.com,"{""role"": ""user"", ""level"": 1}"
u5157,User 5157,user5157@example.com,"{""role"": ""user"", ""level"": 2}"
u5158,User 5158,user5158@example.com,"{""role"": ""user"", ""level"": 3}"
u5159,User 5159,user5159@example.com,"{""role"": ""user"", ""level"": 4}"
u5160,User 5160,user5160@example.com,"{""role"": ""user"", ""level"": 0}"
u5161,User 5161,user5161@example.com,"{""role"": ""user"", ""level"": 1}"
u5162,User 5162,user5162@example.com,"{""role"": ""user"", ""level"": 2}"
u5163,User 5163,user5163@example.com,"{""role"": ""user"", ""level"": 3}"
u5164,User 5164,user5164@example.com,"{""role"": ""user"", ""level"": 4}"
u5165,User 5165,user5165@example.com,"{""role"": ""user"", ""level"": 0}"
u5166,User 5166,user5166@example.com,"{""role"": ""user"", ""level"": 1}"
u5167,User 5167,user5167@example.com,"{""role"": ""user"", ""level"": 2}"
u5168,User 5168,user5168@example.com,"{""role"": ""user"", ""level"": 3}"
u5169,User 5169,user5169@example.com,"{""role"": ""user"", ""level"": 4}"
u5170,User 5170,user5170@example.com,"{""role"": ""user"", ""level"": 0}"
u5171,User 5171,user5171@example.com,"{""role"": ""user"", ""level"": 1}"
u5172,User 5172,user5172@example.com,"{""role"": ""user"", ""level"": 2}"
u5173,User 5173,user5173@example.com,"{""role"": ""user"", ""level"": 3}"
u5174,User 5174,user5174@example.com,"{""role"": ""user"", ""level"": 4}"
u5175,User 5175,user5175@example.com,"{""role"": ""user"", ""level"": 0}"
u5176,User 5176,user5176@example.com,"{""role"": ""user"", ""level"": 1}"
u5177,User 5177,user5177@example.com,"{""role"": ""user"", ""level"": 2}"
u5178,User 5178,user5178@example.com,"{""role"": ""user"", ""level"": 3}"
u5179,User 5179,user5179@example.com,"{""role"": ""user"", ""level"": 4}"
u5180,User 5180,user5180@example.com,"{""role"": ""user"", ""level"": 0}"
u5181,User 5181,user5181@example.com,"{""role"": ""user"", ""level"": 1}"
u5182,User 5182,user5182@example.com,"{""role"": ""user"", ""level"": 2}"
u5183,User 5183,user5183@example.com,"{""role"": ""user"", ""level"": 3}"
u5184,User 5184,user5184@example.com,"{""role"": ""user"", ""level"": 4}"
u5185,User 5185,user5185@example.com,"{""role"": ""user"", ""level"": 0}"
u5186,User 5186,user5186@example.com,"{""role"": ""user"", ""level"": 1}"
u5187,User 5187,user5187@example.com,"{""role"": ""user"", ""level"": 2}"
u5188,User 5188,user5188@example.com,"{""role"": ""user"", ""level"": 3}"
u5189,User 5189,user5189@example.com,"{""role"": ""user"", ""level"": 4}"
u5190,User 5190,user5190@example.com,"{""role"": ""user"", ""level"": 0}"
u5191,User 5191,user5191@example.com,"{""role"": ""user"", ""level"": 1}"
u5192,User 5192,user5192@example.com,"{""role"": ""user"", ""level"": 2}"
u5193,User 5193,user5193@example.com,"{""role"": ""user"", ""level"": 3}"
u5194,User 5194,user5194@example.com,"{""role"": ""user"", ""level"": 4}"
u5195,User 5195,user5195@example.com,"{""role"": ""user"", ""level"": 0}"
u5196,User 5196,user5196@example.com,"{""role"": ""user"", ""level"": 1}"
u5197,User 5197,user5197@example.com,"{""role"": ""user"", ""level"": 2}"
u5198,User 5198,user5198@example.com,"{""role"": ""user"", ""level"": 3}"
u5199,User 5199,user5199@example.com,"{""role"": ""user"", ""level"": 4}"
u5200,User 5200,user5200@example.com,"{""role"": ""user"", ""level"": 0}"
u5201,User 5201,user5201@example.com,"{""role"": ""user"", ""level"": 1}"
u5202,User 5202,user5202@example.com,"{""role"": ""user"", ""level"": 2}"
u5203,User 5203,user5203@example.com,"{""role"": ""user"", ""level"": 3}"
u5204,User 5204,user5204@example.com,"{""role"": ""user"", ""level"": 4}"
u5205,User 5205,user5205@example.com,"{""role"": ""user"", ""level"": 0}"
u5206,User 5206,user5206@example.com,"{""role"": ""user"", ""level"": 1}"
u5207,User 5207,user5207@example.com,"{""role"": ""user"", ""level"": 2}"
u5208,User 5208,user5208@example.com,"{""role"": ""user"", ""level"": 3}"
u5209,User 5209,user5209@example.com,"{""role"": ""user"", ""level"": 4}"
u5210,User 5210,user5210@example.com,"{""role"": ""user"", ""level"": 0}"
u5211,User 5211,user5211@example.com,"{""role"": ""user"", ""level"": 1}"
u5212,User 5212,user5212@example.com,"{""role"": ""user"", ""level"": 2}"
u5213,User 5213,user5213@example.com,"{""role"": ""user"", ""level"": 3}"
u5214,User 5214,user5214@example.com,"{""role"": ""user"", ""level"": 4}"
u5215,User 5215,user5215@example.com,"{""role"": ""user"", ""level"": 0}"
u5216,User 5216,user5216@example.com,"{""role"": ""user"", ""level"": 1}"
u5217,User 5217,user5217@example.com,"{""role"": ""user"", ""level"": 2}"
u5218,User 5218,user5218@example.com,"{""role"": ""user"", ""level"": 3}"
u5219,User 5219,user5219@example.com,"{""role"": ""user"", ""level"": 4}"
u5220,User 5220,user5220@example.com,"{""role"": ""user"", ""level"": 0}"
u5221,User 5221,user5221@example.com,"{""role"": ""user"", ""level"": 1}"
u5222,User 5222,user5222@example.com,"{""role"": ""user"", ""level"": 2}"
u5223,User 5223,user5223@example.com,"{""role"": ""user"", ""level"": 3}"
u5224,User 5224,user5224@example.com,"{""role"": ""user"", ""level"": 4}"
u5225,User 5225,user5225@example.com,"{""role"": ""user"", ""level"": 0}"
u5226,User 5226,user5226@example.com,"{""role"": ""user"", ""level"": 1}"
u5227,User 5227,user5227@example.com,"{""role"": ""user"", ""level"": 2}"
u5228,User 5228,user5228@example.com,"{""role"": ""user"", ""level"": 3}"
u5229,User 5229,user5229@example.com,"{""role"": ""user"", ""level"": 4}"
u5230,User 5230,user5230@example.com,"{""role"": ""user"", ""level"": 0}"
u5231,User 5231,user5231@example.com,"{""role"": ""user"", ""level"": 1}"
u5232,User 5232,user5232@example.com,"{""role"": ""user"", ""level"": 2}"
u5233,User 5233,user5233@example.com,"{""role"": ""user"", ""level"": 3}"
u5234,User 5234,user5234@example.com,"{""role"": ""user"", ""level"": 4}"
u5235,User 5235,user5235@example.com,"{""role"": ""user"", ""level"": 0}"
u5236,User 5236,user5236@example.com,"{""role"": ""user"", ""level"": 1}"
u5237,User 5237,user5237@example.com,"{""role"": ""user"", ""level"": 2}"
u5238,User 5238,user5238@example.com,"{""role"": ""user"", ""level"": 3}"
u5239,User 5239,user5239@example.com,"{""role"": ""user"", ""level"": 4}"
u5240,User 5240,user5240@example.com,"{""role"": ""user"", ""level"": 0}"
u5241,User 5241,user5241@example.com,"{""role"": ""user"", ""level"": 1}"
u5242,User 5242,user5242@example.com,"{""role"": ""user"", ""level"": 2}"
u5243,User 5243,user5243@example.com,"{""role"": ""user"", ""level"": 3}"
u5244,User 5244,user5244@example.com,"{""role"": ""user"", ""level"": 4}"
u5245,User 5245,user5245@example.com,"{""role"": ""user"", ""level"": 0}"
u5246,User 5246,user5246@example.com,"{""role"": ""user"", ""level"": 1}"
u5247,User 5247,user5247@example.com,"{""role"": ""user"", ""level"": 2}"
u5248,User 5248,user5248@example.com,"{""role"": ""user"", ""level"": 3}"
u5249,User 5249,user5249@example.com,"{""role"": ""user"", ""level"": 4}"
u5250,User 5250,user5250@example.com,"{""role"": ""user"", ""level"": 0}"
u5251,User 5251,user5251@example.com,"{""role"": ""user"", ""level"": 1}"
u5252,User 5252,user5252@example.com,"{""role"": ""user"", ""level"": 2}"
u5253,User 5253,user5253@example.com,"{""role"": ""user"", ""level"": 3}"
u5254,User 5254,user5254@example.com,"{""role"": ""user"", ""level"": 4}"
u5255,User 5255,user5255@example.com,"{""role"": ""user"", ""level"": 0}"
u5256,User 5256,user5256@example.com,"{""role"": ""user"", ""level"": 1}"
u5257,User 5257,user5257@example.com,"{""role"": ""user"", ""level"": 2}"
u5258,User 5258,user5258@example.com,"{""role"": ""user"", ""level"": 3}"
u5259,User 5259,user5259@example.com,"{""role"": ""user"", ""level"": 4}"
u5260,User 5260,user5260@example.com,"{""role"": ""user"", ""level"": 0}"
u5261,User 5261,user5261@example.com,"{""role"": ""user"", ""level"": 1}"
u5262,User 5262,user5262@example.com,"{""role"": ""user"", ""level"": 2}"
u5263,User 5263,user5263@example.com,"{""role"": ""user"", ""level"": 3}"
u5264,User 5264,user5264@example.com,"{""role"": ""user"", ""level"": 4}"
u5265,User 5265,user5265@example.com,"{""role"": ""user"", ""level"": 0}"
u5266,User 5266,user5266@example.com,"{""role"": ""user"", ""level"": 1}"
u5267,User 5267,user5267@example.com,"{""role"": ""user"", ""level"": 2}"
u5268,User 5268,user5268@example.com,"{""role"": ""user"", ""level"": 3}"
u5269,User 5269,user5269@example.com,"{""role"": ""user"", ""level"": 4}"
u5270,User 5270,user5270@example.com,"{""role"": ""user"", ""level"": 0}"
u5271,User 5271,user5271@example.com,"{""role"": ""user"", ""level"": 1}"
u5272,User 5272,user5272@example.com,"{""role"": ""user"", ""level"": 2}"
u5273,User 5273,user5273@example.com,"{""role"": ""user"", ""level"": 3}"
u5274,User 5274,user5274@example.com,"{""role"": ""user"", ""level"": 4}"
u5275,User 5275,user5275@example.com,"{""role"": ""user"", ""level"": 0}"
u5276,User 5276,user5276@example.com,"{""role"": ""user"", ""level"": 1}"
u5277,User 5277,user5277@example.com,"{""role"": ""user"", ""level"": 2}"
u5278,User 5278,user5278@example.com,"{""role"": ""user"", ""level"": 3}"
u5279,User 5279,user5279@example.com,"{""role"": ""user"", ""level"": 4}"
u5280,User 5280,user5280@example.com,"{""role"": ""user"", ""level"": 0}"
u5281,User 5281,user5281@example.com,"{""role"": ""user"", ""level"": 1}"
u5282,User 5282,user5282@example.com,"{""role"": ""user"", ""level"": 2}"
u5283,User 5283,user5283@example.com,"{""role"": ""user"", ""level"": 3}"
u5284,User 5284,user5284@example.com,"{""role"": ""user"", ""level"": 4}"
u5285,User 5285,user5285@example.com,"{""role"": ""user"", ""level"": 0}"
u5286,User 5286,user5286@example.com,"{""role"": ""user"", ""level"": 1}"
u5287,User 5287,user5287@example.com,"{""role"": ""user"", ""level"": 2}"
u5288,User 5288,user5288@example.com,"{""role"": ""user"", ""level"": 3}"
u5289,User 5289,user5289@example.com,"{""role"": ""user"", ""level"": 4}"
u5290,User 5290,user5290@example.com,"{""role"": ""user"", ""level"": 0}"
u5291,User 5291,user5291@example.com,"{""role"": ""user"", ""level"": 1}"
u5292,User 5292,user5292@example.com,"{""role"": ""user"", ""level"": 2}"
u5293,User 5293,user5293@example.com,"{""role"": ""user"", ""level"": 3}"
u5294,User 5294,user5294@example.com,"{""role"": ""user"", ""level"": 4}"
u5295,User 5295,user5295@example.com,"{""role"": ""user"", ""level"": 0}"
u5296,User 5296,user5296@example.com,"{""role"": ""user"", ""level"": 1}"
u5297,User 5297,user5297@example.com,"{""role"": ""user"", ""level"": 2}"
u5298,User 5298,user5298@example.com,"{""role"": ""user"", ""level"": 3}"
u5299,User 5299,user5299@example.com,"{""role"": ""user"", ""level"": 4}"
u5300,User 5300,user5300@example.com,"{""role"": ""user"", ""level"": 0}"
u5301,User 5301,user5301@example.com,"{""role"": ""user"", ""level"": 1}"
u5302,User 5302,user5302@example.com,"{""role"": ""user"", ""level"": 2}"
u5303,User 5303,user5303@example.com,"{""role"": ""user"", ""level"": 3}"
u5304,User 5304,user5304@example.com,"{""role"": ""user"", ""level"": 4}"
u5305,User 5305,user5305@example.com,"{""role"": ""user"", ""level"": 0}"
u5306,User 5306,user5306@example.com,"{""role"": ""user"", ""level"": 1}"
u5307,User 5307,user5307@example.com,"{""role"": ""user"", ""level"": 2}"
u5308,User 5308,user5308@example.com,"{""role"": ""user"", ""level"": 3}"
u5309,User 5309,user5309@example.com,"{""role"": ""user"", ""level"": 4}"
u5310,User 5310,user5310@example.com,"{""role"": ""user"", ""level"": 0}"
u5311,User 5311,user5311@example.com,"{""role"": ""user"", ""level"": 1}"
u5312,User 5312,user5312@example.com,"{""role"": ""user"", ""level"": 2}"
u5313,User 5313,user5313@example.com,"{""role"": ""user"", ""level"": 3}"
u5314,User 5314,user5314@example.com,"{""role"": ""user"", ""level"": 4}"
u5315,User 5315,user5315@example.com,"{""role"": ""user"", ""level"": 0}"
u5316,User 5316,user5316@example.com,"{""role"": ""user"", ""level"": 1}"
u5317,User 5317,user5317@example.com,"{""role"": ""user"", ""level"": 2}"
u5318,User 5318,user5318@example.com,"{""role"": ""user"", ""level"": 3}"
u5319,User 5319,user5319@example.com,"{""role"": ""user"", ""level"": 4}"
u5320,User 5320,user5320@example.com,"{""role"": ""user"", ""level"": 0}"
u5321,User 5321,user5321@example.com,"{""role"": ""user"", ""level"": 1}"
u5322,User 5322,user5322@example.com,"{""role"": ""user"", ""level"": 2}"
u5323,User 5323,user5323@example.com,"{""role"": ""user"", ""level"": 3}"
u5324,User 5324,user5324@example.com,"{""role"": ""user"", ""level"": 4}"
u5325,User 5325,user5325@example.com,"{""role"": ""user"", ""level"": 0}"
u5326,User 5326,user5326@example.com,"{""role"": ""user"", ""level"": 1}"
u5327,User 5327,user5327@example.com,"{""role"": ""user"", ""level"": 2}"
u5328,User 5328,user5328@example.com,"{""role"": ""user"", ""level"": 3}"
u5329,User 5329,user5329@example.com,"{""role"": ""user"", ""level"": 4}"
u5330,User 5330,user5330@example.com,"{""role"": ""user"", ""level"": 0}"
u5331,User 5331,user5331@example.com,"{""role"": ""user"", ""level"": 1}"
u5332,User 5332,user5332@example.com,"{""role"": ""user"", ""level"": 2}"
u5333,User 5333,user5333@example.com,"{""role"": ""user"", ""level"": 3}"
u5334,User 5334,user5334@example.com,"{""role"": ""user"", ""level"": 4}"
u5335,User 5335,user5335@example.com,"{""role"": ""user"", ""level"": 0}"
u5336,User 5336,user5336@example.com,"{""role"": ""user"", ""level"": 1}"
u5337,User 5337,user5337@example.com,"{""role"": ""user"", ""level"": 2}"
u5338,User 5338,user5338@example.com,"{""role"": ""user"", ""level"": 3}"
u5339,User 5339,user5339@example.com,"{""role"": ""user"", ""level"": 4}"
u5340,User 5340,user5340@example.com,"{""role"": ""user"", ""level"": 0}"
u5341,User 5341,user5341@example.com,"{""role"": ""user"", ""level"": 1}"
u5342,User 5342,user5342@example.com,"{""role"": ""user"", ""level"": 2}"
u5343,User 5343,user5343@example.com,"{""role"": ""user"", ""level"": 3}"
u5344,User 5344,user5344@example.com,"{""role"": ""user"", ""level"": 4}"
u5345,User 5345,user5345@example.com,"{""role"": ""user"", ""level"": 0}"
u5346,User 5346,user5346@example.com,"{""role"": ""user"", ""level"": 1}"
u5347,User 5347,user5347@example.com,"{""role"": ""user"", ""level"": 2}"
u5348,User 5348,user5348@example.com,"{""role"": ""user"", ""level"": 3}"
u5349,User 5349,user5349@example.com,"{""role"": ""user"", ""level"": 4}"
u5350,User 5350,user5350@example.com,"{""role"": ""user"", ""level"": 0}"
u5351,User 5351,user5351@example.com,"{""role"": ""user"", ""level"": 1}"
u5352,User 5352,user5352@example.com,"{""role"": ""user"", ""level"": 2}"
u5353,User 5353,user5353@example.com,"{""role"": ""user"", ""level"": 3}"
u5354,User 5354,user5354@example.com,"{""role"": ""user"", ""level"": 4}"
u5355,User 5355,user5355@example.com,"{""role"": ""user"", ""level"": 0}"
u5356,User 5356,user5356@example.com,"{""role"": ""user"", ""level"": 1}"
u5357,User 5357,user5357@example.com,"{""role"": ""user"", ""level"": 2}"
u5358,User 5358,user5358@example.com,"{""role"": ""user"", ""level"": 3}"
u5359,User 5359,user5359@example.com,"{""role"": ""user"", ""level"": 4}"
u5360,User 5360,user5360@example.com,"{""role"": ""user"", ""level"": 0}"
u5361,User 5361,user5361@example.com,"{""role"": ""user"", ""level"": 1}"
u5362,User 5362,user5362@example.com,"{""role"": ""user"", ""level"": 2}"
u5363,User 5363,user5363@example.com,"{""role"": ""user"", ""level"": 3}"
u5364,User 5364,user5364@example.com,"{""role"": ""user"", ""level"": 4}"
u5365,User 5365,user5365@example.com,"{""role"": ""user"", ""level"": 0}"
u5366,User 5366,user5366@example.com,"{""role"": ""user"", ""level"": 1}"
u5367,User 5367,user5367@example.com,"{""role"": ""user"", ""level"": 2}"
u5368,User 5368,user5368@example.com,"{""role"": ""user"", ""level"": 3}"
u5369,User 5369,user5369@example.com,"{""role"": ""user"", ""level"": 4}"
u5370,User 5370,user5370@example.com,"{""role"": ""user"", ""level"": 0}"
u5371,User 5371,user5371@example.com,"{""role"": ""user"", ""level"": 1}"
u5372,User 5372,user5372@example.com,"{""role"": ""user"", ""level"": 2}"
u5373,User 5373,user5373@example.com,"{""role"": ""user"", ""level"": 3}"
u5374,User 5374,user5374@example.com,"{""role"": ""user"", ""level"": 4}"
u5375,User 5375,user5375@example.com,"{""role"": ""user"", ""level"": 0}"
u5376,User 5376,user5376@example.com,"{""role"": ""user"", ""level"": 1}"
u5377,User 5377,user5377@example.com,"{""role"": ""user"", ""level"": 2}"
u5378,User 5378,user5378@example.com,"{""role"": ""user"", ""level"": 3}"
u5379,User 5379,user5379@example.com,"{""role"": ""user"", ""level"": 4}"
u5380,User 5380,user5380@example.com,"{""role"": ""user"", ""level"": 0}"
u5381,User 5381,user5381@example.com,"{""role"": ""user"", ""level"": 1}"
u5382,User 5382,user5382@example.com,"{""role"": ""user"", ""level"": 2}"
u5383,User 5383,user5383@example.com,"{""role"": ""user"", ""level"": 3}"
u5384,User 5384,user5384@example.com,"{""role"": ""user"", ""level"": 4}"
u5385,User 5385,user5385@example.com,"{""role"": ""user"", ""level"": 0}"
u5386,User 5386,user5386@example.com,"{""role"": ""user"", ""level"": 1}"
u5387,User 5387,user5387@example.com,"{""role"": ""user"", ""level"": 2}"
u5388,User 5388,user5388@example.com,"{""role"": ""user"", ""level"": 3}"
u5389,User 5389,user5389@example.com,"{""role"": ""user"", ""level"": 4}"
u5390,User 5390,user5390@example.com,"{""role"": ""user"", ""level"": 0}"
u5391,User 5391,user5391@example.com,"{""role"": ""user"", ""level"": 1}"
u5392,User 5392,user5392@example.com,"{""role"": ""user"", ""level"": 2}"
u5393,User 5393,user5393@example.com,"{""role"": ""user"", ""level"": 3}"
u5394,User 5394,user5394@example.com,"{""role"": ""user"", ""level"": 4}"
u5395,User 5395,user5395@example.com,"{""role"": ""user"", ""level"": 0}"
u5396,User 5396,user5396@example.com,"{""role"": ""user"", ""level"": 1}"
u5397,User 5397,user5397@example.com,"{""role"": ""user"", ""level"": 2}"
u5398,User 5398,user5398@example.com,"{""role"": ""user"", ""level"": 3}"
u5399,User 5399,user5399@example.com,"{""role"": ""user"", ""level"": 4}"
u5400,User 5400,user5400@example.com,"{""role"": ""user"", ""level"": 0}"
u5401,User 5401,user5401@example.com,"{""role"": ""user"", ""level"": 1}"
u5402,User 5402,user5402@example.com,"{""role"": ""user"", ""level"": 2}"
u5403,User 5403,user5403@example.com,"{""role"": ""user"", ""level"": 3}"
u5404,User 5404,user5404@example.com,"{""role"": ""user"", ""level"": 4}"
u5405,User 5405,user5405@example.com,"{""role"": ""user"", ""level"": 0}"
u5406,User 5406,user5406@example.com,"{""role"": ""user"", ""level"": 1}"
u5407,User 5407,user5407@example.com,"{""role"": ""user"", ""level"": 2}"
u5408,User 5408,user5408@example.com,"{""role"": ""user"", ""level"": 3}"
u5409,User 5409,user5409@example.com,"{""role"": ""user"", ""level"": 4}"
u5410,User 5410,user5410@example.com,"{""role"": ""user"", ""level"": 0}"
u5411,User 5411,user5411@example.com,"{""role"": ""user"", ""level"": 1}"
u5412,User 5412,user5412@example.com,"{""role"": ""user"", ""level"": 2}"
u5413,User 5413,user5413@example.com,"{""role"": ""user"", ""level"": 3}"
u5414,User 5414,user5414@example.com,"{""role"": ""user"", ""level"": 4}"
u5415,User 5415,user5415@example.com,"{""role"": ""user"", ""level"": 0}"
u5416,User 5416,user5416@example.com,"{""role"": ""user"", ""level"": 1}"
u5417,User 5417,user5417@example.com,"{""role"": ""user"", ""level"": 2}"
u5418,User 5418,user5418@example.com,"{""role"": ""user"", ""level"": 3}"
u5419,User 5419,user5419@example.com,"{""role"": ""user"", ""level"": 4}"
u5420,User 5420,user5420@example.com,"{""role"": ""user"", ""level"": 0}"
u5421,User 5421,user5421@example.com,"{""role"": ""user"", ""level"": 1}"
u5422,User 5422,user5422@example.com,"{""role"": ""user"", ""level"": 2}"
u5423,User 5423,user5423@example.com,"{""role"": ""user"", ""level"": 3}"
u5424,User 5424,user5424@example.com,"{""role"": ""user"", ""level"": 4}"
u5425,User 5425,user5425@example.com,"{""role"": ""user"", ""level"": 0}"
u5426,User 5426,user5426@example.com,"{""role"": ""user"", ""level"": 1}"
u5427,User 5427,user5427@example.com,"{""role"": ""user"", ""level"": 2}"
u5428,User 5428,user5428@example.com,"{""role"": ""user"", ""level"": 3}"
u5429,User 5429,user5429@example.com,"{""role"": ""user"", ""level"": 4}"
u5430,User 5430,user5430@example.com,"{""role"": ""user"", ""level"": 0}"
u5431,User 5431,user5431@example.com,"{""role"": ""user"", ""level"": 1}"
u5432,User 5432,user5432@example.com,"{""role"": ""user"", ""level"": 2}"
u5433,User 5433,user5433@example.com,"{""role"": ""user"", ""level"": 3}"
u5434,User 5434,user5434@example.com,"{""role"": ""user"", ""level"": 4}"
u5435,User 5435,user5435@example.com,"{""role"": ""user"", ""level"": 0}"
u5436,User 5436,user5436@example.com,"{""role"": ""user"", ""level"": 1}"
u5437,User 5437,user5437@example.com,"{""role"": ""user"", ""level"": 2}"
u5438,User 5438,user5438@example.com,"{""role"": ""user"", ""level"": 3}"
u5439,User 5439,user5439@example.com,"{""role"": ""user"", ""level"": 4}"
u5440,User 5440,user5440@example.com,"{""role"": ""user"", ""level"": 0}"
u5441,User 5441,user5441@example.com,"{""role"": ""user"", ""level"": 1}"
u5442,User 5442,user5442@example.com,"{""role"": ""user"", ""level"": 2}"
u5443,User 5443,user5443@example.com,"{""role"": ""user"", ""level"": 3}"
u5444,User 5444,user5444@example.com,"{""role"": ""user"", ""level"": 4}"
u5445,User 5445,user5445@example.com,"{""role"": ""user"", ""level"": 0}"
u5446,User 5446,user5446@example.com,"{""role"": ""user"", ""level"": 1}"
u5447,User 5447,user5447@example.com,"{""role"": ""user"", ""level"": 2}"
u5448,User 5448,user5448@example.com,"{""role"": ""user"", ""level"": 3}"
u5449,User 5449,user5449@example.com,"{""role"": ""user"", ""level"": 4}"
u5450,User 5450,user5450@example.com,"{""role"": ""user"", ""level"": 0}"
u5451,User 5451,user5451@example.com,"{""role"": ""user"", ""level"": 1}"
u5452,User 5452,user5452@example.com,"{""role"": ""user"", ""level"": 2}"
u5453,User 5453,user5453@example.com,"{""role"": ""user"", ""level"": 3}"
u5454,User 5454,user5454@example.com,"{""role"": ""user"", ""level"": 4}"
u5455,User 5455,user5455@example.com,"{""role"": ""user"", ""level"": 0}"
u5456,User 5456,user5456@example.com,"{""role"": ""user"", ""level"": 1}"
u5457,User 5457,user5457@example.com,"{""role"": ""user"", ""level"": 2}"
u5458,User 5458,user5458@example.com,"{""role"": ""user"", ""level"": 3}"
u5459,User 5459,user5459@example.com,"{""role"": ""user"", ""level"": 4}"
u5460,User 5460,user5460@example.com,"{""role"": ""user"", ""level"": 0}"
u5461,User 5461,user5461@example.com,"{""role"": ""user"", ""level"": 1}"
u5462,User 5462,user5462@example.com,"{""role"": ""user"", ""level"": 2}"
u5463,User 5463,user5463@example.com,"{""role"": ""user"", ""level"": 3}"
u5464,User 5464,user5464@example.com,"{""role"": ""user"", ""level"": 4}"
u5465,User 5465,user5465@example.com,"{""role"": ""user"", ""level"": 0}"
u5466,User 5466,user5466@example.com,"{""role"": ""user"", ""level"": 1}"
u5467,User 5467,user5467@example.com,"{""role"": ""user"", ""level"": 2}"
u5468,User 5468,user5468@example.com,"{""role"": ""user"", ""level"": 3}"
u5469,User 5469,user5469@example.com,"{""role"": ""user"", ""level"": 4}"
u5470,User 5470,user5470@example.com,"{""role"": ""user"", ""level"": 0}"
u5471,User 5471,user5471@example.com,"{""role"": ""user"", ""level"": 1}"
u5472,User 5472,user5472@example.com,"{""role"": ""user"", ""level"": 2}"
u5473,User 5473,user5473@example.com,"{""role"": ""user"", ""level"": 3}"
u5474,User 5474,user5474@example.com,"{""role"": ""user"", ""level"": 4}"
u5475,User 5475,user5475@example.com,"{""role"": ""user"", ""level"": 0}"
u5476,User 5476,user5476@example.com,"{""role"": ""user"", ""level"": 1}"
u5477,User 5477,user5477@example.com,"{""role"": ""user"", ""level"": 2}"
u5478,User 5478,user5478@example.com,"{""role"": ""user"", ""level"": 3}"
u5479,User 5479,user5479@example.com,"{""role"": ""user"", ""level"": 4}"
u5480,User 5480,user5480@example.com,"{""role"": ""user"", ""level"": 0}"
u5481,User 5481,user5481@example.com,"{""role"": ""user"", ""level"": 1}"
u5482,User 5482,user5482@example.com,"{""role"": ""user"", ""level"": 2}"
u5483,User 5483,user5483@example.com,"{""role"": ""user"", ""level"": 3}"
u5484,User 5484,user5484@example.com,"{""role"": ""user"", ""level"": 4}"
u5485,User 5485,user5485@example.com,"{""role"": ""user"", ""level"": 0}"
u5486,User 5486,user5486@example.com,"{""role"": ""user"", ""level"": 1}"
u5487,User 5487,user5487@example.com,"{""role"": ""user"", ""level"": 2}"
u5488,User 5488,user5488@example.com,"{""role"": ""user"", ""level"": 3}"
u5489,User 5489,user5489@example.com,"{""role"": ""user"", ""level"": 4}"
u5490,User 5490,user5490@example.com,"{""role"": ""user"", ""level"": 0}"
u5491,User 5491,user5491@example.com,"{""role"": ""user"", ""level"": 1}"
u5492,User 5492,user5492@example.com,"{""role"": ""user"", ""level"": 2}"
u5493,User 5493,user5493@example.com,"{""role"": ""user"", ""level"": 3}"
u5494,User 5494,user5494@example.com,"{""role"": ""user"", ""level"": 4}"
u5495,User 5495,user5495@example.com,"{""role"": ""user"", ""level"": 0}"
u5496,User 5496,user5496@example.com,"{""role"": ""user"", ""level"": 1}"
u5497,User 5497,user5497@example.com,"{""role"": ""user"", ""level"": 2}"
u5498,User 5498,user5498@example.com,"{""role"": ""user"", ""level"": 3}"
u5499,User 5499,user5499@example.com,"{""role"": ""user"", ""level"": 4}"
u5500,User 5500,user5500@example.com,"{""role"": ""user"", ""level"": 0}"
u5501,User 5501,user5501@example.com,"{""role"": ""user"", ""level"": 1}"
u5502,User 5502,user5502@example.com,"{""role"": ""user"", ""level"": 2}"
u5503,User 5503,user5503@example.com,"{""role"": ""user"", ""level"": 3}"
u5504,User 5504,user5504@example.com,"{""role"": ""user"", ""level"": 4}"
u5505,User 5505,user5505@example.com,"{""role"": ""user"", ""level"": 0}"
u5506,User 5506,user5506@example.com,"{""role"": ""user"", ""level"": 1}"
u5507,User 5507,user5507@example.com,"{""role"": ""user"", ""level"": 2}"
u5508,User 5508,user5508@example.com,"{""role"": ""user"", ""level"": 3}"
u5509,User 5509,user5509@example.com,"{""role"": ""user"", ""level"": 4}"
u5510,User 5510,user5510@example.com,"{""role"": ""user"", ""level"": 0}"
u5511,User 5511,user5511@example.com,"{""role"": ""user"", ""level"": 1}"
u5512,User 5512,user5512@example.com,"{""role"": ""user"", ""level"": 2}"
u5513,User 5513,user5513@example.com,"{""role"": ""user"", ""level"": 3}"
u5514,User 5514,user5514@example.com,"{""role"": ""user"", ""level"": 4}"
u5515,User 5515,user5515@example.com,"{""role"": ""user"", ""level"": 0}"
u5516,User 5516,user5516@example.com,"{""role"": ""user"", ""level"": 1}"
u5517,User 5517,user5517@example.com,"{""role"": ""user"", ""level"": 2}"
u5518,User 5518,user5518@example.com,"{""role"": ""user"", ""level"": 3}"
u5519,User 5519,user5519@example.com,"{""role"": ""user"", ""level"": 4}"
u5520,User 5520,user5520@example.com,"{""role"": ""user"", ""level"": 0}"
u5521,User 5521,user5521@example.com,"{""role"": ""user"", ""level"": 1}"
u5522,User 5522,user5522@example.com,"{""role"": ""user"", ""level"": 2}"
u5523,User 5523,user5523@example.com,"{""role"": ""user"", ""level"": 3}"
u5524,User 5524,user5524@example.com,"{""role"": ""user"", ""level"": 4}"
u5525,User 5525,user5525@example.com,"{""role"": ""user"", ""level"": 0}"
u5526,User 5526,user5526@example.com,"{""role"": ""user"", ""level"": 1}"
u5527,User 5527,user5527@example.com,"{""role"": ""user"", ""level"": 2}"
u5528,User 5528,user5528@example.com,"{""role"": ""user"", ""level"": 3}"
u5529,User 5529,user5529@example.com,"{""role"": ""user"", ""level"": 4}"
u5530,User 5530,user5530@example.com,"{""role"": ""user"", ""level"": 0}"
u5531,User 5531,user5531@example.com,"{""role"": ""user"", ""level"": 1}"
u5532,User 5532,user5532@example.com,"{""role"": ""user"", ""level"": 2}"
u5533,User 5533,user5533@example.com,"{""role"": ""user"", ""level"": 3}"
u5534,User 5534,user5534@example.com,"{""role"": ""user"", ""level"": 4}"
u5535,User 5535,user5535@example.com,"{""role"": ""user"", ""level"": 0}"
u5536,User 5536,user5536@example.com,"{""role"": ""user"", ""level"": 1}"
u5537,User 5537,user5537@example.com,"{""role"": ""user"", ""level"": 2}"
u5538,User 5538,user5538@example.com,"{""role"": ""user"", ""level"": 3}"
u5539,User 5539,user5539@example.com,"{""role"": ""user"", ""level"": 4}"
u5540,User 5540,user5540@example.com,"{""role"": ""user"", ""level"": 0}"
u5541,User 5541,user5541@example.com,"{""role"": ""user"", ""level"": 1}"
u5542,User 5542,user5542@example.com,"{""role"": ""user"", ""level"": 2}"
u5543,User 5543,user5543@example.com,"{""role"": ""user"", ""level"": 3}"
u5544,User 5544,user5544@example.com,"{""role"": ""user"", ""level"": 4}"
u5545,User 5545,user5545@example.com,"{""role"": ""user"", ""level"": 0}"
u5546,User 5546,user5546@example.com,"{""role"": ""user"", ""level"": 1}"
u5547,User 5547,user5547@example.com,"{""role"": ""user"", ""level"": 2}"
u5548,User 5548,user5548@example.com,"{""role"": ""user"", ""level"": 3}"
u5549,User 5549,user5549@example.com,"{""role"": ""user"", ""level"": 4}"
u5550,User 5550,user5550@example.com,"{""role"": ""user"", ""level"": 0}"
u5551,User 5551,user5551@example.com,"{""role"": ""user"", ""level"": 1}"
u5552,User 5552,user5552@example.com,"{""role"": ""user"", ""level"": 2}"
u5553,User 5553,user5553@example.com,"{""role"": ""user"", ""level"": 3}"
u5554,User 5554,user5554@example.com,"{""role"": ""user"", ""level"": 4}"
u5555,User 5555,user5555@example.com,"{""role"": ""user"", ""level"": 0}"
u5556,User 5556,user5556@example.com,"{""role"": ""user"", ""level"": 1}"
u5557,User 5557,user5557@example.com,"{""role"": ""user"", ""level"": 2}"
u5558,User 5558,user5558@example.com,"{""role"": ""user"", ""level"": 3}"
u5559,User 5559,user5559@example.com,"{""role"": ""user"", ""level"": 4}"
u5560,User 5560,user5560@example.com,"{""role"": ""user"", ""level"": 0}"
u5561,User 5561,user5561@example.com,"{""role"": ""user"", ""level"": 1}"
u5562,User 5562,user5562@example.com,"{""role"": ""user"", ""level"": 2}"
u5563,User 5563,user5563@example.com,"{""role"": ""user"", ""level"": 3}"
u5564,User 5564,user5564@example.com,"{""role"": ""user"", ""level"": 4}"
u5565,User 5565,user5565@example.com,"{""role"": ""user"", ""level"": 0}"
u5566,User 5566,user5566@example.com,"{""role"": ""user"", ""level"": 1}"
u5567,User 5567,user5567@example.com,"{""role"": ""user"", ""level"": 2}"
u5568,User 5568,user5568@example.com,"{""role"": ""user"", ""level"": 3}"
u5569,User 5569,user5569@example.com,"{""role"": ""user"", ""level"": 4}"
u5570,User 5570,user5570@example.com,"{""role"": ""user"", ""level"": 0}"
u5571,User 5571,user5571@example.com,"{""role"": ""user"", ""level"": 1}"
u5572,User 5572,user5572@example.com,"{""role"": ""user"", ""level"": 2}"
u5573,User 5573,user5573@example.com,"{""role"": ""user"", ""level"": 3}"
u5574,User 5574,user5574@example.com,"{""role"": ""user"", ""level"": 4}"
u5575,User 5575,user5575@example.com,"{""role"": ""user"", ""level"": 0}"
u5576,User 5576,user5576@example.com,"{""role"": ""user"", ""level"": 1}"
u5577,User 5577,user5577@example.com,"{""role"": ""user"", ""level"": 2}"
u5578,User 5578,user5578@example.com,"{""role"": ""user"", ""level"": 3}"
u5579,User 5579,user5579@example.com,"{""role"": ""user"", ""level"": 4}"
u5580,User 5580,user5580@example.com,"{""role"": ""user"", ""level"": 0}"
u5581,User 5581,user5581@example.com,"{""role"": ""user"", ""level"": 1}"
u5582,User 5582,user5582@example.com,"{""role"": ""user"", ""level"": 2}"
u5583,User 5583,user5583@example.com,"{""role"": ""user"", ""level"": 3}"
u5584,User 5584,user5584@example.com,"{""role"": ""user"", ""level"": 4}"
u5585,User 5585,user5585@example.com,"{""role"": ""user"", ""level"": 0}"
u5586,User 5586,user5586@example.com,"{""role"": ""user"", ""level"": 1}"
u5587,User 5587,user5587@example.com,"{""role"": ""user"", ""level"": 2}"
u5588,User 5588,user5588@example.com,"{""role"": ""user"", ""level"": 3}"
u5589,User 5589,user5589@example.com,"{""role"": ""user"", ""level"": 4}"
u5590,User 5590,user5590@example.com,"{""role"": ""user"", ""level"": 0}"
u5591,User 5591,user5591@example.com,"{""role"": ""user"", ""level"": 1}"
u5592,User 5592,user5592@example.com,"{""role"": ""user"", ""level"": 2}"
u5593,User 5593,user5593@example.com,"{""role"": ""user"", ""level"": 3}"
u5594,User 5594,user5594@example.com,"{""role"": ""user"", ""level"": 4}"
u5595,User 5595,user5595@example.com,"{""role"": ""user"", ""level"": 0}"
u5596,User 5596,user5596@example.com,"{""role"": ""user"", ""level"": 1}"
u5597,User 5597,user5597@example.com,"{""role"": ""user"", ""level"": 2}"
u5598,User 5598,user5598@example.com,"{""role"": ""user"", ""level"": 3}"
u5599,User 5599,user5599@example.com,"{""role"": ""user"", ""level"": 4}"
u5600,User 5600,user5600@example.com,"{""role"": ""user"", ""level"": 0}"
u5601,User 5601,user5601@example.com,"{""role"": ""user"", ""level"": 1}"
u5602,User 5602,user5602@example.com,"{""role"": ""user"", ""level"": 2}"
u5603,User 5603,user5603@example.com,"{""role"": ""user"", ""level"": 3}"
u5604,User 5604,user5604@example.com,"{""role"": ""user"", ""level"": 4}"
u5605,User 5605,user5605@example.com,"{""role"": ""user"", ""level"": 0}"
u5606,User 5606,user5606@example.com,"{""role"": ""user"", ""level"": 1}"
u5607,User 5607,user5607@example.com,"{""role"": ""user"", ""level"": 2}"
u5608,User 5608,user5608@example.com,"{""role"": ""user"", ""level"": 3}"
u5609,User 5609,user5609@example.com,"{""role"": ""user"", ""level"": 4}"
u5610,User 5610,user5610@example.com,"{""role"": ""user"", ""level"": 0}"
u5611,User 5611,user5611@example.com,"{""role"": ""user"", ""level"": 1}"
u5612,User 5612,user5612@example.com,"{""role"": ""user"", ""level"": 2}"
u5613,User 5613,user5613@example.com,"{""role"": ""user"", ""level"": 3}"
u5614,User 5614,user5614@example.com,"{""role"": ""user"", ""level"": 4}"
u5615,User 5615,user5615@example.com,"{""role"": ""user"", ""level"": 0}"
u5616,User 5616,user5616@example.com,"{""role"": ""user"", ""level"": 1}"
u5617,User 5617,user5617@example.com,"{""role"": ""user"", ""level"": 2}"
u5618,User 5618,user5618@example.com,"{""role"": ""user"", ""level"": 3}"
u5619,User 5619,user5619@example.com,"{""role"": ""user"", ""level"": 4}"
u5620,User 5620,user5620@example.com,"{""role"": ""user"", ""level"": 0}"
u5621,User 5621,user5621@example.com,"{""role"": ""user"", ""level"": 1}"
u5622,User 5622,user5622@example.com,"{""role"": ""user"", ""level"": 2}"
u5623,User 5623,user5623@example.com,"{""role"": ""user"", ""level"": 3}"
u5624,User 5624,user5624@example.com,"{""role"": ""user"", ""level"": 4}"
u5625,User 5625,user5625@example.com,"{""role"": ""user"", ""level"": 0}"
u5626,User 5626,user5626@example.com,"{""role"": ""user"", ""level"": 1}"
u5627,User 5627,user5627@example.com,"{""role"": ""user"", ""level"": 2}"
u5628,User 5628,user5628@example.com,"{""role"": ""user"", ""level"": 3}"
u5629,User 5629,user5629@example.com,"{""role"": ""user"", ""level"": 4}"
u5630,User 5630,user5630@example.com,"{""role"": ""user"", ""level"": 0}"
u5631,User 5631,user5631@example.com,"{""role"": ""user"", ""level"": 1}"
u5632,User 5632,user5632@example.com,"{""role"": ""user"", ""level"": 2}"
u5633,User 5633,user5633@example.com,"{""role"": ""user"", ""level"": 3}"
u5634,User 5634,user5634@example.com,"{""role"": ""user"", ""level"": 4}"
u5635,User 5635,user5635@example.com,"{""role"": ""user"", ""level"": 0}"
u5636,User 5636,user5636@example.com,"{""role"": ""user"", ""level"": 1}"
u5637,User 5637,user5637@example.com,"{""role"": ""user"", ""level"": 2}"
u5638,User 5638,user5638@example.com,"{""role"": ""user"", ""level"": 3}"
u5639,User 5639,user5639@example.com,"{""role"": ""user"", ""level"": 4}"
u5640,User 5640,user5640@example.com,"{""role"": ""user"", ""level"": 0}"
u5641,User 5641,user5641@example.com,"{""role"": ""user"", ""level"": 1}"
u5642,User 5642,user5642@example.com,"{""role"": ""user"", ""level"": 2}"
u5643,User 5643,user5643@example.com,"{""role"": ""user"", ""level"": 3}"
u5644,User 5644,user5644@example.com,"{""role"": ""user"", ""level"": 4}"
u5645,User 5645,user5645@example.com,"{""role"": ""user"", ""level"": 0}"
u5646,User 5646,user5646@example.com,"{""role"": ""user"", ""level"": 1}"
u5647,User 5647,user5647@example.com,"{""role"": ""user"", ""level"": 2}"
u5648,User 5648,user5648@example.com,"{""role"": ""user"", ""level"": 3}"
u5649,User 5649,user5649@example.com,"{""role"": ""user"", ""level"": 4}"
u5650,User 5650,user5650@example.com,"{""role"": ""user"", ""level"": 0}"
u5651,User 5651,user5651@example.com,"{""role"": ""user"", ""level"": 1}"
u5652,User 5652,user5652@example.com,"{""role"": ""user"", ""level"": 2}"
u5653,User 5653,user5653@example.com,"{""role"": ""user"", ""level"": 3}"
u5654,User 5654,user5654@example.com,"{""role"": ""user"", ""level"": 4}"
u5655,User 5655,user5655@example.com,"{""role"": ""user"", ""level"": 0}"
u5656,User 5656,user5656@example.com,"{""role"": ""user"", ""level"": 1}"
u5657,User 5657,user5657@example.com,"{""role"": ""user"", ""level"": 2}"
u5658,User 5658,user5658@example.com,"{""role"": ""user"", ""level"": 3}"
u5659,User 5659,user5659@example.com,"{""role"": ""user"", ""level"": 4}"
u5660,User 5660,user5660@example.com,"{""role"": ""user"", ""level"": 0}"
u5661,User 5661,user5661@example.com,"{""role"": ""user"", ""level"": 1}"
u5662,User 5662,user5662@example.com,"{""role"": ""user"", ""level"": 2}"
u5663,User 5663,user5663@example.com,"{""role"": ""user"", ""level"": 3}"
u5664,User 5664,user5664@example.com,"{""role"": ""user"", ""level"": 4}"
u5665,User 5665,user5665@example.com,"{""role"": ""user"", ""level"": 0}"
u5666,User 5666,user5666@example.com,"{""role"": ""user"", ""level"": 1}"
u5667,User 5667,user5667@example.com,"{""role"": ""user"", ""level"": 2}"
u5668,User 5668,user5668@example.com,"{""role"": ""user"", ""level"": 3}"
u5669,User 5669,user5669@example.com,"{""role"": ""user"", ""level"": 4}"
u5670,User 5670,user5670@example.com,"{""role"": ""user"", ""level"": 0}"
u5671,User 5671,user5671@example.com,"{""role"": ""user"", ""level"": 1}"
u5672,User 5672,user5672@example.com,"{""role"": ""user"", ""level"": 2}"
u5673,User 5673,user5673@example.com,"{""role"": ""user"", ""level"": 3}"
u5674,User 5674,user5674@example.com,"{""role"": ""user"", ""level"": 4}"
u5675,User 5675,user5675@example.com,"{""role"": ""user"", ""level"": 0}"
u5676,User 5676,user5676@example.com,"{""role"": ""user"", ""level"": 1}"
u5677,User 5677,user5677@example.com,"{""role"": ""user"", ""level"": 2}"
u5678,User 5678,user5678@example.com,"{""role"": ""user"", ""level"": 3}"
u5679,User 5679,user5679@example.com,"{""role"": ""user"", ""level"": 4}"
u5680,User 5680,user5680@example.com,"{""role"": ""user"", ""level"": 0}"
u5681,User 5681,user5681@example.com,"{""role"": ""user"", ""level"": 1}"
u5682,User 5682,user5682@example.com,"{""role"": ""user"", ""level"": 2}"
u5683,User 5683,user5683@example.com,"{""role"": ""user"", ""level"": 3}"
u5684,User 5684,user5684@example.com,"{""role"": ""user"", ""level"": 4}"
u5685,User 5685,user5685@example.com,"{""role"": ""user"", ""level"": 0}"
u5686,User 5686,user5686@example.com,"{""role"": ""user"", ""level"": 1}"
u5687,User 5687,user5687@example.com,"{""role"": ""user"", ""level"": 2}"
u5688,User 5688,user5688@example.com,"{""role"": ""user"", ""level"": 3}"
u5689,User 5689,user5689@example.com,"{""role"": ""user"", ""level"": 4}"
u5690,User 5690,user5690@example.com,"{""role"": ""user"", ""level"": 0}"
u5691,User 5691,user5691@example.com,"{""role"": ""user"", ""level"": 1}"
u5692,User 5692,user5692@example.com,"{""role"": ""user"", ""level"": 2}"
u5693,User 5693,user5693@example.com,"{""role"": ""user"", ""level"": 3}"
u5694,User 5694,user5694@example.com,"{""role"": ""user"", ""level"": 4}"
u5695,User 5695,user5695@example.com,"{""role"": ""user"", ""level"": 0}"
u5696,User 5696,user5696@example.com,"{""role"": ""user"", ""level"": 1}"
u5697,User 5697,user5697@example.com,"{""role"": ""user"", ""level"": 2}"
u5698,User 5698,user5698@example.com,"{""role"": ""user"", ""level"": 3}"
u5699,User 5699,user5699@example.com,"{""role"": ""user"", ""level"": 4}"
u5700,User 5700,user5700@example.com,"{""role"": ""user"", ""level"": 0}"
u5701,User 5701,user5701@example.com,"{""role"": ""user"", ""level"": 1}"
u5702,User 5702,user5702@example.com,"{""role"": ""user"", ""level"": 2}"
u5703,User 5703,user5703@example.com,"{""role"": ""user"", ""level"": 3}"
u5704,User 5704,user5704@example.com,"{""role"": ""user"", ""level"": 4}"
u5705,User 5705,user5705@example.com,"{""role"": ""user"", ""level"": 0}"
u5706,User 5706,user5706@example.com,"{""role"": ""user"", ""level"": 1}"
u5707,User 5707,user5707@example.com,"{""role"": ""user"", ""level"": 2}"
u5708,User 5708,user5708@example.com,"{""role"": ""user"", ""level"": 3}"
u5709,User 5709,user5709@example.com,"{""role"": ""user"", ""level"": 4}"
u5710,User 5710,user5710@example.com,"{""role"": ""user"", ""level"": 0}"
u5711,User 5711,user5711@example.com,"{""role"": ""user"", ""level"": 1}"
u5712,User 5712,user5712@example.com,"{""role"": ""user"", ""level"": 2}"
u5713,User 5713,user5713@example.com,"{""role"": ""user"", ""level"": 3}"
u5714,User 5714,user5714@example.com,"{""role"": ""user"", ""level"": 4}"
u5715,User 5715,user5715@example.com,"{""role"": ""user"", ""level"": 0}"
u5716,User 5716,user5716@example.com,"{""role"": ""user"", ""level"": 1}"
u5717,User 5717,user5717@example.com,"{""role"": ""user"", ""level"": 2}"
u5718,User 5718,user5718@example.com,"{""role"": ""user"", ""level"": 3}"
u5719,User 5719,user5719@example.com,"{""role"": ""user"", ""level"": 4}"
u5720,User 5720,user5720@example.com,"{""role"": ""user"", ""level"": 0}"
u5721,User 5721,user5721@example.com,"{""role"": ""user"", ""level"": 1}"
u5722,User 5722,user5722@example.com,"{""role"": ""user"", ""level"": 2}"
u5723,User 5723,user5723@example.com,"{""role"": ""user"", ""level"": 3}"
u5724,User 5724,user5724@example.com,"{""role"": ""user"", ""level"": 4}"
u5725,User 5725,user5725@example.com,"{""role"": ""user"", ""level"": 0}"
u5726,User 5726,user5726@example.com,"{""role"": ""user"", ""level"": 1}"
u5727,User 5727,user5727@example.com,"{""role"": ""user"", ""level"": 2}"
u5728,User 5728,user5728@example.com,"{""role"": ""user"", ""level"": 3}"
u5729,User 5729,user5729@example.com,"{""role"": ""user"", ""level"": 4}"
u5730,User 5730,user5730@example.com,"{""role"": ""user"", ""level"": 0}"
u5731,User 5731,user5731@example.com,"{""role"": ""user"", ""level"": 1}"
u5732,User 5732,user5732@example.com,"{""role"": ""user"", ""level"": 2}"
u5733,User 5733,user5733@example.com,"{""role"": ""user"", ""level"": 3}"
u5734,User 5734,user5734@example.com,"{""role"": ""user"", ""level"": 4}"
u5735,User 5735,user5735@example.com,"{""role"": ""user"", ""level"": 0}"
u5736,User 5736,user5736@example.com,"{""role"": ""user"", ""level"": 1}"
u5737,User 5737,user5737@example.com,"{""role"": ""user"", ""level"": 2}"
u5738,User 5738,user5738@example.com,"{""role"": ""user"", ""level"": 3}"
u5739,User 5739,user5739@example.com,"{""role"": ""user"", ""level"": 4}"
u5740,User 5740,user5740@example.com,"{""role"": ""user"", ""level"": 0}"
u5741,User 5741,user5741@example.com,"{""role"": ""user"", ""level"": 1}"
u5742,User 5742,user5742@example.com,"{""role"": ""user"", ""level"": 2}"
u5743,User 5743,user5743@example.com,"{""role"": ""user"", ""level"": 3}"
u5744,User 5744,user5744@example.com,"{""role"": ""user"", ""level"": 4}"
u5745,User 5745,user5745@example.com,"{""role"": ""user"", ""level"": 0}"
u5746,User 5746,user5746@example.com,"{""role"": ""user"", ""level"": 1}"
u5747,User 5747,user5747@example.com,"{""role"": ""user"", ""level"": 2}"
u5748,User 5748,user5748@example.com,"{""role"": ""user"", ""level"": 3}"
u5749,User 5749,user5749@example.com,"{""role"": ""user"", ""level"": 4}"
u5750,User 5750,user5750@example.com,"{""role"": ""user"", ""level"": 0}"
u5751,User 5751,user5751@example.com,"{""role"": ""user"", ""level"": 1}"
u5752,User 5752,user5752@example.com,"{""role"": ""user"", ""level"": 2}"
u5753,User 5753,user5753@example.com,"{""role"": ""user"", ""level"": 3}"
u5754,User 5754,user5754@example.com,"{""role"": ""user"", ""level"": 4}"
u5755,User 5755,user5755@example.com,"{""role"": ""user"", ""level"": 0}"
u5756,User 5756,user5756@example.com,"{""role"": ""user"", ""level"": 1}"
u5757,User 5757,user5757@example.com,"{""role"": ""user"", ""level"": 2}"
u5758,User 5758,user5758@example.com,"{""role"": ""user"", ""level"": 3}"
u5759,User 5759,user5759@example.com,"{""role"": ""user"", ""level"": 4}"
u5760,User 5760,user5760@example.com,"{""role"": ""user"", ""level"": 0}"
u5761,User 5761,user5761@example.com,"{""role"": ""user"", ""level"": 1}"
u5762,User 5762,user5762@example.com,"{""role"": ""user"", ""level"": 2}"
u5763,User 5763,user5763@example.com,"{""role"": ""user"", ""level"": 3}"
u5764,User 5764,user5764@example.com,"{""role"": ""user"", ""level"": 4}"
u5765,User 5765,user5765@example.com,"{""role"": ""user"", ""level"": 0}"
u5766,User 5766,user5766@example.com,"{""role"": ""user"", ""level"": 1}"
u5767,User 5767,user5767@example.com,"{""role"": ""user"", ""level"": 2}"
u5768,User 5768,user5768@example.com,"{""role"": ""user"", ""level"": 3}"
u5769,User 5769,user5769@example.com,"{""role"": ""user"", ""level"": 4}"
u5770,User 5770,user5770@example.com,"{""role"": ""user"", ""level"": 0}"
u5771,User 5771,user5771@example.com,"{""role"": ""user"", ""level"": 1}"
u5772,User 5772,user5772@example.com,"{""role"": ""user"", ""level"": 2}"
u5773,User 5773,user5773@example.com,"{""role"": ""user"", ""level"": 3}"
u5774,User 5774,user5774@example.com,"{""role"": ""user"", ""level"": 4}"
u5775,User 5775,user5775@example.com,"{""role"": ""user"", ""level"": 0}"
u5776,User 5776,user5776@example.com,"{""role"": ""user"", ""level"": 1}"
u5777,User 5777,user5777@example.com,"{""role"": ""user"", ""level"": 2}"
u5778,User 5778,user5778@example.com,"{""role"": ""user"", ""level"": 3}"
u5779,User 5779,user5779@example.com,"{""role"": ""user"", ""level"": 4}"
u5780,User 5780,user5780@example.com,"{""role"": ""user"", ""level"": 0}"
u5781,User 5781,user5781@example.com,"{""role"": ""user"", ""level"": 1}"
u5782,User 5782,user5782@example.com,"{""role"": ""user"", ""level"": 2}"
u5783,User 5783,user5783@example.com,"{""role"": ""user"", ""level"": 3}"
u5784,User 5784,user5784@example.com,"{""role"": ""user"", ""level"": 4}"
u5785,User 5785,user5785@example.com,"{""role"": ""user"", ""level"": 0}"
u5786,User 5786,user5786@example.com,"{""role"": ""user"", ""level"": 1}"
u5787,User 5787,user5787@example.com,"{""role"": ""user"", ""level"": 2}"
u5788,User 5788,user5788@example.com,"{""role"": ""user"", ""level"": 3}"
u5789,User 5789,user5789@example.com,"{""role"": ""user"", ""level"": 4}"
u5790,User 5790,user5790@example.com,"{""role"": ""user"", ""level"": 0}"
u5791,User 5791,user5791@example.com,"{""role"": ""user"", ""level"": 1}"
u5792,User 5792,user5792@example.com,"{""role"": ""user"", ""level"": 2}"
u5793,User 5793,user5793@example.com,"{""role"": ""user"", ""level"": 3}"
u5794,User 5794,user5794@example.com,"{""role"": ""user"", ""level"": 4}"
u5795,User 5795,user5795@example.com,"{""role"": ""user"", ""level"": 0}"
u5796,User 5796,user5796@example.com,"{""role"": ""user"", ""level"": 1}"
u5797,User 5797,user5797@example.com,"{""role"": ""user"", ""level"": 2}"
u5798,User 5798,user5798@example.com,"{""role"": ""user"", ""level"": 3}"
u5799,User 5799,user5799@example.com,"{""role"": ""user"", ""level"": 4}"
u5800,User 5800,user5800@example.com,"{""role"": ""user"", ""level"": 0}"
u5801,User 5801,user5801@example.com,"{""role"": ""user"", ""level"": 1}"
u5802,User 5802,user5802@example.com,"{""role"": ""user"", ""level"": 2}"
u5803,User 5803,user5803@example.com,"{""role"": ""user"", ""level"": 3}"
u5804,User 5804,user5804@example.com,"{""role"": ""user"", ""level"": 4}"
u5805,User 5805,user5805@example.com,"{""role"": ""user"", ""level"": 0}"
u5806,User 5806,user5806@example.com,"{""role"": ""user"", ""level"": 1}"
u5807,User 5807,user5807@example.com,"{""role"": ""user"", ""level"": 2}"
u5808,User 5808,user5808@example.com,"{""role"": ""user"", ""level"": 3}"
u5809,User 5809,user5809@example.com,"{""role"": ""user"", ""level"": 4}"
u5810,User 5810,user5810@example.com,"{""role"": ""user"", ""level"": 0}"
u5811,User 5811,user5811@example.com,"{""role"": ""user"", ""level"": 1}"
u5812,User 5812,user5812@example.com,"{""role"": ""user"", ""level"": 2}"
u5813,User 5813,user5813@example.com,"{""role"": ""user"", ""level"": 3}"
u5814,User 5814,user5814@example.com,"{""role"": ""user"", ""level"": 4}"
u5815,User 5815,user5815@example.com,"{""role"": ""user"", ""level"": 0}"
u5816,User 5816,user5816@example.com,"{""role"": ""user"", ""level"": 1}"
u5817,User 5817,user5817@example.com,"{""role"": ""user"", ""level"": 2}"
u5818,User 5818,user5818@example.com,"{""role"": ""user"", ""level"": 3}"
u5819,User 5819,user5819@example.com,"{""role"": ""user"", ""level"": 4}"
u5820,User 5820,user5820@example.com,"{""role"": ""user"", ""level"": 0}"
u5821,User 5821,user5821@example.com,"{""role"": ""user"", ""level"": 1}"
u5822,User 5822,user5822@example.com,"{""role"": ""user"", ""level"": 2}"
u5823,User 5823,user5823@example.com,"{""role"": ""user"", ""level"": 3}"
u5824,User 5824,user5824@example.com,"{""role"": ""user"", ""level"": 4}"
u5825,User 5825,user5825@example.com,"{""role"": ""user"", ""level"": 0}"
u5826,User 5826,user5826@example.com,"{""role"": ""user"", ""level"": 1}"
u5827,User 5827,user5827@example.com,"{""role"": ""user"", ""level"": 2}"
u5828,User 5828,user5828@example.com,"{""role"": ""user"", ""level"": 3}"
u5829,User 5829,user5829@example.com,"{""role"": ""user"", ""level"": 4}"
u5830,User 5830,user5830@example.com,"{""role"": ""user"", ""level"": 0}"
u5831,User 5831,user5831@example.com,"{""role"": ""user"", ""level"": 1}"
u5832,User 5832,user5832@example.com,"{""role"": ""user"", ""level"": 2}"
u5833,User 5833,user5833@example.com,"{""role"": ""user"", ""level"": 3}"
u5834,User 5834,user5834@example.com,"{""role"": ""user"", ""level"": 4}"
u5835,User 5835,user5835@example.com,"{""role"": ""user"", ""level"": 0}"
u5836,User 5836,user5836@example.com,"{""role"": ""user"", ""level"": 1}"
u5837,User 5837,user5837@example.com,"{""role"": ""user"", ""level"": 2}"
u5838,User 5838,user5838@example.com,"{""role"": ""user"", ""level"": 3}"
u5839,User 5839,user5839@example.com,"{""role"": ""user"", ""level"": 4}"
u5840,User 5840,user5840@example.com,"{""role"": ""user"", ""level"": 0}"
u5841,User 5841,user5841@example.com,"{""role"": ""user"", ""level"": 1}"
u5842,User 5842,user5842@example.com,"{""role"": ""user"", ""level"": 2}"
u5843,User 5843,user5843@example.com,"{""role"": ""user"", ""level"": 3}"
u5844,User 5844,user5844@example.com,"{""role"": ""user"", ""level"": 4}"
u5845,User 5845,user5845@example.com,"{""role"": ""user"", ""level"": 0}"
u5846,User 5846,user5846@example.com,"{""role"": ""user"", ""level"": 1}"
u5847,User 5847,user5847@example.com,"{""role"": ""user"", ""level"": 2}"
u5848,User 5848,user5848@example.com,"{""role"": ""user"", ""level"": 3}"
u5849,User 5849,user5849@example.com,"{""role"": ""user"", ""level"": 4}"
u5850,User 5850,user5850@example.com,"{""role"": ""user"", ""level"": 0}"
u5851,User 5851,user5851@example.com,"{""role"": ""user"", ""level"": 1}"
u5852,User 5852,user5852@example.com,"{""role"": ""user"", ""level"": 2}"
u5853,User 5853,user5853@example.com,"{""role"": ""user"", ""level"": 3}"
u5854,User 5854,user5854@example.com,"{""role"": ""user"", ""level"": 4}"
u5855,User 5855,user5855@example.com,"{""role"": ""user"", ""level"": 0}"
u5856,User 5856,user5856@example.com,"{""role"": ""user"", ""level"": 1}"
u5857,User 5857,user5857@example.com,"{""role"": ""user"", ""level"": 2}"
u5858,User 5858,user5858@example.com,"{""role"": ""user"", ""level"": 3}"
u5859,User 5859,user5859@example.com,"{""role"": ""user"", ""level"": 4}"
u5860,User 5860,user5860@example.com,"{""role"": ""user"", ""level"": 0}"
u5861,User 5861,user5861@example.com,"{""role"": ""user"", ""level"": 1}"
u5862,User 5862,user5862@example.com,"{""role"": ""user"", ""level"": 2}"
u5863,User 5863,user5863@example.com,"{""role"": ""user"", ""level"": 3}"
u5864,User 5864,user5864@example.com,"{""role"": ""user"", ""level"": 4}"
u5865,User 5865,user5865@example.com,"{""role"": ""user"", ""level"": 0}"
u5866,User 5866,user5866@example.com,"{""role"": ""user"", ""level"": 1}"
u5867,User 5867,user5867@example.com,"{""role"": ""user"", ""level"": 2}"
u5868,User 5868,user5868@example.com,"{""role"": ""user"", ""level"": 3}"
u5869,User 5869,user5869@example.com,"{""role"": ""user"", ""level"": 4}"
u5870,User 5870,user5870@example.com,"{""role"": ""user"", ""level"": 0}"
u5871,User 5871,user5871@example.com,"{""role"": ""user"", ""level"": 1}"
u5872,User 5872,user5872@example.com,"{""role"": ""user"", ""level"": 2}"
u5873,User 5873,user5873@example.com,"{""role"": ""user"", ""level"": 3}"
u5874,User 5874,user5874@example.com,"{""role"": ""user"", ""level"": 4}"
u5875,User 5875,user5875@example.com,"{""role"": ""user"", ""level"": 0}"
u5876,User 5876,user5876@example.com,"{""role"": ""user"", ""level"": 1}"
u5877,User 5877,user5877@example.com,"{""role"": ""user"", ""level"": 2}"
u5878,User 5878,user5878@example.com,"{""role"": ""user"", ""level"": 3}"
u5879,User 5879,user5879@example.com,"{""role"": ""user"", ""level"": 4}"
u5880,User 5880,user5880@example.com,"{""role"": ""user"", ""level"": 0}"
u5881,User 5881,user5881@example.com,"{""role"": ""user"", ""level"": 1}"
u5882,User 5882,user5882@example.com,"{""role"": ""user"", ""level"": 2}"
u5883,User 5883,user5883@example.com,"{""role"": ""user"", ""level"": 3}"
u5884,User 5884,user5884@example.com,"{""role"": ""user"", ""level"": 4}"
u5885,User 5885,user5885@example.com,"{""role"": ""user"", ""level"": 0}"
u5886,User 5886,user5886@example.com,"{""role"": ""user"", ""level"": 1}"
u5887,User 5887,user5887@example.com,"{""role"": ""user"", ""level"": 2}"
u5888,User 5888,user5888@example.com,"{""role"": ""user"", ""level"": 3}"
u5889,User 5889,user5889@example.com,"{""role"": ""user"", ""level"": 4}"
u5890,User 5890,user5890@example.com,"{""role"": ""user"", ""level"": 0}"
u5891,User 5891,user5891@example.com,"{""role"": ""user"", ""level"": 1}"
u5892,User 5892,user5892@example.com,"{""role"": ""user"", ""level"": 2}"
u5893,User 5893,user5893@example.com,"{""role"": ""user"", ""level"": 3}"
u5894,User 5894,user5894@example.com,"{""role"": ""user"", ""level"": 4}"
u5895,User 5895,user5895@example.com,"{""role"": ""user"", ""level"": 0}"
u5896,User 5896,user5896@example.com,"{""role"": ""user"", ""level"": 1}"
u5897,User 5897,user5897@example.com,"{""role"": ""user"", ""level"": 2}"
u5898,User 5898,user5898@example.com,"{""role"": ""user"", ""level"": 3}"
u5899,User 5899,user5899@example.com,"{""role"": ""user"", ""level"": 4}"
u5900,User 5900,user5900@example.com,"{""role"": ""user"", ""level"": 0}"
u5901,User 5901,user5901@example.com,"{""role"": ""user"", ""level"": 1}"
u5902,User 5902,user5902@example.com,"{""role"": ""user"", ""level"": 2}"
u5903,User 5903,user5903@example.com,"{""role"": ""user"", ""level"": 3}"
u5904,User 5904,user5904@example.com,"{""role"": ""user"", ""level"": 4}"
u5905,User 5905,user5905@example.com,"{""role"": ""user"", ""level"": 0}"
u5906,User 5906,user5906@example.com,"{""role"": ""user"", ""level"": 1}"
u5907,User 5907,user5907@example.com,"{""role"": ""user"", ""level"": 2}"
u5908,User 5908,user5908@example.com,"{""role"": ""user"", ""level"": 3}"
u5909,User 5909,user5909@example.com,"{""role"": ""user"", ""level"": 4}"
u5910,User 5910,user5910@example.com,"{""role"": ""user"", ""level"": 0}"
u5911,User 5911,user5911@example.com,"{""role"": ""user"", ""level"": 1}"
u5912,User 5912,user5912@example.com,"{""role"": ""user"", ""level"": 2}"
u5913,User 5913,user5913@example.com,"{""role"": ""user"", ""level"": 3}"
u5914,User 5914,user5914@example.com,"{""role"": ""user"", ""level"": 4}"
u5915,User 5915,user5915@example.com,"{""role"": ""user"", ""level"": 0}"
u5916,User 5916,user5916@example.com,"{""role"": ""user"", ""level"": 1}"
u5917,User 5917,user5917@example.com,"{""role"": ""user"", ""level"": 2}"
u5918,User 5918,user5918@example.com,"{""role"": ""user"", ""level"": 3}"
u5919,User 5919,user5919@example.com,"{""role"": ""user"", ""level"": 4}"
u5920,User 5920,user5920@example.com,"{""role"": ""user"", ""level"": 0}"
u5921,User 5921,user5921@example.com,"{""role"": ""user"", ""level"": 1}"
u5922,User 5922,user5922@example.com,"{""role"": ""user"", ""level"": 2}"
u5923,User 5923,user5923@example.com,"{""role"": ""user"", ""level"": 3}"
u5924,User 5924,user5924@example.com,"{""role"": ""user"", ""level"": 4}"
u5925,User 5925,user5925@example.com,"{""role"": ""user"", ""level"": 0}"
u5926,User 5926,user5926@example.com,"{""role"": ""user"", ""level"": 1}"
u5927,User 5927,user5927@example.com,"{""role"": ""user"", ""level"": 2}"
u5928,User 5928,user5928@example.com,"{""role"": ""user"", ""level"": 3}"
u5929,User 5929,user5929@example.com,"{""role"": ""user"", ""level"": 4}"
u5930,User 5930,user5930@example.com,"{""role"": ""user"", ""level"": 0}"
u5931,User 5931,user5931@example.com,"{""role"": ""user"", ""level"": 1}"
u5932,User 5932,user5932@example.com,"{""role"": ""user"", ""level"": 2}"
u5933,User 5933,user5933@example.com,"{""role"": ""user"", ""level"": 3}"
u5934,User 5934,user5934@example.com,"{""role"": ""user"", ""level"": 4}"
u5935,User 5935,user5935@example.com,"{""role"": ""user"", ""level"": 0}"
u5936,User 5936,user5936@example.com,"{""role"": ""user"", ""level"": 1}"
u5937,User 5937,user5937@example.com,"{""role"": ""user"", ""level"": 2}"
u5938,User 5938,user5938@example.com,"{""role"": ""user"", ""level"": 3}"
u5939,User 5939,user5939@example.com,"{""role"": ""user"", ""level"": 4}"
u5940,User 5940,user5940@example.com,"{""role"": ""user"", ""level"": 0}"
u5941,User 5941,user5941@example.com,"{""role"": ""user"", ""level"": 1}"
u5942,User 5942,user5942@example.com,"{""role"": ""user"", ""level"": 2}"
u5943,User 5943,user5943@example.com,"{""role"": ""user"", ""level"": 3}"
u5944,User 5944,user5944@example.com,"{""role"": ""user"", ""level"": 4}"
u5945,User 5945,user5945@example.com,"{""role"": ""user"", ""level"": 0}"
u5946,User 5946,user5946@example.com,"{""role"": ""user"", ""level"": 1}"
u5947,User 5947,user5947@example.com,"{""role"": ""user"", ""level"": 2}"
u5948,User 5948,user5948@example.com,"{""role"": ""user"", ""level"": 3}"
u5949,User 5949,user5949@example.com,"{""role"": ""user"", ""level"": 4}"
u5950,User 5950,user5950@example.com,"{""role"": ""user"", ""level"": 0}"
u5951,User 5951,user5951@example.com,"{""role"": ""user"", ""level"": 1}"
u5952,User 5952,user5952@example.com,"{""role"": ""user"", ""level"": 2}"
u5953,User 5953,user5953@example.com,"{""role"": ""user"", ""level"": 3}"
u5954,User 5954,user5954@example.com,"{""role"": ""user"", ""level"": 4}"
u5955,User 5955,user5955@example.com,"{""role"": ""user"", ""level"": 0}"
u5956,User 5956,user5956@example.com,"{""role"": ""user"", ""level"": 1}"
u5957,User 5957,user5957@example.com,"{""role"": ""user"", ""level"": 2}"
u5958,User 5958,user5958@example.com,"{""role"": ""user"", ""level"": 3}"
u5959,User 5959,user5959@example.com,"{""role"": ""user"", ""level"": 4}"
u5960,User 5960,user5960@example.com,"{""role"": ""user"", ""level"": 0}"
u5961,User 5961,user5961@example.com,"{""role"": ""user"", ""level"": 1}"
u5962,User 5962,user5962@example.com,"{""role"": ""user"", ""level"": 2}"
u5963,User 5963,user5963@example.com,"{""role"": ""user"", ""level"": 3}"
u5964,User 5964,user5964@example.com,"{""role"": ""user"", ""level"": 4}"
u5965,User 5965,user5965@example.com,"{""role"": ""user"", ""level"": 0}"
u5966,User 5966,user5966@example.com,"{""role"": ""user"", ""level"": 1}"
u5967,User 5967,user5967@example.com,"{""role"": ""user"", ""level"": 2}"
u5968,User 5968,user5968@example.com,"{""role"": ""user"", ""level"": 3}"
u5969,User 5969,user5969@example.com,"{""role"": ""user"", ""level"": 4}"
u5970,User 5970,user5970@example.com,"{""role"": ""user"", ""level"": 0}"
u5971,User 5971,user5971@example.com,"{""role"": ""user"", ""level"": 1}"
u5972,User 5972,user5972@example.com,"{""role"": ""user"", ""level"": 2}"
u5973,User 5973,user5973@example.com,"{""role"": ""user"", ""level"": 3}"
u5974,User 5974,user5974@example.com,"{""role"": ""user"", ""level"": 4}"
u5975,User 5975,user5975@example.com,"{""role"": ""user"", ""level"": 0}"
u5976,User 5976,user5976@example.com,"{""role"": ""user"", ""level"": 1}"
u5977,User 5977,user5977@example.com,"{""role"": ""user"", ""level"": 2}"
u5978,User 5978,user5978@example.com,"{""role"": ""user"", ""level"": 3}"
u5979,User 5979,user5979@example.com,"{""role"": ""user"", ""level"": 4}"
u5980,User 5980,user5980@example.com,"{""role"": ""user"", ""level"": 0}"
u5981,User 5981,user5981@example.com,"{""role"": ""user"", ""level"": 1}"
u5982,User 5982,user5982@example.com,"{""role"": ""user"", ""level"": 2}"
u5983,User 5983,user5983@example.com,"{""role"": ""user"", ""level"": 3}"
u5984,User 5984,user5984@example.com,"{""role"": ""user"", ""level"": 4}"
u5985,User 5985,user5985@example.com,"{""role"": ""user"", ""level"": 0}"
u5986,User 5986,user5986@example.com,"{""role"": ""user"", ""level"": 1}"
u5987,User 5987,user5987@example.com,"{""role"": ""user"", ""level"": 2}"
u5988,User 5988,user5988@example.com,"{""role"": ""user"", ""level"": 3}"
u5989,User 5989,user5989@example.com,"{""role"": ""user"", ""level"": 4}"
u5990,User 5990,user5990@example.com,"{""role"": ""user"", ""level"": 0}"
u5991,User 5991,user5991@example.com,"{""role"": ""user"", ""level"": 1}"
u5992,User 5992,user5992@example.com,"{""role"": ""user"", ""level"": 2}"
u5993,User 5993,user5993@example.com,"{""role"": ""user"", ""level"": 3}"
u5994,User 5994,user5994@example.com,"{""role"": ""user"", ""level"": 4}"
u5995,User 5995,user5995@example.com,"{""role"": ""user"", ""level"": 0}"
u5996,User 5996,user5996@example.com,"{""role"": ""user"", ""level"": 1}"
u5997,User 5997,user5997@example.com,"{""role"": ""user"", ""level"": 2}"
u5998,User 5998,user5998@example.com,"{""role"": ""user"", ""level"": 3}"
u5999,User 5999,user5999@example.com,"{""role"": ""user"", ""level"": 4}"
u6000,User 6000,user6000@example.com,"{""role"": ""user"", ""level"": 0}"
u6001,User 6001,user6001@example.com,"{""role"": ""user"", ""level"": 1}"
u6002,User 6002,user6002@example.com,"{""role"": ""user"", ""level"": 2}"
u6003,User 6003,user6003@example.com,"{""role"": ""user"", ""level"": 3}"
u6004,User 6004,user6004@example.com,"{""role"": ""user"", ""level"": 4}"
u6005,User 6005,user6005@example.com,"{""role"": ""user"", ""level"": 0}"
u6006,User 6006,user6006@example.com,"{""role"": ""user"", ""level"": 1}"
u6007,User 6007,user6007@example.com,"{""role"": ""user"", ""level"": 2}"
u6008,User 6008,user6008@example.com,"{""role"": ""user"", ""level"": 3}"
u6009,User 6009,user6009@example.com,"{""role"": ""user"", ""level"": 4}"
u6010,User 6010,user6010@example.com,"{""role"": ""user"", ""level"": 0}"
u6011,User 6011,user6011@example.com,"{""role"": ""user"", ""level"": 1}"
u6012,User 6012,user6012@example.com,"{""role"": ""user"", ""level"": 2}"
u6013,User 6013,user6013@example.com,"{""role"": ""user"", ""level"": 3}"
u6014,User 6014,user6014@example.com,"{""role"": ""user"", ""level"": 4}"
u6015,User 6015,user6015@example.com,"{""role"": ""user"", ""level"": 0}"
u6016,User 6016,user6016@example.com,"{""role"": ""user"", ""level"": 1}"
u6017,User 6017,user6017@example.com,"{""role"": ""user"", ""level"": 2}"
u6018,User 6018,user6018@example.com,"{""role"": ""user"", ""level"": 3}"
u6019,User 6019,user6019@example.com,"{""role"": ""user"", ""level"": 4}"
u6020,User 6020,user6020@example.com,"{""role"": ""user"", ""level"": 0}"
u6021,User 6021,user6021@example.com,"{""role"": ""user"", ""level"": 1}"
u6022,User 6022,user6022@example.com,"{""role"": ""user"", ""level"": 2}"
u6023,User 6023,user6023@example.com,"{""role"": ""user"", ""level"": 3}"
u6024,User 6024,user6024@example.com,"{""role"": ""user"", ""level"": 4}"
u6025,User 6025,user6025@example.com,"{""role"": ""user"", ""level"": 0}"
u6026,User 6026,user6026@example.com,"{""role"": ""user"", ""level"": 1}"
u6027,User 6027,user6027@example.com,"{""role"": ""user"", ""level"": 2}"
u6028,User 6028,user6028@example.com,"{""role"": ""user"", ""level"": 3}"
u6029,User 6029,user6029@example.com,"{""role"": ""user"", ""level"": 4}"
u6030,User 6030,user6030@example.com,"{""role"": ""user"", ""level"": 0}"
u6031,User 6031,user6031@example.com,"{""role"": ""user"", ""level"": 1}"
u6032,User 6032,user6032@example.com,"{""role"": ""user"", ""level"": 2}"
u6033,User 6033,user6033@example.com,"{""role"": ""user"", ""level"": 3}"
u6034,User 6034,user6034@example.com,"{""role"": ""user"", ""level"": 4}"
u6035,User 6035,user6035@example.com,"{""role"": ""user"", ""level"": 0}"
u6036,User 6036,user6036@example.com,"{""role"": ""user"", ""level"": 1}"
u6037,User 6037,user6037@example.com,"{""role"": ""user"", ""level"": 2}"
u6038,User 6038,user6038@example.com,"{""role"": ""user"", ""level"": 3}"
u6039,User 6039,user6039@example.com,"{""role"": ""user"", ""level"": 4}"
u6040,User 6040,user6040@example.com,"{""role"": ""user"", ""level"": 0}"
u6041,User 6041,user6041@example.com,"{""role"": ""user"", ""level"": 1}"
u6042,User 6042,user6042@example.com,"{""role"": ""user"", ""level"": 2}"
u6043,User 6043,user6043@example.com,"{""role"": ""user"", ""level"": 3}"
u6044,User 6044,user6044@example.com,"{""role"": ""user"", ""level"": 4}"
u6045,User 6045,user6045@example.com,"{""role"": ""user"", ""level"": 0}"
u6046,User 6046,user6046@example.com,"{""role"": ""user"", ""level"": 1}"
u6047,User 6047,user6047@example.com,"{""role"": ""user"", ""level"": 2}"
u6048,User 6048,user6048@example.com,"{""role"": ""user"", ""level"": 3}"
u6049,User 6049,user6049@example.com,"{""role"": ""user"", ""level"": 4}"
u6050,User 6050,user6050@example.com,"{""role"": ""user"", ""level"": 0}"
u6051,User 6051,user6051@example.com,"{""role"": ""user"", ""level"": 1}"
u6052,User 6052,user6052@example.com,"{""role"": ""user"", ""level"": 2}"
u6053,User 6053,user6053@example.com,"{""role"": ""user"", ""level"": 3}"
u6054,User 6054,user6054@example.com,"{""role"": ""user"", ""level"": 4}"
u6055,User 6055,user6055@example.com,"{""role"": ""user"", ""level"": 0}"
u6056,User 6056,user6056@example.com,"{""role"": ""user"", ""level"": 1}"
u6057,User 6057,user6057@example.com,"{""role"": ""user"", ""level"": 2}"
u6058,User 6058,user6058@example.com,"{""role"": ""user"", ""level"": 3}"
u6059,User 6059,user6059@example.com,"{""role"": ""user"", ""level"": 4}"
u6060,User 6060,user6060@example.com,"{""role"": ""user"", ""level"": 0}"
u6061,User 6061,user6061@example.com,"{""role"": ""user"", ""level"": 1}"
u6062,User 6062,user6062@example.com,"{""role"": ""user"", ""level"": 2}"
u6063,User 6063,user6063@example.com,"{""role"": ""user"", ""level"": 3}"
u6064,User 6064,user6064@example.com,"{""role"": ""user"", ""level"": 4}"
u6065,User 6065,user6065@example.com,"{""role"": ""user"", ""level"": 0}"
u6066,User 6066,user6066@example.com,"{""role"": ""user"", ""level"": 1}"
u6067,User 6067,user6067@example.com,"{""role"": ""user"", ""level"": 2}"
u6068,User 6068,user6068@example.com,"{""role"": ""user"", ""level"": 3}"
u6069,User 6069,user6069@example.com,"{""role"": ""user"", ""level"": 4}"
u6070,User 6070,user6070@example.com,"{""role"": ""user"", ""level"": 0}"
u6071,User 6071,user6071@example.com,"{""role"": ""user"", ""level"": 1}"
u6072,User 6072,user6072@example.com,"{""role"": ""user"", ""level"": 2}"
u6073,User 6073,user6073@example.com,"{""role"": ""user"", ""level"": 3}"
u6074,User 6074,user6074@example.com,"{""role"": ""user"", ""level"": 4}"
u6075,User 6075,user6075@example.com,"{""role"": ""user"", ""level"": 0}"
u6076,User 6076,user6076@example.com,"{""role"": ""user"", ""level"": 1}"
u6077,User 6077,user6077@example.com,"{""role"": ""user"", ""level"": 2}"
u6078,User 6078,user6078@example.com,"{""role"": ""user"", ""level"": 3}"
u6079,User 6079,user6079@example.com,"{""role"": ""user"", ""level"": 4}"
u6080,User 6080,user6080@example.com,"{""role"": ""user"", ""level"": 0}"
u6081,User 6081,user6081@example.com,"{""role"": ""user"", ""level"": 1}"
u6082,User 6082,user6082@example.com,"{""role"": ""user"", ""level"": 2}"
u6083,User 6083,user6083@example.com,"{""role"": ""user"", ""level"": 3}"
u6084,User 6084,user6084@example.com,"{""role"": ""user"", ""level"": 4}"
u6085,User 6085,user6085@example.com,"{""role"": ""user"", ""level"": 0}"
u6086,User 6086,user6086@example.com,"{""role"": ""user"", ""level"": 1}"
u6087,User 6087,user6087@example.com,"{""role"": ""user"", ""level"": 2}"
u6088,User 6088,user6088@example.com,"{""role"": ""user"", ""level"": 3}"
u6089,User 6089,user6089@example.com,"{""role"": ""user"", ""level"": 4}"
u6090,User 6090,user6090@example.com,"{""role"": ""user"", ""level"": 0}"
u6091,User 6091,user6091@example.com,"{""role"": ""user"", ""level"": 1}"
u6092,User 6092,user6092@example.com,"{""role"": ""user"", ""level"": 2}"
u6093,User 6093,user6093@example.com,"{""role"": ""user"", ""level"": 3}"
u6094,User 6094,user6094@example.com,"{""role"": ""user"", ""level"": 4}"
u6095,User 6095,user6095@example.com,"{""role"": ""user"", ""level"": 0}"
u6096,User 6096,user6096@example.com,"{""role"": ""user"", ""level"": 1}"
u6097,User 6097,user6097@example.com,"{""role"": ""user"", ""level"": 2}"
u6098,User 6098,user6098@example.com,"{""role"": ""user"", ""level"": 3}"
u6099,User 6099,user6099@example.com,"{""role"": ""user"", ""level"": 4}"
u6100,User 6100,user6100@example.com,"{""role"": ""user"", ""level"": 0}"
u6101,User 6101,user6101@example.com,"{""role"": ""user"", ""level"": 1}"
u6102,User 6102,user6102@example.com,"{""role"": ""user"", ""level"": 2}"
u6103,User 6103,user6103@example.com,"{""role"": ""user"", ""level"": 3}"
u6104,User 6104,user6104@example.com,"{""role"": ""user"", ""level"": 4}"
u6105,User 6105,user6105@example.com,"{""role"": ""user"", ""level"": 0}"
u6106,User 6106,user6106@example.com,"{""role"": ""user"", ""level"": 1}"
u6107,User 6107,user6107@example.com,"{""role"": ""user"", ""level"": 2}"
u6108,User 6108,user6108@example.com,"{""role"": ""user"", ""level"": 3}"
u6109,User 6109,user6109@example.com,"{""role"": ""user"", ""level"": 4}"
u6110,User 6110,user6110@example.com,"{""role"": ""user"", ""level"": 0}"
u6111,User 6111,user6111@example.com,"{""role"": ""user"", ""level"": 1}"
u6112,User 6112,user6112@example.com,"{""role"": ""user"", ""level"": 2}"
u6113,User 6113,user6113@example.com,"{""role"": ""user"", ""level"": 3}"
u6114,User 6114,user6114@example.com,"{""role"": ""user"", ""level"": 4}"
u6115,User 6115,user6115@example.com,"{""role"": ""user"", ""level"": 0}"
u6116,User 6116,user6116@example.com,"{""role"": ""user"", ""level"": 1}"
u6117,User 6117,user6117@example.com,"{""role"": ""user"", ""level"": 2}"
u6118,User 6118,user6118@example.com,"{""role"": ""user"", ""level"": 3}"
u6119,User 6119,user6119@example.com,"{""role"": ""user"", ""level"": 4}"
u6120,User 6120,user6120@example.com,"{""role"": ""user"", ""level"": 0}"
u6121,User 6121,user6121@example.com,"{""role"": ""user"", ""level"": 1}"
u6122,User 6122,user6122@example.com,"{""role"": ""user"", ""level"": 2}"
u6123,User 6123,user6123@example.com,"{""role"": ""user"", ""level"": 3}"
u6124,User 6124,user6124@example.com,"{""role"": ""user"", ""level"": 4}"
u6125,User 6125,user6125@example.com,"{""role"": ""user"", ""level"": 0}"
u6126,User 6126,user6126@example.com,"{""role"": ""user"", ""level"": 1}"
u6127,User 6127,user6127@example.com,"{""role"": ""user"", ""level"": 2}"
u6128,User 6128,user6128@example.com,"{""role"": ""user"", ""level"": 3}"
u6129,User 6129,user6129@example.com,"{""role"": ""user"", ""level"": 4}"
u6130,User 6130,user6130@example.com,"{""role"": ""user"", ""level"": 0}"
u6131,User 6131,user6131@example.com,"{""role"": ""user"", ""level"": 1}"
u6132,User 6132,user6132@example.com,"{""role"": ""user"", ""level"": 2}"
u6133,User 6133,user6133@example.com,"{""role"": ""user"", ""level"": 3}"
u6134,User 6134,user6134@example.com,"{""role"": ""user"", ""level"": 4}"
u6135,User 6135,user6135@example.com,"{""role"": ""user"", ""level"": 0}"
u6136,User 6136,user6136@example.com,"{""role"": ""user"", ""level"": 1}"
u6137,User 6137,user6137@example.com,"{""role"": ""user"", ""level"": 2}"
u6138,User 6138,user6138@example.com,"{""role"": ""user"", ""level"": 3}"
u6139,User 6139,user6139@example.com,"{""role"": ""user"", ""level"": 4}"
u6140,User 6140,user6140@example.com,"{""role"": ""user"", ""level"": 0}"
u6141,User 6141,user6141@example.com,"{""role"": ""user"", ""level"": 1}"
u6142,User 6142,user6142@example.com,"{""role"": ""user"", ""level"": 2}"
u6143,User 6143,user6143@example.com,"{""role"": ""user"", ""level"": 3}"
u6144,User 6144,user6144@example.com,"{""role"": ""user"", ""level"": 4}"
u6145,User 6145,user6145@example.com,"{""role"": ""user"", ""level"": 0}"
u6146,User 6146,user6146@example.com,"{""role"": ""user"", ""level"": 1}"
u6147,User 6147,user6147@example.com,"{""role"": ""user"", ""level"": 2}"
u6148,User 6148,user6148@example.com,"{""role"": ""user"", ""level"": 3}"
u6149,User 6149,user6149@example.com,"{""role"": ""user"", ""level"": 4}"
u6150,User 6150,user6150@example.com,"{""role"": ""user"", ""level"": 0}"
u6151,User 6151,user6151@example.com,"{""role"": ""user"", ""level"": 1}"
u6152,User 6152,user6152@example.com,"{""role"": ""user"", ""level"": 2}"
u6153,User 6153,user6153@example.com,"{""role"": ""user"", ""level"": 3}"
u6154,User 6154,user6154@example.com,"{""role"": ""user"", ""level"": 4}"
u6155,User 6155,user6155@example.com,"{""role"": ""user"", ""level"": 0}"
u6156,User 6156,user6156@example.com,"{""role"": ""user"", ""level"": 1}"
u6157,User 6157,user6157@example.com,"{""role"": ""user"", ""level"": 2}"
u6158,User 6158,user6158@example.com,"{""role"": ""user"", ""level"": 3}"
u6159,User 6159,user6159@example.com,"{""role"": ""user"", ""level"": 4}"
u6160,User 6160,user6160@example.com,"{""role"": ""user"", ""level"": 0}"
u6161,User 6161,user6161@example.com,"{""role"": ""user"", ""level"": 1}"
u6162,User 6162,user6162@example.com,"{""role"": ""user"", ""level"": 2}"
u6163,User 6163,user6163@example.com,"{""role"": ""user"", ""level"": 3}"
u6164,User 6164,user6164@example.com,"{""role"": ""user"", ""level"": 4}"
u6165,User 6165,user6165@example.com,"{""role"": ""user"", ""level"": 0}"
u6166,User 6166,user6166@example.com,"{""role"": ""user"", ""level"": 1}"
u6167,User 6167,user6167@example.com,"{""role"": ""user"", ""level"": 2}"
u6168,User 6168,user6168@example.com,"{""role"": ""user"", ""level"": 3}"
u6169,User 6169,user6169@example.com,"{""role"": ""user"", ""level"": 4}"
u6170,User 6170,user6170@example.com,"{""role"": ""user"", ""level"": 0}"
u6171,User 6171,user6171@example.com,"{""role"": ""user"", ""level"": 1}"
u6172,User 6172,user6172@example.com,"{""role"": ""user"", ""level"": 2}"
u6173,User 6173,user6173@example.com,"{""role"": ""user"", ""level"": 3}"
u6174,User 6174,user6174@example.com,"{""role"": ""user"", ""level"": 4}"
u6175,User 6175,user6175@example.com,"{""role"": ""user"", ""level"": 0}"
u6176,User 6176,user6176@example.com,"{""role"": ""user"", ""level"": 1}"
u6177,User 6177,user6177@example.com,"{""role"": ""user"", ""level"": 2}"
u6178,User 6178,user6178@example.com,"{""role"": ""user"", ""level"": 3}"
u6179,User 6179,user6179@example.com,"{""role"": ""user"", ""level"": 4}"
u6180,User 6180,user6180@example.com,"{""role"": ""user"", ""level"": 0}"
u6181,User 6181,user6181@example.com,"{""role"": ""user"", ""level"": 1}"
u6182,User 6182,user6182@example.com,"{""role"": ""user"", ""level"": 2}"
u6183,User 6183,user6183@example.com,"{""role"": ""user"", ""level"": 3}"
u6184,User 6184,user6184@example.com,"{""role"": ""user"", ""level"": 4}"
u6185,User 6185,user6185@example.com,"{""role"": ""user"", ""level"": 0}"
u6186,User 6186,user6186@example.com,"{""role"": ""user"", ""level"": 1}"
u6187,User 6187,user6187@example.com,"{""role"": ""user"", ""level"": 2}"
u6188,User 6188,user6188@example.com,"{""role"": ""user"", ""level"": 3}"
u6189,User 6189,user6189@example.com,"{""role"": ""user"", ""level"": 4}"
u6190,User 6190,user6190@example.com,"{""role"": ""user"", ""level"": 0}"
u6191,User 6191,user6191@example.com,"{""role"": ""user"", ""level"": 1}"
u6192,User 6192,user6192@example.com,"{""role"": ""user"", ""level"": 2}"
u6193,User 6193,user6193@example.com,"{""role"": ""user"", ""level"": 3}"
u6194,User 6194,user6194@example.com,"{""role"": ""user"", ""level"": 4}"
u6195,User 6195,user6195@example.com,"{""role"": ""user"", ""level"": 0}"
u6196,User 6196,user6196@example.com,"{""role"": ""user"", ""level"": 1}"
u6197,User 6197,user6197@example.com,"{""role"": ""user"", ""level"": 2}"
u6198,User 6198,user6198@example.com,"{""role"": ""user"", ""level"": 3}"
u6199,User 6199,user6199@example.com,"{""role"": ""user"", ""level"": 4}"
u6200,User 6200,user6200@example.com,"{""role"": ""user"", ""level"": 0}"
u6201,User 6201,user6201@example.com,"{""role"": ""user"", ""level"": 1}"
u6202,User 6202,user6202@example.com,"{""role"": ""user"", ""level"": 2}"
u6203,User 6203,user6203@example.com,"{""role"": ""user"", ""level"": 3}"
u6204,User 6204,user6204@example.com,"{""role"": ""user"", ""level"": 4}"
u6205,User 6205,user6205@example.com,"{""role"": ""user"", ""level"": 0}"
u6206,User 6206,user6206@example.com,"{""role"": ""user"", ""level"": 1}"
u6207,User 6207,user6207@example.com,"{""role"": ""user"", ""level"": 2}"
u6208,User 6208,user6208@example.com,"{""role"": ""user"", ""level"": 3}"
u6209,User 6209,user6209@example.com,"{""role"": ""user"", ""level"": 4}"
u6210,User 6210,user6210@example.com,"{""role"": ""user"", ""level"": 0}"
u6211,User 6211,user6211@example.com,"{""role"": ""user"", ""level"": 1}"
u6212,User 6212,user6212@example.com,"{""role"": ""user"", ""level"": 2}"
u6213,User 6213,user6213@example.com,"{""role"": ""user"", ""level"": 3}"
u6214,User 6214,user6214@example.com,"{""role"": ""user"", ""level"": 4}"
u6215,User 6215,user6215@example.com,"{""role"": ""user"", ""level"": 0}"
u6216,User 6216,user6216@example.com,"{""role"": ""user"", ""level"": 1}"
u6217,User 6217,user6217@example.com,"{""role"": ""user"", ""level"": 2}"
u6218,User 6218,user6218@example.com,"{""role"": ""user"", ""level"": 3}"
u6219,User 6219,user6219@example.com,"{""role"": ""user"", ""level"": 4}"
u6220,User 6220,user6220@example.com,"{""role"": ""user"", ""level"": 0}"
u6221,User 6221,user6221@example.com,"{""role"": ""user"", ""level"": 1}"
u6222,User 6222,user6222@example.com,"{""role"": ""user"", ""level"": 2}"
u6223,User 6223,user6223@example.com,"{""role"": ""user"", ""level"": 3}"
u6224,User 6224,user6224@example.com,"{""role"": ""user"", ""level"": 4}"
u6225,User 6225,user6225@example.com,"{""role"": ""user"", ""level"": 0}"
u6226,User 6226,user6226@example.com,"{""role"": ""user"", ""level"": 1}"
u6227,User 6227,user6227@example.com,"{""role"": ""user"", ""level"": 2}"
u6228,User 6228,user6228@example.com,"{""role"": ""user"", ""level"": 3}"
u6229,User 6229,user6229@example.com,"{""role"": ""user"", ""level"": 4}"
u6230,User 6230,user6230@example.com,"{""role"": ""user"", ""level"": 0}"
u6231,User 6231,user6231@example.com,"{""role"": ""user"", ""level"": 1}"
u6232,User 6232,user6232@example.com,"{""role"": ""user"", ""level"": 2}"
u6233,User 6233,user6233@example.com,"{""role"": ""user"", ""level"": 3}"
u6234,User 6234,user6234@example.com,"{""role"": ""user"", ""level"": 4}"
u6235,User 6235,user6235@example.com,"{""role"": ""user"", ""level"": 0}"
u6236,User 6236,user6236@example.com,"{""role"": ""user"", ""level"": 1}"
u6237,User 6237,user6237@example.com,"{""role"": ""user"", ""level"": 2}"
u6238,User 6238,user6238@example.com,"{""role"": ""user"", ""level"": 3}"
u6239,User 6239,user6239@example.com,"{""role"": ""user"", ""level"": 4}"
u6240,User 6240,user6240@example.com,"{""role"": ""user"", ""level"": 0}"
u6241,User 6241,user6241@example.com,"{""role"": ""user"", ""level"": 1}"
u6242,User 6242,user6242@example.com,"{""role"": ""user"", ""level"": 2}"
u6243,User 6243,user6243@example.com,"{""role"": ""user"", ""level"": 3}"
u6244,User 6244,user6244@example.com,"{""role"": ""user"", ""level"": 4}"
u6245,User 6245,user6245@example.com,"{""role"": ""user"", ""level"": 0}"
u6246,User 6246,user6246@example.com,"{""role"": ""user"", ""level"": 1}"
u6247,User 6247,user6247@example.com,"{""role"": ""user"", ""level"": 2}"
u6248,User 6248,user6248@example.com,"{""role"": ""user"", ""level"": 3}"
u6249,User 6249,user6249@example.com,"{""role"": ""user"", ""level"": 4}"
u6250,User 6250,user6250@example.com,"{""role"": ""user"", ""level"": 0}"
u6251,User 6251,user6251@example.com,"{""role"": ""user"", ""level"": 1}"
u6252,User 6252,user6252@example.com,"{""role"": ""user"", ""level"": 2}"
u6253,User 6253,user6253@example.com,"{""role"": ""user"", ""level"": 3}"
u6254,User 6254,user6254@example.com,"{""role"": ""user"", ""level"": 4}"
u6255,User 6255,user6255@example.com,"{""role"": ""user"", ""level"": 0}"
u6256,User 6256,user6256@example.com,"{""role"": ""user"", ""level"": 1}"
u6257,User 6257,user6257@example.com,"{""role"": ""user"", ""level"": 2}"
u6258,User 6258,user6258@example.com,"{""role"": ""user"", ""level"": 3}"
u6259,User 6259,user6259@example.com,"{""role"": ""user"", ""level"": 4}"
u6260,User 6260,user6260@example.com,"{""role"": ""user"", ""level"": 0}"
u6261,User 6261,user6261@example.com,"{""role"": ""user"", ""level"": 1}"
u6262,User 6262,user6262@example.com,"{""role"": ""user"", ""level"": 2}"
u6263,User 6263,user6263@example.com,"{""role"": ""user"", ""level"": 3}"
u6264,User 6264,user6264@example.com,"{""role"": ""user"", ""level"": 4}"
u6265,User 6265,user6265@example.com,"{""role"": ""user"", ""level"": 0}"
u6266,User 6266,user6266@example.com,"{""role"": ""user"", ""level"": 1}"
u6267,User 6267,user6267@example.com,"{""role"": ""user"", ""level"": 2}"
u6268,User 6268,user6268@example.com,"{""role"": ""user"", ""level"": 3}"
u6269,User 6269,user6269@example.com,"{""role"": ""user"", ""level"": 4}"
u6270,User 6270,user6270@example.com,"{""role"": ""user"", ""level"": 0}"
u6271,User 6271,user6271@example.com,"{""role"": ""user"", ""level"": 1}"
u6272,User 6272,user6272@example.com,"{""role"": ""user"", ""level"": 2}"
u6273,User 6273,user6273@example.com,"{""role"": ""user"", ""level"": 3}"
u6274,User 6274,user6274@example.com,"{""role"": ""user"", ""level"": 4}"
u6275,User 6275,user6275@example.com,"{""role"": ""user"", ""level"": 0}"
u6276,User 6276,user6276@example.com,"{""role"": ""user"", ""level"": 1}"
u6277,User 6277,user6277@example.com,"{""role"": ""user"", ""level"": 2}"
u6278,User 6278,user6278@example.com,"{""role"": ""user"", ""level"": 3}"
u6279,User 6279,user6279@example.com,"{""role"": ""user"", ""level"": 4}"
u6280,User 6280,user6280@example.com,"{""role"": ""user"", ""level"": 0}"
u6281,User 6281,user6281@example.com,"{""role"": ""user"", ""level"": 1}"
u6282,User 6282,user6282@example.com,"{""role"": ""user"", ""level"": 2}"
u6283,User 6283,user6283@example.com,"{""role"": ""user"", ""level"": 3}"
u6284,User 6284,user6284@example.com,"{""role"": ""user"", ""level"": 4}"
u6285,User 6285,user6285@example.com,"{""role"": ""user"", ""level"": 0}"
u6286,User 6286,user6286@example.com,"{""role"": ""user"", ""level"": 1}"
u6287,User 6287,user6287@example.com,"{""role"": ""user"", ""level"": 2}"
u6288,User 6288,user6288@example.com,"{""role"": ""user"", ""level"": 3}"
u6289,User 6289,user6289@example.com,"{""role"": ""user"", ""level"": 4}"
u6290,User 6290,user6290@example.com,"{""role"": ""user"", ""level"": 0}"
u6291,User 6291,user6291@example.com,"{""role"": ""user"", ""level"": 1}"
u6292,User 6292,user6292@example.com,"{""role"": ""user"", ""level"": 2}"
u6293,User 6293,user6293@example.com,"{""role"": ""user"", ""level"": 3}"
u6294,User 6294,user6294@example.com,"{""role"": ""user"", ""level"": 4}"
u6295,User 6295,user6295@example.com,"{""role"": ""user"", ""level"": 0}"
u6296,User 6296,user6296@example.com,"{""role"": ""user"", ""level"": 1}"
u6297,User 6297,user6297@example.com,"{""role"": ""user"", ""level"": 2}"
u6298,User 6298,user6298@example.com,"{""role"": ""user"", ""level"": 3}"
u6299,User 6299,user6299@example.com,"{""role"": ""user"", ""level"": 4}"
u6300,User 6300,user6300@example.com,"{""role"": ""user"", ""level"": 0}"
u6301,User 6301,user6301@example.com,"{""role"": ""user"", ""level"": 1}"
u6302,User 6302,user6302@example.com,"{""role"": ""user"", ""level"": 2}"
u6303,User 6303,user6303@example.com,"{""role"": ""user"", ""level"": 3}"
u6304,User 6304,user6304@example.com,"{""role"": ""user"", ""level"": 4}"
u6305,User 6305,user6305@example.com,"{""role"": ""user"", ""level"": 0}"
u6306,User 6306,user6306@example.com,"{""role"": ""user"", ""level"": 1}"
u6307,User 6307,user6307@example.com,"{""role"": ""user"", ""level"": 2}"
u6308,User 6308,user6308@example.com,"{""role"": ""user"", ""level"": 3}"
u6309,User 6309,user6309@example.com,"{""role"": ""user"", ""level"": 4}"
u6310,User 6310,user6310@example.com,"{""role"": ""user"", ""level"": 0}"
u6311,User 6311,user6311@example.com,"{""role"": ""user"", ""level"": 1}"
u6312,User 6312,user6312@example.com,"{""role"": ""user"", ""level"": 2}"
u6313,User 6313,user6313@example.com,"{""role"": ""user"", ""level"": 3}"
u6314,User 6314,user6314@example.com,"{""role"": ""user"", ""level"": 4}"
u6315,User 6315,user6315@example.com,"{""role"": ""user"", ""level"": 0}"
u6316,User 6316,user6316@example.com,"{""role"": ""user"", ""level"": 1}"
u6317,User 6317,user6317@example.com,"{""role"": ""user"", ""level"": 2}"
u6318,User 6318,user6318@example.com,"{""role"": ""user"", ""level"": 3}"
u6319,User 6319,user6319@example.com,"{""role"": ""user"", ""level"": 4}"
u6320,User 6320,user6320@example.com,"{""role"": ""user"", ""level"": 0}"
u6321,User 6321,user6321@example.com,"{""role"": ""user"", ""level"": 1}"
u6322,User 6322,user6322@example.com,"{""role"": ""user"", ""level"": 2}"
u6323,User 6323,user6323@example.com,"{""role"": ""user"", ""level"": 3}"
u6324,User 6324,user6324@example.com,"{""role"": ""user"", ""level"": 4}"
u6325,User 6325,user6325@example.com,"{""role"": ""user"", ""level"": 0}"
u6326,User 6326,user6326@example.com,"{""role"": ""user"", ""level"": 1}"
u6327,User 6327,user6327@example.com,"{""role"": ""user"", ""level"": 2}"
u6328,User 6328,user6328@example.com,"{""role"": ""user"", ""level"": 3}"
u6329,User 6329,user6329@example.com,"{""role"": ""user"", ""level"": 4}"
u6330,User 6330,user6330@example.com,"{""role"": ""user"", ""level"": 0}"
u6331,User 6331,user6331@example.com,"{""role"": ""user"", ""level"": 1}"
u6332,User 6332,user6332@example.com,"{""role"": ""user"", ""level"": 2}"
u6333,User 6333,user6333@example.com,"{""role"": ""user"", ""level"": 3}"
u6334,User 6334,user6334@example.com,"{""role"": ""user"", ""level"": 4}"
u6335,User 6335,user6335@example.com,"{""role"": ""user"", ""level"": 0}"
u6336,User 6336,user6336@example.com,"{""role"": ""user"", ""level"": 1}"
u6337,User 6337,user6337@example.com,"{""role"": ""user"", ""level"": 2}"
u6338,User 6338,user6338@example.com,"{""role"": ""user"", ""level"": 3}"
u6339,User 6339,user6339@example.com,"{""role"": ""user"", ""level"": 4}"
u6340,User 6340,user6340@example.com,"{""role"": ""user"", ""level"": 0}"
u6341,User 6341,user6341@example.com,"{""role"": ""user"", ""level"": 1}"
u6342,User 6342,user6342@example.com,"{""role"": ""user"", ""level"": 2}"
u6343,User 6343,user6343@example.com,"{""role"": ""user"", ""level"": 3}"
u6344,User 6344,user6344@example.com,"{""role"": ""user"", ""level"": 4}"
u6345,User 6345,user6345@example.com,"{""role"": ""user"", ""level"": 0}"
u6346,User 6346,user6346@example.com,"{""role"": ""user"", ""level"": 1}"
u6347,User 6347,user6347@example.com,"{""role"": ""user"", ""level"": 2}"
u6348,User 6348,user6348@example.com,"{""role"": ""user"", ""level"": 3}"
u6349,User 6349,user6349@example.com,"{""role"": ""user"", ""level"": 4}"
u6350,User 6350,user6350@example.com,"{""role"": ""user"", ""level"": 0}"
u6351,User 6351,user6351@example.com,"{""role"": ""user"", ""level"": 1}"
u6352,User 6352,user6352@example.com,"{""role"": ""user"", ""level"": 2}"
u6353,User 6353,user6353@example.com,"{""role"": ""user"", ""level"": 3}"
u6354,User 6354,user6354@example.com,"{""role"": ""user"", ""level"": 4}"
u6355,User 6355,user6355@example.com,"{""role"": ""user"", ""level"": 0}"
u6356,User 6356,user6356@example.com,"{""role"": ""user"", ""level"": 1}"
u6357,User 6357,user6357@example.com,"{""role"": ""user"", ""level"": 2}"
u6358,User 6358,user6358@example.com,"{""role"": ""user"", ""level"": 3}"
u6359,User 6359,user6359@example.com,"{""role"": ""user"", ""level"": 4}"
u6360,User 6360,user6360@example.com,"{""role"": ""user"", ""level"": 0}"
u6361,User 6361,user6361@example.com,"{""role"": ""user"", ""level"": 1}"
u6362,User 6362,user6362@example.com,"{""role"": ""user"", ""level"": 2}"
u6363,User 6363,user6363@example.com,"{""role"": ""user"", ""level"": 3}"
u6364,User 6364,user6364@example.com,"{""role"": ""user"", ""level"": 4}"
u6365,User 6365,user6365@example.com,"{""role"": ""user"", ""level"": 0}"
u6366,User 6366,user6366@example.com,"{""role"": ""user"", ""level"": 1}"
u6367,User 6367,user6367@example.com,"{""role"": ""user"", ""level"": 2}"
u6368,User 6368,user6368@example.com,"{""role"": ""user"", ""level"": 3}"
u6369,User 6369,user6369@example.com,"{""role"": ""user"", ""level"": 4}"
u6370,User 6370,user6370@example.com,"{""role"": ""user"", ""level"": 0}"
u6371,User 6371,user6371@example.com,"{""role"": ""user"", ""level"": 1}"
u6372,User 6372,user6372@example.com,"{""role"": ""user"", ""level"": 2}"
u6373,User 6373,user6373@example.com,"{""role"": ""user"", ""level"": 3}"
u6374,User 6374,user6374@example.com,"{""role"": ""user"", ""level"": 4}"
u6375,User 6375,user6375@example.com,"{""role"": ""user"", ""level"": 0}"
u6376,User 6376,user6376@example.com,"{""role"": ""user"", ""level"": 1}"
u6377,User 6377,user6377@example.com,"{""role"": ""user"", ""level"": 2}"
u6378,User 6378,user6378@example.com,"{""role"": ""user"", ""level"": 3}"
u6379,User 6379,user6379@example.com,"{""role"": ""user"", ""level"": 4}"
u6380,User 6380,user6380@example.com,"{""role"": ""user"", ""level"": 0}"
u6381,User 6381,user6381@example.com,"{""role"": ""user"", ""level"": 1}"
u6382,User 6382,user6382@example.com,"{""role"": ""user"", ""level"": 2}"
u6383,User 6383,user6383@example.com,"{""role"": ""user"", ""level"": 3}"
u6384,User 6384,user6384@example.com,"{""role"": ""user"", ""level"": 4}"
u6385,User 6385,user6385@example.com,"{""role"": ""user"", ""level"": 0}"
u6386,User 6386,user6386@example.com,"{""role"": ""user"", ""level"": 1}"
u6387,User 6387,user6387@example.com,"{""role"": ""user"", ""level"": 2}"
u6388,User 6388,user6388@example.com,"{""role"": ""user"", ""level"": 3}"
u6389,User 6389,user6389@example.com,"{""role"": ""user"", ""level"": 4}"
u6390,User 6390,user6390@example.com,"{""role"": ""user"", ""level"": 0}"
u6391,User 6391,user6391@example.com,"{""role"": ""user"", ""level"": 1}"
u6392,User 6392,user6392@example.com,"{""role"": ""user"", ""level"": 2}"
u6393,User 6393,user6393@example.com,"{""role"": ""user"", ""level"": 3}"
u6394,User 6394,user6394@example.com,"{""role"": ""user"", ""level"": 4}"
u6395,User 6395,user6395@example.com,"{""role"": ""user"", ""level"": 0}"
u6396,User 6396,user6396@example.com,"{""role"": ""user"", ""level"": 1}"
u6397,User 6397,user6397@example.com,"{""role"": ""user"", ""level"": 2}"
u6398,User 6398,user6398@example.com,"{""role"": ""user"", ""level"": 3}"
u6399,User 6399,user6399@example.com,"{""role"": ""user"", ""level"": 4}"
u6400,User 6400,user6400@example.com,"{""role"": ""user"", ""level"": 0}"
u6401,User 6401,user6401@example.com,"{""role"": ""user"", ""level"": 1}"
u6402,User 6402,user6402@example.com,"{""role"": ""user"", ""level"": 2}"
u6403,User 6403,user6403@example.com,"{""role"": ""user"", ""level"": 3}"
u6404,User 6404,user6404@example.com,"{""role"": ""user"", ""level"": 4}"
u6405,User 6405,user6405@example.com,"{""role"": ""user"", ""level"": 0}"
u6406,User 6406,user6406@example.com,"{""role"": ""user"", ""level"": 1}"
u6407,User 6407,user6407@example.com,"{""role"": ""user"", ""level"": 2}"
u6408,User 6408,user6408@example.com,"{""role"": ""user"", ""level"": 3}"
u6409,User 6409,user6409@example.com,"{""role"": ""user"", ""level"": 4}"
u6410,User 6410,user6410@example.com,"{""role"": ""user"", ""level"": 0}"
u6411,User 6411,user6411@example.com,"{""role"": ""user"", ""level"": 1}"
u6412,User 6412,user6412@example.com,"{""role"": ""user"", ""level"": 2}"
u6413,User 6413,user6413@example.com,"{""role"": ""user"", ""level"": 3}"
u6414,User 6414,user6414@example.com,"{""role"": ""user"", ""level"": 4}"
u6415,User 6415,user6415@example.com,"{""role"": ""user"", ""level"": 0}"
u6416,User 6416,user6416@example.com,"{""role"": ""user"", ""level"": 1}"
u6417,User 6417,user6417@example.com,"{""role"": ""user"", ""level"": 2}"
u6418,User 6418,user6418@example.com,"{""role"": ""user"", ""level"": 3}"
u6419,User 6419,user6419@example.com,"{""role"": ""user"", ""level"": 4}"
u6420,User 6420,user6420@example.com,"{""role"": ""user"", ""level"": 0}"
u6421,User 6421,user6421@example.com,"{""role"": ""user"", ""level"": 1}"
u6422,User 6422,user6422@example.com,"{""role"": ""user"", ""level"": 2}"
u6423,User 6423,user6423@example.com,"{""role"": ""user"", ""level"": 3}"
u6424,User 6424,user6424@example.com,"{""role"": ""user"", ""level"": 4}"
u6425,User 6425,user6425@example.com,"{""role"": ""user"", ""level"": 0}"
u6426,User 6426,user6426@example.com,"{""role"": ""user"", ""level"": 1}"
u6427,User 6427,user6427@example.com,"{""role"": ""user"", ""level"": 2}"
u6428,User 6428,user6428@example.com,"{""role"": ""user"", ""level"": 3}"
u6429,User 6429,user6429@example.com,"{""role"": ""user"", ""level"": 4}"
u6430,User 6430,user6430@example.com,"{""role"": ""user"", ""level"": 0}"
u6431,User 6431,user6431@example.com,"{""role"": ""user"", ""level"": 1}"
u6432,User 6432,user6432@example.com,"{""role"": ""user"", ""level"": 2}"
u6433,User 6433,user6433@example.com,"{""role"": ""user"", ""level"": 3}"
u6434,User 6434,user6434@example.com,"{""role"": ""user"", ""level"": 4}"
u6435,User 6435,user6435@example.com,"{""role"": ""user"", ""level"": 0}"
u6436,User 6436,user6436@example.com,"{""role"": ""user"", ""level"": 1}"
u6437,User 6437,user6437@example.com,"{""role"": ""user"", ""level"": 2}"
u6438,User 6438,user6438@example.com,"{""role"": ""user"", ""level"": 3}"
u6439,User 6439,user6439@example.com,"{""role"": ""user"", ""level"": 4}"
u6440,User 6440,user6440@example.com,"{""role"": ""user"", ""level"": 0}"
u6441,User 6441,user6441@example.com,"{""role"": ""user"", ""level"": 1}"
u6442,User 6442,user6442@example.com,"{""role"": ""user"", ""level"": 2}"
u6443,User 6443,user6443@example.com,"{""role"": ""user"", ""level"": 3}"
u6444,User 6444,user6444@example.com,"{""role"": ""user"", ""level"": 4}"
u6445,User 6445,user6445@example.com,"{""role"": ""user"", ""level"": 0}"
u6446,User 6446,user6446@example.com,"{""role"": ""user"", ""level"": 1}"
u6447,User 6447,user6447@example.com,"{""role"": ""user"", ""level"": 2}"
u6448,User 6448,user6448@example.com,"{""role"": ""user"", ""level"": 3}"
u6449,User 6449,user6449@example.com,"{""role"": ""user"", ""level"": 4}"
u6450,User 6450,user6450@example.com,"{""role"": ""user"", ""level"": 0}"
u6451,User 6451,user6451@example.com,"{""role"": ""user"", ""level"": 1}"
u6452,User 6452,user6452@example.com,"{""role"": ""user"", ""level"": 2}"
u6453,User 6453,user6453@example.com,"{""role"": ""user"", ""level"": 3}"
u6454,User 6454,user6454@example.com,"{""role"": ""user"", ""level"": 4}"
u6455,User 6455,user6455@example.com,"{""role"": ""user"", ""level"": 0}"
u6456,User 6456,user6456@example.com,"{""role"": ""user"", ""level"": 1}"
u6457,User 6457,user6457@example.com,"{""role"": ""user"", ""level"": 2}"
u6458,User 6458,user6458@example.com,"{""role"": ""user"", ""level"": 3}"
u6459,User 6459,user6459@example.com,"{""role"": ""user"", ""level"": 4}"
u6460,User 6460,user6460@example.com,"{""role"": ""user"", ""level"": 0}"
u6461,User 6461,user6461@example.com,"{""role"": ""user"", ""level"": 1}"
u6462,User 6462,user6462@example.com,"{""role"": ""user"", ""level"": 2}"
u6463,User 6463,user6463@example.com,"{""role"": ""user"", ""level"": 3}"
u6464,User 6464,user6464@example.com,"{""role"": ""user"", ""level"": 4}"
u6465,User 6465,user6465@example.com,"{""role"": ""user"", ""level"": 0}"
u6466,User 6466,user6466@example.com,"{""role"": ""user"", ""level"": 1}"
u6467,User 6467,user6467@example.com,"{""role"": ""user"", ""level"": 2}"
u6468,User 6468,user6468@example.com,"{""role"": ""user"", ""level"": 3}"
u6469,User 6469,user6469@example.com,"{""role"": ""user"", ""level"": 4}"
u6470,User 6470,user6470@example.com,"{""role"": ""user"", ""level"": 0}"
u6471,User 6471,user6471@example.com,"{""role"": ""user"", ""level"": 1}"
u6472,User 6472,user6472@example.com,"{""role"": ""user"", ""level"": 2}"
u6473,User 6473,user6473@example.com,"{""role"": ""user"", ""level"": 3}"
u6474,User 6474,user6474@example.com,"{""role"": ""user"", ""level"": 4}"
u6475,User 6475,user6475@example.com,"{""role"": ""user"", ""level"": 0}"
u6476,User 6476,user6476@example.com,"{""role"": ""user"", ""level"": 1}"
u6477,User 6477,user6477@example.com,"{""role"": ""user"", ""level"": 2}"
u6478,User 6478,user6478@example.com,"{""role"": ""user"", ""level"": 3}"
u6479,User 6479,user6479@example.com,"{""role"": ""user"", ""level"": 4}"
u6480,User 6480,user6480@example.com,"{""role"": ""user"", ""level"": 0}"
u6481,User 6481,user6481@example.com,"{""role"": ""user"", ""level"": 1}"
u6482,User 6482,user6482@example.com,"{""role"": ""user"", ""level"": 2}"
u6483,User 6483,user6483@example.com,"{""role"": ""user"", ""level"": 3}"
u6484,User 6484,user6484@example.com,"{""role"": ""user"", ""level"": 4}"
u6485,User 6485,user6485@example.com,"{""role"": ""user"", ""level"": 0}"
u6486,User 6486,user6486@example.com,"{""role"": ""user"", ""level"": 1}"
u6487,User 6487,user6487@example.com,"{""role"": ""user"", ""level"": 2}"
u6488,User 6488,user6488@example.com,"{""role"": ""user"", ""level"": 3}"
u6489,User 6489,user6489@example.com,"{""role"": ""user"", ""level"": 4}"
u6490,User 6490,user6490@example.com,"{""role"": ""user"", ""level"": 0}"
u6491,User 6491,user6491@example.com,"{""role"": ""user"", ""level"": 1}"
u6492,User 6492,user6492@example.com,"{""role"": ""user"", ""level"": 2}"
u6493,User 6493,user6493@example.com,"{""role"": ""user"", ""level"": 3}"
u6494,User 6494,user6494@example.com,"{""role"": ""user"", ""level"": 4}"
u6495,User 6495,user6495@example.com,"{""role"": ""user"", ""level"": 0}"
u6496,User 6496,user6496@example.com,"{""role"": ""user"", ""level"": 1}"
u6497,User 6497,user6497@example.com,"{""role"": ""user"", ""level"": 2}"
u6498,User 6498,user6498@example.com,"{""role"": ""user"", ""level"": 3}"
u6499,User 6499,user6499@example.com,"{""role"": ""user"", ""level"": 4}"
u6500,User 6500,user6500@example.com,"{""role"": ""user"", ""level"": 0}"
u6501,User 6501,user6501@example.com,"{""role"": ""user"", ""level"": 1}"
u6502,User 6502,user6502@example.com,"{""role"": ""user"", ""level"": 2}"
u6503,User 6503,user6503@example.com,"{""role"": ""user"", ""level"": 3}"
u6504,User 6504,user6504@example.com,"{""role"": ""user"", ""level"": 4}"
u6505,User 6505,user6505@example.com,"{""role"": ""user"", ""level"": 0}"
u6506,User 6506,user6506@example.com,"{""role"": ""user"", ""level"": 1}"
u6507,User 6507,user6507@example.com,"{""role"": ""user"", ""level"": 2}"
u6508,User 6508,user6508@example.com,"{""role"": ""user"", ""level"": 3}"
u6509,User 6509,user6509@example.com,"{""role"": ""user"", ""level"": 4}"
u6510,User 6510,user6510@example.com,"{""role"": ""user"", ""level"": 0}"
u6511,User 6511,user6511@example.com,"{""role"": ""user"", ""level"": 1}"
u6512,User 6512,user6512@example.com,"{""role"": ""user"", ""level"": 2}"
u6513,User 6513,user6513@example.com,"{""role"": ""user"", ""level"": 3}"
u6514,User 6514,user6514@example.com,"{""role"": ""user"", ""level"": 4}"
u6515,User 6515,user6515@example.com,"{""role"": ""user"", ""level"": 0}"
u6516,User 6516,user6516@example.com,"{""role"": ""user"", ""level"": 1}"
u6517,User 6517,user6517@example.com,"{""role"": ""user"", ""level"": 2}"
u6518,User 6518,user6518@example.com,"{""role"": ""user"", ""level"": 3}"
u6519,User 6519,user6519@example.com,"{""role"": ""user"", ""level"": 4}"
u6520,User 6520,user6520@example.com,"{""role"": ""user"", ""level"": 0}"
u6521,User 6521,user6521@example.com,"{""role"": ""user"", ""level"": 1}"
u6522,User 6522,user6522@example.com,"{""role"": ""user"", ""level"": 2}"
u6523,User 6523,user6523@example.com,"{""role"": ""user"", ""level"": 3}"
u6524,User 6524,user6524@example.com,"{""role"": ""user"", ""level"": 4}"
u6525,User 6525,user6525@example.com,"{""role"": ""user"", ""level"": 0}"
u6526,User 6526,user6526@example.com,"{""role"": ""user"", ""level"": 1}"
u6527,User 6527,user6527@example.com,"{""role"": ""user"", ""level"": 2}"
u6528,User 6528,user6528@example.com,"{""role"": ""user"", ""level"": 3}"
u6529,User 6529,user6529@example.com,"{""role"": ""user"", ""level"": 4}"
u6530,User 6530,user6530@example.com,"{""role"": ""user"", ""level"": 0}"
u6531,User 6531,user6531@example.com,"{""role"": ""user"", ""level"": 1}"
u6532,User 6532,user6532@example.com,"{""role"": ""user"", ""level"": 2}"
u6533,User 6533,user6533@example.com,"{""role"": ""user"", ""level"": 3}"
u6534,User 6534,user6534@example.com,"{""role"": ""user"", ""level"": 4}"
u6535,User 6535,user6535@example.com,"{""role"": ""user"", ""level"": 0}"
u6536,User 6536,user6536@example.com,"{""role"": ""user"", ""level"": 1}"
u6537,User 6537,user6537@example.com,"{""role"": ""user"", ""level"": 2}"
u6538,User 6538,user6538@example.com,"{""role"": ""user"", ""level"": 3}"
u6539,User 6539,user6539@example.com,"{""role"": ""user"", ""level"": 4}"
u6540,User 6540,user6540@example.com,"{""role"": ""user"", ""level"": 0}"
u6541,User 6541,user6541@example.com,"{""role"": ""user"", ""level"": 1}"
u6542,User 6542,user6542@example.com,"{""role"": ""user"", ""level"": 2}"
u6543,User 6543,user6543@example.com,"{""role"": ""user"", ""level"": 3}"
u6544,User 6544,user6544@example.com,"{""role"": ""user"", ""level"": 4}"
u6545,User 6545,user6545@example.com,"{""role"": ""user"", ""level"": 0}"
u6546,User 6546,user6546@example.com,"{""role"": ""user"", ""level"": 1}"
u6547,User 6547,user6547@example.com,"{""role"": ""user"", ""level"": 2}"
u6548,User 6548,user6548@example.com,"{""role"": ""user"", ""level"": 3}"
u6549,User 6549,user6549@example.com,"{""role"": ""user"", ""level"": 4}"
u6550,User 6550,user6550@example.com,"{""role"": ""user"", ""level"": 0}"
u6551,User 6551,user6551@example.com,"{""role"": ""user"", ""level"": 1}"
u6552,User 6552,user6552@example.com,"{""role"": ""user"", ""level"": 2}"
u6553,User 6553,user6553@example.com,"{""role"": ""user"", ""level"": 3}"
u6554,User 6554,user6554@example.com,"{""role"": ""user"", ""level"": 4}"
u6555,User 6555,user6555@example.com,"{""role"": ""user"", ""level"": 0}"
u6556,User 6556,user6556@example.com,"{""role"": ""user"", ""level"": 1}"
u6557,User 6557,user6557@example.com,"{""role"": ""user"", ""level"": 2}"
u6558,User 6558,user6558@example.com,"{""role"": ""user"", ""level"": 3}"
u6559,User 6559,user6559@example.com,"{""role"": ""user"", ""level"": 4}"
u6560,User 6560,user6560@example.com,"{""role"": ""user"", ""level"": 0}"
u6561,User 6561,user6561@example.com,"{""role"": ""user"", ""level"": 1}"
u6562,User 6562,user6562@example.com,"{""role"": ""user"", ""level"": 2}"
u6563,User 6563,user6563@example.com,"{""role"": ""user"", ""level"": 3}"
u6564,User 6564,user6564@example.com,"{""role"": ""user"", ""level"": 4}"
u6565,User 6565,user6565@example.com,"{""role"": ""user"", ""level"": 0}"
u6566,User 6566,user6566@example.com,"{""role"": ""user"", ""level"": 1}"
u6567,User 6567,user6567@example.com,"{""role"": ""user"", ""level"": 2}"
u6568,User 6568,user6568@example.com,"{""role"": ""user"", ""level"": 3}"
u6569,User 6569,user6569@example.com,"{""role"": ""user"", ""level"": 4}"
u6570,User 6570,user6570@example.com,"{""role"": ""user"", ""level"": 0}"
u6571,User 6571,user6571@example.com,"{""role"": ""user"", ""level"": 1}"
u6572,User 6572,user6572@example.com,"{""role"": ""user"", ""level"": 2}"
u6573,User 6573,user6573@example.com,"{""role"": ""user"", ""level"": 3}"
u6574,User 6574,user6574@example.com,"{""role"": ""user"", ""level"": 4}"
u6575,User 6575,user6575@example.com,"{""role"": ""user"", ""level"": 0}"
u6576,User 6576,user6576@example.com,"{""role"": ""user"", ""level"": 1}"
u6577,User 6577,user6577@example.com,"{""role"": ""user"", ""level"": 2}"
u6578,User 6578,user6578@example.com,"{""role"": ""user"", ""level"": 3}"
u6579,User 6579,user6579@example.com,"{""role"": ""user"", ""level"": 4}"
u6580,User 6580,user6580@example.com,"{""role"": ""user"", ""level"": 0}"
u6581,User 6581,user6581@example.com,"{""role"": ""user"", ""level"": 1}"
u6582,User 6582,user6582@example.com,"{""role"": ""user"", ""level"": 2}"
u6583,User 6583,user6583@example.com,"{""role"": ""user"", ""level"": 3}"
u6584,User 6584,user6584@example.com,"{""role"": ""user"", ""level"": 4}"
u6585,User 6585,user6585@example.com,"{""role"": ""user"", ""level"": 0}"
u6586,User 6586,user6586@example.com,"{""role"": ""user"", ""level"": 1}"
u6587,User 6587,user6587@example.com,"{""role"": ""user"", ""level"": 2}"
u6588,User 6588,user6588@example.com,"{""role"": ""user"", ""level"": 3}"
u6589,User 6589,user6589@example.com,"{""role"": ""user"", ""level"": 4}"
u6590,User 6590,user6590@example.com,"{""role"": ""user"", ""level"": 0}"
u6591,User 6591,user6591@example.com,"{""role"": ""user"", ""level"": 1}"
u6592,User 6592,user6592@example.com,"{""role"": ""user"", ""level"": 2}"
u6593,User 6593,user6593@example.com,"{""role"": ""user"", ""level"": 3}"
u6594,User 6594,user6594@example.com,"{""role"": ""user"", ""level"": 4}"
u6595,User 6595,user6595@example.com,"{""role"": ""user"", ""level"": 0}"
u6596,User 6596,user6596@example.com,"{""role"": ""user"", ""level"": 1}"
u6597,User 6597,user6597@example.com,"{""role"": ""user"", ""level"": 2}"
u6598,User 6598,user6598@example.com,"{""role"": ""user"", ""level"": 3}"
u6599,User 6599,user6599@example.com,"{""role"": ""user"", ""level"": 4}"
u6600,User 6600,user6600@example.com,"{""role"": ""user"", ""level"": 0}"
u6601,User 6601,user6601@example.com,"{""role"": ""user"", ""level"": 1}"
u6602,User 6602,user6602@example.com,"{""role"": ""user"", ""level"": 2}"
u6603,User 6603,user6603@example.com,"{""role"": ""user"", ""level"": 3}"
u6604,User 6604,user6604@example.com,"{""role"": ""user"", ""level"": 4}"
u6605,User 6605,user6605@example.com,"{""role"": ""user"", ""level"": 0}"
u6606,User 6606,user6606@example.com,"{""role"": ""user"", ""level"": 1}"
u6607,User 6607,user6607@example.com,"{""role"": ""user"", ""level"": 2}"
u6608,User 6608,user6608@example.com,"{""role"": ""user"", ""level"": 3}"
u6609,User 6609,user6609@example.com,"{""role"": ""user"", ""level"": 4}"
u6610,User 6610,user6610@example.com,"{""role"": ""user"", ""level"": 0}"
u6611,User 6611,user6611@example.com,"{""role"": ""user"", ""level"": 1}"
u6612,User 6612,user6612@example.com,"{""role"": ""user"", ""level"": 2}"
u6613,User 6613,user6613@example.com,"{""role"": ""user"", ""level"": 3}"
u6614,User 6614,user6614@example.com,"{""role"": ""user"", ""level"": 4}"
u6615,User 6615,user6615@example.com,"{""role"": ""user"", ""level"": 0}"
u6616,User 6616,user6616@example.com,"{""role"": ""user"", ""level"": 1}"
u6617,User 6617,user6617@example.com,"{""role"": ""user"", ""level"": 2}"
u6618,User 6618,user6618@example.com,"{""role"": ""user"", ""level"": 3}"
u6619,User 6619,user6619@example.com,"{""role"": ""user"", ""level"": 4}"
u6620,User 6620,user6620@example.com,"{""role"": ""user"", ""level"": 0}"
u6621,User 6621,user6621@example.com,"{""role"": ""user"", ""level"": 1}"
u6622,User 6622,user6622@example.com,"{""role"": ""user"", ""level"": 2}"
u6623,User 6623,user6623@example.com,"{""role"": ""user"", ""level"": 3}"
u6624,User 6624,user6624@example.com,"{""role"": ""user"", ""level"": 4}"
u6625,User 6625,user6625@example.com,"{""role"": ""user"", ""level"": 0}"
u6626,User 6626,user6626@example.com,"{""role"": ""user"", ""level"": 1}"
u6627,User 6627,user6627@example.com,"{""role"": ""user"", ""level"": 2}"
u6628,User 6628,user6628@example.com,"{""role"": ""user"", ""level"": 3}"
u6629,User 6629,user6629@example.com,"{""role"": ""user"", ""level"": 4}"
u6630,User 6630,user6630@example.com,"{""role"": ""user"", ""level"": 0}"
u6631,User 6631,user6631@example.com,"{""role"": ""user"", ""level"": 1}"
u6632,User 6632,user6632@example.com,"{""role"": ""user"", ""level"": 2}"
u6633,User 6633,user6633@example.com,"{""role"": ""user"", ""level"": 3}"
u6634,User 6634,user6634@example.com,"{""role"": ""user"", ""level"": 4}"
u6635,User 6635,user6635@example.com,"{""role"": ""user"", ""level"": 0}"
u6636,User 6636,user6636@example.com,"{""role"": ""user"", ""level"": 1}"
u6637,User 6637,user6637@example.com,"{""role"": ""user"", ""level"": 2}"
u6638,User 6638,user6638@example.com,"{""role"": ""user"", ""level"": 3}"
u6639,User 6639,user6639@example.com,"{""role"": ""user"", ""level"": 4}"
u6640,User 6640,user6640@example.com,"{""role"": ""user"", ""level"": 0}"
u6641,User 6641,user6641@example.com,"{""role"": ""user"", ""level"": 1}"
u6642,User 6642,user6642@example.com,"{""role"": ""user"", ""level"": 2}"
u6643,User 6643,user6643@example.com,"{""role"": ""user"", ""level"": 3}"
u6644,User 6644,user6644@example.com,"{""role"": ""user"", ""level"": 4}"
u6645,User 6645,user6645@example.com,"{""role"": ""user"", ""level"": 0}"
u6646,User 6646,user6646@example.com,"{""role"": ""user"", ""level"": 1}"
u6647,User 6647,user6647@example.com,"{""role"": ""user"", ""level"": 2}"
u6648,User 6648,user6648@example.com,"{""role"": ""user"", ""level"": 3}"
u6649,User 6649,user6649@example.com,"{""role"": ""user"", ""level"": 4}"
u6650,User 6650,user6650@example.com,"{""role"": ""user"", ""level"": 0}"
u6651,User 6651,user6651@example.com,"{""role"": ""user"", ""level"": 1}"
u6652,User 6652,user6652@example.com,"{""role"": ""user"", ""level"": 2}"
u6653,User 6653,user6653@example.com,"{""role"": ""user"", ""level"": 3}"
u6654,User 6654,user6654@example.com,"{""role"": ""user"", ""level"": 4}"
u6655,User 6655,user6655@example.com,"{""role"": ""user"", ""level"": 0}"
u6656,User 6656,user6656@example.com,"{""role"": ""user"", ""level"": 1}"
u6657,User 6657,user6657@example.com,"{""role"": ""user"", ""level"": 2}"
u6658,User 6658,user6658@example.com,"{""role"": ""user"", ""level"": 3}"
u6659,User 6659,user6659@example.com,"{""role"": ""user"", ""level"": 4}"
u6660,User 6660,user6660@example.com,"{""role"": ""user"", ""level"": 0}"
u6661,User 6661,user6661@example.com,"{""role"": ""user"", ""level"": 1}"
u6662,User 6662,user6662@example.com,"{""role"": ""user"", ""level"": 2}"
u6663,User 6663,user6663@example.com,"{""role"": ""user"", ""level"": 3}"
u6664,User 6664,user6664@example.com,"{""role"": ""user"", ""level"": 4}"
u6665,User 6665,user6665@example.com,"{""role"": ""user"", ""level"": 0}"
u6666,User 6666,user6666@example.com,"{""role"": ""user"", ""level"": 1}"
u6667,User 6667,user6667@example.com,"{""role"": ""user"", ""level"": 2}"
u6668,User 6668,user6668@example.com,"{""role"": ""user"", ""level"": 3}"
u6669,User 6669,user6669@example.com,"{""role"": ""user"", ""level"": 4}"
u6670,User 6670,user6670@example.com,"{""role"": ""user"", ""level"": 0}"
u6671,User 6671,user6671@example.com,"{""role"": ""user"", ""level"": 1}"
u6672,User 6672,user6672@example.com,"{""role"": ""user"", ""level"": 2}"
u6673,User 6673,user6673@example.com,"{""role"": ""user"", ""level"": 3}"
u6674,User 6674,user6674@example.com,"{""role"": ""user"", ""level"": 4}"
u6675,User 6675,user6675@example.com,"{""role"": ""user"", ""level"": 0}"
u6676,User 6676,user6676@example.com,"{""role"": ""user"", ""level"": 1}"
u6677,User 6677,user6677@example.com,"{""role"": ""user"", ""level"": 2}"
u6678,User 6678,user6678@example.com,"{""role"": ""user"", ""level"": 3}"
u6679,User 6679,user6679@example.com,"{""role"": ""user"", ""level"": 4}"
u6680,User 6680,user6680@example.com,"{""role"": ""user"", ""level"": 0}"
u6681,User 6681,user6681@example.com,"{""role"": ""user"", ""level"": 1}"
u6682,User 6682,user6682@example.com,"{""role"": ""user"", ""level"": 2}"
u6683,User 6683,user6683@example.com,"{""role"": ""user"", ""level"": 3}"
u6684,User 6684,user6684@example.com,"{""role"": ""user"", ""level"": 4}"
u6685,User 6685,user6685@example.com,"{""role"": ""user"", ""level"": 0}"
u6686,User 6686,user6686@example.com,"{""role"": ""user"", ""level"": 1}"
u6687,User 6687,user6687@example.com,"{""role"": ""user"", ""level"": 2}"
u6688,User 6688,user6688@example.com,"{""role"": ""user"", ""level"": 3}"
u6689,User 6689,user6689@example.com,"{""role"": ""user"", ""level"": 4}"
u6690,User 6690,user6690@example.com,"{""role"": ""user"", ""level"": 0}"
u6691,User 6691,user6691@example.com,"{""role"": ""user"", ""level"": 1}"
u6692,User 6692,user6692@example.com,"{""role"": ""user"", ""level"": 2}"
u6693,User 6693,user6693@example.com,"{""role"": ""user"", ""level"": 3}"
u6694,User 6694,user6694@example.com,"{""role"": ""user"", ""level"": 4}"
u6695,User 6695,user6695@example.com,"{""role"": ""user"", ""level"": 0}"
u6696,User 6696,user6696@example.com,"{""role"": ""user"", ""level"": 1}"
u6697,User 6697,user6697@example.com,"{""role"": ""user"", ""level"": 2}"
u6698,User 6698,user6698@example.com,"{""role"": ""user"", ""level"": 3}"
u6699,User 6699,user6699@example.com,"{""role"": ""user"", ""level"": 4}"
u6700,User 6700,user6700@example.com,"{""role"": ""user"", ""level"": 0}"
u6701,User 6701,user6701@example.com,"{""role"": ""user"", ""level"": 1}"
u6702,User 6702,user6702@example.com,"{""role"": ""user"", ""level"": 2}"
u6703,User 6703,user6703@example.com,"{""role"": ""user"", ""level"": 3}"
u6704,User 6704,user6704@example.com,"{""role"": ""user"", ""level"": 4}"
u6705,User 6705,user6705@example.com,"{""role"": ""user"", ""level"": 0}"
u6706,User 6706,user6706@example.com,"{""role"": ""user"", ""level"": 1}"
u6707,User 6707,user6707@example.com,"{""role"": ""user"", ""level"": 2}"
u6708,User 6708,user6708@example.com,"{""role"": ""user"", ""level"": 3}"
u6709,User 6709,user6709@example.com,"{""role"": ""user"", ""level"": 4}"
u6710,User 6710,user6710@example.com,"{""role"": ""user"", ""level"": 0}"
u6711,User 6711,user6711@example.com,"{""role"": ""user"", ""level"": 1}"
u6712,User 6712,user6712@example.com,"{""role"": ""user"", ""level"": 2}"
u6713,User 6713,user6713@example.com,"{""role"": ""user"", ""level"": 3}"
u6714,User 6714,user6714@example.com,"{""role"": ""user"", ""level"": 4}"
u6715,User 6715,user6715@example.com,"{""role"": ""user"", ""level"": 0}"
u6716,User 6716,user6716@example.com,"{""role"": ""user"", ""level"": 1}"
u6717,User 6717,user6717@example.com,"{""role"": ""user"", ""level"": 2}"
u6718,User 6718,user6718@example.com,"{""role"": ""user"", ""level"": 3}"
u6719,User 6719,user6719@example.com,"{""role"": ""user"", ""level"": 4}"
u6720,User 6720,user6720@example.com,"{""role"": ""user"", ""level"": 0}"
u6721,User 6721,user6721@example.com,"{""role"": ""user"", ""level"": 1}"
u6722,User 6722,user6722@example.com,"{""role"": ""user"", ""level"": 2}"
u6723,User 6723,user6723@example.com,"{""role"": ""user"", ""level"": 3}"
u6724,User 6724,user6724@example.com,"{""role"": ""user"", ""level"": 4}"
u6725,User 6725,user6725@example.com,"{""role"": ""user"", ""level"": 0}"
u6726,User 6726,user6726@example.com,"{""role"": ""user"", ""level"": 1}"
u6727,User 6727,user6727@example.com,"{""role"": ""user"", ""level"": 2}"
u6728,User 6728,user6728@example.com,"{""role"": ""user"", ""level"": 3}"
u6729,User 6729,user6729@example.com,"{""role"": ""user"", ""level"": 4}"
u6730,User 6730,user6730@example.com,"{""role"": ""user"", ""level"": 0}"
u6731,User 6731,user6731@example.com,"{""role"": ""user"", ""level"": 1}"
u6732,User 6732,user6732@example.com,"{""role"": ""user"", ""level"": 2}"
u6733,User 6733,user6733@example.com,"{""role"": ""user"", ""level"": 3}"
u6734,User 6734,user6734@example.com,"{""role"": ""user"", ""level"": 4}"
u6735,User 6735,user6735@example.com,"{""role"": ""user"", ""level"": 0}"
u6736,User 6736,user6736@example.com,"{""role"": ""user"", ""level"": 1}"
u6737,User 6737,user6737@example.com,"{""role"": ""user"", ""level"": 2}"
u6738,User 6738,user6738@example.com,"{""role"": ""user"", ""level"": 3}"
u6739,User 6739,user6739@example.com,"{""role"": ""user"", ""level"": 4}"
u6740,User 6740,user6740@example.com,"{""role"": ""user"", ""level"": 0}"
u6741,User 6741,user6741@example.com,"{""role"": ""user"", ""level"": 1}"
u6742,User 6742,user6742@example.com,"{""role"": ""user"", ""level"": 2}"
u6743,User 6743,user6743@example.com,"{""role"": ""user"", ""level"": 3}"
u6744,User 6744,user6744@example.com,"{""role"": ""user"", ""level"": 4}"
u6745,User 6745,user6745@example.com,"{""role"": ""user"", ""level"": 0}"
u6746,User 6746,user6746@example.com,"{""role"": ""user"", ""level"": 1}"
u6747,User 6747,user6747@example.com,"{""role"": ""user"", ""level"": 2}"
u6748,User 6748,user6748@example.com,"{""role"": ""user"", ""level"": 3}"
u6749,User 6749,user6749@example.com,"{""role"": ""user"", ""level"": 4}"
u6750,User 6750,user6750@example.com,"{""role"": ""user"", ""level"": 0}"
u6751,User 6751,user6751@example.com,"{""role"": ""user"", ""level"": 1}"
u6752,User 6752,user6752@example.com,"{""role"": ""user"", ""level"": 2}"
u6753,User 6753,user6753@example.com,"{""role"": ""user"", ""level"": 3}"
u6754,User 6754,user6754@example.com,"{""role"": ""user"", ""level"": 4}"
u6755,User 6755,user6755@example.com,"{""role"": ""user"", ""level"": 0}"
u6756,User 6756,user6756@example.com,"{""role"": ""user"", ""level"": 1}"
u6757,User 6757,user6757@example.com,"{""role"": ""user"", ""level"": 2}"
u6758,User 6758,user6758@example.com,"{""role"": ""user"", ""level"": 3}"
u6759,User 6759,user6759@example.com,"{""role"": ""user"", ""level"": 4}"
u6760,User 6760,user6760@example.com,"{""role"": ""user"", ""level"": 0}"
u6761,User 6761,user6761@example.com,"{""role"": ""user"", ""level"": 1}"
u6762,User 6762,user6762@example.com,"{""role"": ""user"", ""level"": 2}"
u6763,User 6763,user6763@example.com,"{""role"": ""user"", ""level"": 3}"
u6764,User 6764,user6764@example.com,"{""role"": ""user"", ""level"": 4}"
u6765,User 6765,user6765@example.com,"{""role"": ""user"", ""level"": 0}"
u6766,User 6766,user6766@example.com,"{""role"": ""user"", ""level"": 1}"
u6767,User 6767,user6767@example.com,"{""role"": ""user"", ""level"": 2}"
u6768,User 6768,user6768@example.com,"{""role"": ""user"", ""level"": 3}"
u6769,User 6769,user6769@example.com,"{""role"": ""user"", ""level"": 4}"
u6770,User 6770,user6770@example.com,"{""role"": ""user"", ""level"": 0}"
u6771,User 6771,user6771@example.com,"{""role"": ""user"", ""level"": 1}"
u6772,User 6772,user6772@example.com,"{""role"": ""user"", ""level"": 2}"
u6773,User 6773,user6773@example.com,"{""role"": ""user"", ""level"": 3}"
u6774,User 6774,user6774@example.com,"{""role"": ""user"", ""level"": 4}"
u6775,User 6775,user6775@example.com,"{""role"": ""user"", ""level"": 0}"
u6776,User 6776,user6776@example.com,"{""role"": ""user"", ""level"": 1}"
u6777,User 6777,user6777@example.com,"{""role"": ""user"", ""level"": 2}"
u6778,User 6778,user6778@example.com,"{""role"": ""user"", ""level"": 3}"
u6779,User 6779,user6779@example.com,"{""role"": ""user"", ""level"": 4}"
u6780,User 6780,user6780@example.com,"{""role"": ""user"", ""level"": 0}"
u6781,User 6781,user6781@example.com,"{""role"": ""user"", ""level"": 1}"
u6782,User 6782,user6782@example.com,"{""role"": ""user"", ""level"": 2}"
u6783,User 6783,user6783@example.com,"{""role"": ""user"", ""level"": 3}"
u6784,User 6784,user6784@example.com,"{""role"": ""user"", ""level"": 4}"
u6785,User 6785,user6785@example.com,"{""role"": ""user"", ""level"": 0}"
u6786,User 6786,user6786@example.com,"{""role"": ""user"", ""level"": 1}"
u6787,User 6787,user6787@example.com,"{""role"": ""user"", ""level"": 2}"
u6788,User 6788,user6788@example.com,"{""role"": ""user"", ""level"": 3}"
u6789,User 6789,user6789@example.com,"{""role"": ""user"", ""level"": 4}"
u6790,User 6790,user6790@example.com,"{""role"": ""user"", ""level"": 0}"
u6791,User 6791,user6791@example.com,"{""role"": ""user"", ""level"": 1}"
u6792,User 6792,user6792@example.com,"{""role"": ""user"", ""level"": 2}"
u6793,User 6793,user6793@example.com,"{""role"": ""user"", ""level"": 3}"
u6794,User 6794,user6794@example.com,"{""role"": ""user"", ""level"": 4}"
u6795,User 6795,user6795@example.com,"{""role"": ""user"", ""level"": 0}"
u6796,User 6796,user6796@example.com,"{""role"": ""user"", ""level"": 1}"
u6797,User 6797,user6797@example.com,"{""role"": ""user"", ""level"": 2}"
u6798,User 6798,user6798@example.com,"{""role"": ""user"", ""level"": 3}"
u6799,User 6799,user6799@example.com,"{""role"": ""user"", ""level"": 4}"
u6800,User 6800,user6800@example.com,"{""role"": ""user"", ""level"": 0}"
u6801,User 6801,user6801@example.com,"{""role"": ""user"", ""level"": 1}"
u6802,User 6802,user6802@example.com,"{""role"": ""user"", ""level"": 2}"
u6803,User 6803,user6803@example.com,"{""role"": ""user"", ""level"": 3}"
u6804,User 6804,user6804@example.com,"{""role"": ""user"", ""level"": 4}"
u6805,User 6805,user6805@example.com,"{""role"": ""user"", ""level"": 0}"
u6806,User 6806,user6806@example.com,"{""role"": ""user"", ""level"": 1}"
u6807,User 6807,user6807@example.com,"{""role"": ""user"", ""level"": 2}"
u6808,User 6808,user6808@example.com,"{""role"": ""user"", ""level"": 3}"
u6809,User 6809,user6809@example.com,"{""role"": ""user"", ""level"": 4}"
u6810,User 6810,user6810@example.com,"{""role"": ""user"", ""level"": 0}"
u6811,User 6811,user6811@example.com,"{""role"": ""user"", ""level"": 1}"
u6812,User 6812,user6812@example.com,"{""role"": ""user"", ""level"": 2}"
u6813,User 6813,user6813@example.com,"{""role"": ""user"", ""level"": 3}"
u6814,User 6814,user6814@example.com,"{""role"": ""user"", ""level"": 4}"
u6815,User 6815,user6815@example.com,"{""role"": ""user"", ""level"": 0}"
u6816,User 6816,user6816@example.com,"{""role"": ""user"", ""level"": 1}"
u6817,User 6817,user6817@example.com,"{""role"": ""user"", ""level"": 2}"
u6818,User 6818,user6818@example.com,"{""role"": ""user"", ""level"": 3}"
u6819,User 6819,user6819@example.com,"{""role"": ""user"", ""level"": 4}"
u6820,User 6820,user6820@example.com,"{""role"": ""user"", ""level"": 0}"
u6821,User 6821,user6821@example.com,"{""role"": ""user"", ""level"": 1}"
u6822,User 6822,user6822@example.com,"{""role"": ""user"", ""level"": 2}"
u6823,User 6823,user6823@example.com,"{""role"": ""user"", ""level"": 3}"
u6824,User 6824,user6824@example.com,"{""role"": ""user"", ""level"": 4}"
u6825,User 6825,user6825@example.com,"{""role"": ""user"", ""level"": 0}"
u6826,User 6826,user6826@example.com,"{""role"": ""user"", ""level"": 1}"
u6827,User 6827,user6827@example.com,"{""role"": ""user"", ""level"": 2}"
u6828,User 6828,user6828@example.com,"{""role"": ""user"", ""level"": 3}"
u6829,User 6829,user6829@example.com,"{""role"": ""user"", ""level"": 4}"
u6830,User 6830,user6830@example.com,"{""role"": ""user"", ""level"": 0}"
u6831,User 6831,user6831@example.com,"{""role"": ""user"", ""level"": 1}"
u6832,User 6832,user6832@example.com,"{""role"": ""user"", ""level"": 2}"
u6833,User 6833,user6833@example.com,"{""role"": ""user"", ""level"": 3}"
u6834,User 6834,user6834@example.com,"{""role"": ""user"", ""level"": 4}"
u6835,User 6835,user6835@example.com,"{""role"": ""user"", ""level"": 0}"
u6836,User 6836,user6836@example.com,"{""role"": ""user"", ""level"": 1}"
u6837,User 6837,user6837@example.com,"{""role"": ""user"", ""level"": 2}"
u6838,User 6838,user6838@example.com,"{""role"": ""user"", ""level"": 3}"
u6839,User 6839,user6839@example.com,"{""role"": ""user"", ""level"": 4}"
u6840,User 6840,user6840@example.com,"{""role"": ""user"", ""level"": 0}"
u6841,User 6841,user6841@example.com,"{""role"": ""user"", ""level"": 1}"
u6842,User 6842,user6842@example.com,"{""role"": ""user"", ""level"": 2}"
u6843,User 6843,user6843@example.com,"{""role"": ""user"", ""level"": 3}"
u6844,User 6844,user6844@example.com,"{""role"": ""user"", ""level"": 4}"
u6845,User 6845,user6845@example.com,"{""role"": ""user"", ""level"": 0}"
u6846,User 6846,user6846@example.com,"{""role"": ""user"", ""level"": 1}"
u6847,User 6847,user6847@example.com,"{""role"": ""user"", ""level"": 2}"
u6848,User 6848,user6848@example.com,"{""role"": ""user"", ""level"": 3}"
u6849,User 6849,user6849@example.com,"{""role"": ""user"", ""level"": 4}"
u6850,User 6850,user6850@example.com,"{""role"": ""user"", ""level"": 0}"
u6851,User 6851,user6851@example.com,"{""role"": ""user"", ""level"": 1}"
u6852,User 6852,user6852@example.com,"{""role"": ""user"", ""level"": 2}"
u6853,User 6853,user6853@example.com,"{""role"": ""user"", ""level"": 3}"
u6854,User 6854,user6854@example.com,"{""role"": ""user"", ""level"": 4}"
u6855,User 6855,user6855@example.com,"{""role"": ""user"", ""level"": 0}"
u6856,User 6856,user6856@example.com,"{""role"": ""user"", ""level"": 1}"
u6857,User 6857,user6857@example.com,"{""role"": ""user"", ""level"": 2}"
u6858,User 6858,user6858@example.com,"{""role"": ""user"", ""level"": 3}"
u6859,User 6859,user6859@example.com,"{""role"": ""user"", ""level"": 4}"
u6860,User 6860,user6860@example.com,"{""role"": ""user"", ""level"": 0}"
u6861,User 6861,user6861@example.com,"{""role"": ""user"", ""level"": 1}"
u6862,User 6862,user6862@example.com,"{""role"": ""user"", ""level"": 2}"
u6863,User 6863,user6863@example.com,"{""role"": ""user"", ""level"": 3}"
u6864,User 6864,user6864@example.com,"{""role"": ""user"", ""level"": 4}"
u6865,User 6865,user6865@example.com,"{""role"": ""user"", ""level"": 0}"
u6866,User 6866,user6866@example.com,"{""role"": ""user"", ""level"": 1}"
u6867,User 6867,user6867@example.com,"{""role"": ""user"", ""level"": 2}"
u6868,User 6868,user6868@example.com,"{""role"": ""user"", ""level"": 3}"
u6869,User 6869,user6869@example.com,"{""role"": ""user"", ""level"": 4}"
u6870,User 6870,user6870@example.com,"{""role"": ""user"", ""level"": 0}"
u6871,User 6871,user6871@example.com,"{""role"": ""user"", ""level"": 1}"
u6872,User 6872,user6872@example.com,"{""role"": ""user"", ""level"": 2}"
u6873,User 6873,user6873@example.com,"{""role"": ""user"", ""level"": 3}"
u6874,User 6874,user6874@example.com,"{""role"": ""user"", ""level"": 4}"
u6875,User 6875,user6875@example.com,"{""role"": ""user"", ""level"": 0}"
u6876,User 6876,user6876@example.com,"{""role"": ""user"", ""level"": 1}"
u6877,User 6877,user6877@example.com,"{""role"": ""user"", ""level"": 2}"
u6878,User 6878,user6878@example.com,"{""role"": ""user"", ""level"": 3}"
u6879,User 6879,user6879@example.com,"{""role"": ""user"", ""level"": 4}"
u6880,User 6880,user6880@example.com,"{""role"": ""user"", ""level"": 0}"
u6881,User 6881,user6881@example.com,"{""role"": ""user"", ""level"": 1}"
u6882,User 6882,user6882@example.com,"{""role"": ""user"", ""level"": 2}"
u6883,User 6883,user6883@example.com,"{""role"": ""user"", ""level"": 3}"
u6884,User 6884,user6884@example.com,"{""role"": ""user"", ""level"": 4}"
u6885,User 6885,user6885@example.com,"{""role"": ""user"", ""level"": 0}"
u6886,User 6886,user6886@example.com,"{""role"": ""user"", ""level"": 1}"
u6887,User 6887,user6887@example.com,"{""role"": ""user"", ""level"": 2}"
u6888,User 6888,user6888@example.com,"{""role"": ""user"", ""level"": 3}"
u6889,User 6889,user6889@example.com,"{""role"": ""user"", ""level"": 4}"
u6890,User 6890,user6890@example.com,"{""role"": ""user"", ""level"": 0}"
u6891,User 6891,user6891@example.com,"{""role"": ""user"", ""level"": 1}"
u6892,User 6892,user6892@example.com,"{""role"": ""user"", ""level"": 2}"
u6893,User 6893,user6893@example.com,"{""role"": ""user"", ""level"": 3}"
u6894,User 6894,user6894@example.com,"{""role"": ""user"", ""level"": 4}"
u6895,User 6895,user6895@example.com,"{""role"": ""user"", ""level"": 0}"
u6896,User 6896,user6896@example.com,"{""role"": ""user"", ""level"": 1}"
u6897,User 6897,user6897@example.com,"{""role"": ""user"", ""level"": 2}"
u6898,User 6898,user6898@example.com,"{""role"": ""user"", ""level"": 3}"
u6899,User 6899,user6899@example.com,"{""role"": ""user"", ""level"": 4}"
u6900,User 6900,user6900@example.com,"{""role"": ""user"", ""level"": 0}"
u6901,User 6901,user6901@example.com,"{""role"": ""user"", ""level"": 1}"
u6902,User 6902,user6902@example.com,"{""role"": ""user"", ""level"": 2}"
u6903,User 6903,user6903@example.com,"{""role"": ""user"", ""level"": 3}"
u6904,User 6904,user6904@example.com,"{""role"": ""user"", ""level"": 4}"
u6905,User 6905,user6905@example.com,"{""role"": ""user"", ""level"": 0}"
u6906,User 6906,user6906@example.com,"{""role"": ""user"", ""level"": 1}"
u6907,User 6907,user6907@example.com,"{""role"": ""user"", ""level"": 2}"
u6908,User 6908,user6908@example.com,"{""role"": ""user"", ""level"": 3}"
u6909,User 6909,user6909@example.com,"{""role"": ""user"", ""level"": 4}"
u6910,User 6910,user6910@example.com,"{""role"": ""user"", ""level"": 0}"
u6911,User 6911,user6911@example.com,"{""role"": ""user"", ""level"": 1}"
u6912,User 6912,user6912@example.com,"{""role"": ""user"", ""level"": 2}"
u6913,User 6913,user6913@example.com,"{""role"": ""user"", ""level"": 3}"
u6914,User 6914,user6914@example.com,"{""role"": ""user"", ""level"": 4}"
u6915,User 6915,user6915@example.com,"{""role"": ""user"", ""level"": 0}"
u6916,User 6916,user6916@example.com,"{""role"": ""user"", ""level"": 1}"
u6917,User 6917,user6917@example.com,"{""role"": ""user"", ""level"": 2}"
u6918,User 6918,user6918@example.com,"{""role"": ""user"", ""level"": 3}"
u6919,User 6919,user6919@example.com,"{""role"": ""user"", ""level"": 4}"
u6920,User 6920,user6920@example.com,"{""role"": ""user"", ""level"": 0}"
u6921,User 6921,user6921@example.com,"{""role"": ""user"", ""level"": 1}"
u6922,User 6922,user6922@example.com,"{""role"": ""user"", ""level"": 2}"
u6923,User 6923,user6923@example.com,"{""role"": ""user"", ""level"": 3}"
u6924,User 6924,user6924@example.com,"{""role"": ""user"", ""level"": 4}"
u6925,User 6925,user6925@example.com,"{""role"": ""user"", ""level"": 0}"
u6926,User 6926,user6926@example.com,"{""role"": ""user"", ""level"": 1}"
u6927,User 6927,user6927@example.com,"{""role"": ""user"", ""level"": 2}"
u6928,User 6928,user6928@example.com,"{""role"": ""user"", ""level"": 3}"
u6929,User 6929,user6929@example.com,"{""role"": ""user"", ""level"": 4}"
u6930,User 6930,user6930@example.com,"{""role"": ""user"", ""level"": 0}"
u6931,User 6931,user6931@example.com,"{""role"": ""user"", ""level"": 1}"
u6932,User 6932,user6932@example.com,"{""role"": ""user"", ""level"": 2}"
u6933,User 6933,user6933@example.com,"{""role"": ""user"", ""level"": 3}"
u6934,User 6934,user6934@example.com,"{""role"": ""user"", ""level"": 4}"
u6935,User 6935,user6935@example.com,"{""role"": ""user"", ""level"": 0}"
u6936,User 6936,user6936@example.com,"{""role"": ""user"", ""level"": 1}"
u6937,User 6937,user6937@example.com,"{""role"": ""user"", ""level"": 2}"
u6938,User 6938,user6938@example.com,"{""role"": ""user"", ""level"": 3}"
u6939,User 6939,user6939@example.com,"{""role"": ""user"", ""level"": 4}"
u6940,User 6940,user6940@example.com,"{""role"": ""user"", ""level"": 0}"
u6941,User 6941,user6941@example.com,"{""role"": ""user"", ""level"": 1}"
u6942,User 6942,user6942@example.com,"{""role"": ""user"", ""level"": 2}"
u6943,User 6943,user6943@example.com,"{""role"": ""user"", ""level"": 3}"
u6944,User 6944,user6944@example.com,"{""role"": ""user"", ""level"": 4}"
u6945,User 6945,user6945@example.com,"{""role"": ""user"", ""level"": 0}"
u6946,User 6946,user6946@example.com,"{""role"": ""user"", ""level"": 1}"
u6947,User 6947,user6947@example.com,"{""role"": ""user"", ""level"": 2}"
u6948,User 6948,user6948@example.com,"{""role"": ""user"", ""level"": 3}"
u6949,User 6949,user6949@example.com,"{""role"": ""user"", ""level"": 4}"
u6950,User 6950,user6950@example.com,"{""role"": ""user"", ""level"": 0}"
u6951,User 6951,user6951@example.com,"{""role"": ""user"", ""level"": 1}"
u6952,User 6952,user6952@example.com,"{""role"": ""user"", ""level"": 2}"
u6953,User 6953,user6953@example.com,"{""role"": ""user"", ""level"": 3}"
u6954,User 6954,user6954@example.com,"{""role"": ""user"", ""level"": 4}"
u6955,User 6955,user6955@example.com,"{""role"": ""user"", ""level"": 0}"
u6956,User 6956,user6956@example.com,"{""role"": ""user"", ""level"": 1}"
u6957,User 6957,user6957@example.com,"{""role"": ""user"", ""level"": 2}"
u6958,User 6958,user6958@example.com,"{""role"": ""user"", ""level"": 3}"
u6959,User 6959,user6959@example.com,"{""role"": ""user"", ""level"": 4}"
u6960,User 6960,user6960@example.com,"{""role"": ""user"", ""level"": 0}"
u6961,User 6961,user6961@example.com,"{""role"": ""user"", ""level"": 1}"
u6962,User 6962,user6962@example.com,"{""role"": ""user"", ""level"": 2}"
u6963,User 6963,user6963@example.com,"{""role"": ""user"", ""level"": 3}"
u6964,User 6964,user6964@example.com,"{""role"": ""user"", ""level"": 4}"
u6965,User 6965,user6965@example.com,"{""role"": ""user"", ""level"": 0}"
u6966,User 6966,user6966@example.com,"{""role"": ""user"", ""level"": 1}"
u6967,User 6967,user6967@example.com,"{""role"": ""user"", ""level"": 2}"
u6968,User 6968,user6968@example.com,"{""role"": ""user"", ""level"": 3}"
u6969,User 6969,user6969@example.com,"{""role"": ""user"", ""level"": 4}"
u6970,User 6970,user6970@example.com,"{""role"": ""user"", ""level"": 0}"
u6971,User 6971,user6971@example.com,"{""role"": ""user"", ""level"": 1}"
u6972,User 6972,user6972@example.com,"{""role"": ""user"", ""level"": 2}"
u6973,User 6973,user6973@example.com,"{""role"": ""user"", ""level"": 3}"
u6974,User 6974,user6974@example.com,"{""role"": ""user"", ""level"": 4}"
u6975,User 6975,user6975@example.com,"{""role"": ""user"", ""level"": 0}"
u6976,User 6976,user6976@example.com,"{""role"": ""user"", ""level"": 1}"
u6977,User 6977,user6977@example.com,"{""role"": ""user"", ""level"": 2}"
u6978,User 6978,user6978@example.com,"{""role"": ""user"", ""level"": 3}"
u6979,User 6979,user6979@example.com,"{""role"": ""user"", ""level"": 4}"
u6980,User 6980,user6980@example.com,"{""role"": ""user"", ""level"": 0}"
u6981,User 6981,user6981@example.com,"{""role"": ""user"", ""level"": 1}"
u6982,User 6982,user6982@example.com,"{""role"": ""user"", ""level"": 2}"
u6983,User 6983,user6983@example.com,"{""role"": ""user"", ""level"": 3}"
u6984,User 6984,user6984@example.com,"{""role"": ""user"", ""level"": 4}"
u6985,User 6985,user6985@example.com,"{""role"": ""user"", ""level"": 0}"
u6986,User 6986,user6986@example.com,"{""role"": ""user"", ""level"": 1}"
u6987,User 6987,user6987@example.com,"{""role"": ""user"", ""level"": 2}"
u6988,User 6988,user6988@example.com,"{""role"": ""user"", ""level"": 3}"
u6989,User 6989,user6989@example.com,"{""role"": ""user"", ""level"": 4}"
u6990,User 6990,user6990@example.com,"{""role"": ""user"", ""level"": 0}"
u6991,User 6991,user6991@example.com,"{""role"": ""user"", ""level"": 1}"
u6992,User 6992,user6992@example.com,"{""role"": ""user"", ""level"": 2}"
u6993,User 6993,user6993@example.com,"{""role"": ""user"", ""level"": 3}"
u6994,User 6994,user6994@example.com,"{""role"": ""user"", ""level"": 4}"
u6995,User 6995,user6995@example.com,"{""role"": ""user"", ""level"": 0}"
u6996,User 6996,user6996@example.com,"{""role"": ""user"", ""level"": 1}"
u6997,User 6997,user6997@example.com,"{""role"": ""user"", ""level"": 2}"
u6998,User 6998,user6998@example.com,"{""role"": ""user"", ""level"": 3}"
u6999,User 6999,user6999@example.com,"{""role"": ""user"", ""level"": 4}"
u7000,User 7000,user7000@example.com,"{""role"": ""user"", ""level"": 0}"
u7001,User 7001,user7001@example.com,"{""role"": ""user"", ""level"": 1}"
u7002,User 7002,user7002@example.com,"{""role"": ""user"", ""level"": 2}"
u7003,User 7003,user7003@example.com,"{""role"": ""user"", ""level"": 3}"
u7004,User 7004,user7004@example.com,"{""role"": ""user"", ""level"": 4}"
u7005,User 7005,user7005@example.com,"{""role"": ""user"", ""level"": 0}"
u7006,User 7006,user7006@example.com,"{""role"": ""user"", ""level"": 1}"
u7007,User 7007,user7007@example.com,"{""role"": ""user"", ""level"": 2}"
u7008,User 7008,user7008@example.com,"{""role"": ""user"", ""level"": 3}"
u7009,User 7009,user7009@example.com,"{""role"": ""user"", ""level"": 4}"
u7010,User 7010,user7010@example.com,"{""role"": ""user"", ""level"": 0}"
u7011,User 7011,user7011@example.com,"{""role"": ""user"", ""level"": 1}"
u7012,User 7012,user7012@example.com,"{""role"": ""user"", ""level"": 2}"
u7013,User 7013,user7013@example.com,"{""role"": ""user"", ""level"": 3}"
u7014,User 7014,user7014@example.com,"{""role"": ""user"", ""level"": 4}"
u7015,User 7015,user7015@example.com,"{""role"": ""user"", ""level"": 0}"
u7016,User 7016,user7016@example.com,"{""role"": ""user"", ""level"": 1}"
u7017,User 7017,user7017@example.com,"{""role"": ""user"", ""level"": 2}"
u7018,User 7018,user7018@example.com,"{""role"": ""user"", ""level"": 3}"
u7019,User 7019,user7019@example.com,"{""role"": ""user"", ""level"": 4}"
u7020,User 7020,user7020@example.com,"{""role"": ""user"", ""level"": 0}"
u7021,User 7021,user7021@example.com,"{""role"": ""user"", ""level"": 1}"
u7022,User 7022,user7022@example.com,"{""role"": ""user"", ""level"": 2}"
u7023,User 7023,user7023@example.com,"{""role"": ""user"", ""level"": 3}"
u7024,User 7024,user7024@example.com,"{""role"": ""user"", ""level"": 4}"
u7025,User 7025,user7025@example.com,"{""role"": ""user"", ""level"": 0}"
u7026,User 7026,user7026@example.com,"{""role"": ""user"", ""level"": 1}"
u7027,User 7027,user7027@example.com,"{""role"": ""user"", ""level"": 2}"
u7028,User 7028,user7028@example.com,"{""role"": ""user"", ""level"": 3}"
u7029,User 7029,user7029@example.com,"{""role"": ""user"", ""level"": 4}"
u7030,User 7030,user7030@example.com,"{""role"": ""user"", ""level"": 0}"
u7031,User 7031,user7031@example.com,"{""role"": ""user"", ""level"": 1}"
u7032,User 7032,user7032@example.com,"{""role"": ""user"", ""level"": 2}"
u7033,User 7033,user7033@example.com,"{""role"": ""user"", ""level"": 3}"
u7034,User 7034,user7034@example.com,"{""role"": ""user"", ""level"": 4}"
u7035,User 7035,user7035@example.com,"{""role"": ""user"", ""level"": 0}"
u7036,User 7036,user7036@example.com,"{""role"": ""user"", ""level"": 1}"
u7037,User 7037,user7037@example.com,"{""role"": ""user"", ""level"": 2}"
u7038,User 7038,user7038@example.com,"{""role"": ""user"", ""level"": 3}"
u7039,User 7039,user7039@example.com,"{""role"": ""user"", ""level"": 4}"
u7040,User 7040,user7040@example.com,"{""role"": ""user"", ""level"": 0}"
u7041,User 7041,user7041@example.com,"{""role"": ""user"", ""level"": 1}"
u7042,User 7042,user7042@example.com,"{""role"": ""user"", ""level"": 2}"
u7043,User 7043,user7043@example.com,"{""role"": ""user"", ""level"": 3}"
u7044,User 7044,user7044@example.com,"{""role"": ""user"", ""level"": 4}"
u7045,User 7045,user7045@example.com,"{""role"": ""user"", ""level"": 0}"
u7046,User 7046,user7046@example.com,"{""role"": ""user"", ""level"": 1}"
u7047,User 7047,user7047@example.com,"{""role"": ""user"", ""level"": 2}"
u7048,User 7048,user7048@example.com,"{""role"": ""user"", ""level"": 3}"
u7049,User 7049,user7049@example.com,"{""role"": ""user"", ""level"": 4}"
u7050,User 7050,user7050@example.com,"{""role"": ""user"", ""level"": 0}"
u7051,User 7051,user7051@example.com,"{""role"": ""user"", ""level"": 1}"
u7052,User 7052,user7052@example.com,"{""role"": ""user"", ""level"": 2}"
u7053,User 7053,user7053@example.com,"{""role"": ""user"", ""level"": 3}"
u7054,User 7054,user7054@example.com,"{""role"": ""user"", ""level"": 4}"
u7055,User 7055,user7055@example.com,"{""role"": ""user"", ""level"": 0}"
u7056,User 7056,user7056@example.com,"{""role"": ""user"", ""level"": 1}"
u7057,User 7057,user7057@example.com,"{""role"": ""user"", ""level"": 2}"
u7058,User 7058,user7058@example.com,"{""role"": ""user"", ""level"": 3}"
u7059,User 7059,user7059@example.com,"{""role"": ""user"", ""level"": 4}"
u7060,User 7060,user7060@example.com,"{""role"": ""user"", ""level"": 0}"
u7061,User 7061,user7061@example.com,"{""role"": ""user"", ""level"": 1}"
u7062,User 7062,user7062@example.com,"{""role"": ""user"", ""level"": 2}"
u7063,User 7063,user7063@example.com,"{""role"": ""user"", ""level"": 3}"
u7064,User 7064,user7064@example.com,"{""role"": ""user"", ""level"": 4}"
u7065,User 7065,user7065@example.com,"{""role"": ""user"", ""level"": 0}"
u7066,User 7066,user7066@example.com,"{""role"": ""user"", ""level"": 1}"
u7067,User 7067,user7067@example.com,"{""role"": ""user"", ""level"": 2}"
u7068,User 7068,user7068@example.com,"{""role"": ""user"", ""level"": 3}"
u7069,User 7069,user7069@example.com,"{""role"": ""user"", ""level"": 4}"
u7070,User 7070,user7070@example.com,"{""role"": ""user"", ""level"": 0}"
u7071,User 7071,user7071@example.com,"{""role"": ""user"", ""level"": 1}"
u7072,User 7072,user7072@example.com,"{""role"": ""user"", ""level"": 2}"
u7073,User 7073,user7073@example.com,"{""role"": ""user"", ""level"": 3}"
u7074,User 7074,user7074@example.com,"{""role"": ""user"", ""level"": 4}"
u7075,User 7075,user7075@example.com,"{""role"": ""user"", ""level"": 0}"
u7076,User 7076,user7076@example.com,"{""role"": ""user"", ""level"": 1}"
u7077,User 7077,user7077@example.com,"{""role"": ""user"", ""level"": 2}"
u7078,User 7078,user7078@example.com,"{""role"": ""user"", ""level"": 3}"
u7079,User 7079,user7079@example.com,"{""role"": ""user"", ""level"": 4}"
u7080,User 7080,user7080@example.com,"{""role"": ""user"", ""level"": 0}"
u7081,User 7081,user7081@example.com,"{""role"": ""user"", ""level"": 1}"
u7082,User 7082,user7082@example.com,"{""role"": ""user"", ""level"": 2}"
u7083,User 7083,user7083@example.com,"{""role"": ""user"", ""level"": 3}"
u7084,User 7084,user7084@example.com,"{""role"": ""user"", ""level"": 4}"
u7085,User 7085,user7085@example.com,"{""role"": ""user"", ""level"": 0}"
u7086,User 7086,user7086@example.com,"{""role"": ""user"", ""level"": 1}"
u7087,User 7087,user7087@example.com,"{""role"": ""user"", ""level"": 2}"
u7088,User 7088,user7088@example.com,"{""role"": ""user"", ""level"": 3}"
u7089,User 7089,user7089@example.com,"{""role"": ""user"", ""level"": 4}"
u7090,User 7090,user7090@example.com,"{""role"": ""user"", ""level"": 0}"
u7091,User 7091,user7091@example.com,"{""role"": ""user"", ""level"": 1}"
u7092,User 7092,user7092@example.com,"{""role"": ""user"", ""level"": 2}"
u7093,User 7093,user7093@example.com,"{""role"": ""user"", ""level"": 3}"
u7094,User 7094,user7094@example.com,"{""role"": ""user"", ""level"": 4}"
u7095,User 7095,user7095@example.com,"{""role"": ""user"", ""level"": 0}"
u7096,User 7096,user7096@example.com,"{""role"": ""user"", ""level"": 1}"
u7097,User 7097,user7097@example.com,"{""role"": ""user"", ""level"": 2}"
u7098,User 7098,user7098@example.com,"{""role"": ""user"", ""level"": 3}"
u7099,User 7099,user7099@example.com,"{""role"": ""user"", ""level"": 4}"
u7100,User 7100,user7100@example.com,"{""role"": ""user"", ""level"": 0}"
u7101,User 7101,user7101@example.com,"{""role"": ""user"", ""level"": 1}"
u7102,User 7102,user7102@example.com,"{""role"": ""user"", ""level"": 2}"
u7103,User 7103,user7103@example.com,"{""role"": ""user"", ""level"": 3}"
u7104,User 7104,user7104@example.com,"{""role"": ""user"", ""level"": 4}"
u7105,User 7105,user7105@example.com,"{""role"": ""user"", ""level"": 0}"
u7106,User 7106,user7106@example.com,"{""role"": ""user"", ""level"": 1}"
u7107,User 7107,user7107@example.com,"{""role"": ""user"", ""level"": 2}"
u7108,User 7108,user7108@example.com,"{""role"": ""user"", ""level"": 3}"
u7109,User 7109,user7109@example.com,"{""role"": ""user"", ""level"": 4}"
u7110,User 7110,user7110@example.com,"{""role"": ""user"", ""level"": 0}"
u7111,User 7111,user7111@example.com,"{""role"": ""user"", ""level"": 1}"
u7112,User 7112,user7112@example.com,"{""role"": ""user"", ""level"": 2}"
u7113,User 7113,user7113@example.com,"{""role"": ""user"", ""level"": 3}"
u7114,User 7114,user7114@example.com,"{""role"": ""user"", ""level"": 4}"
u7115,User 7115,user7115@example.com,"{""role"": ""user"", ""level"": 0}"
u7116,User 7116,user7116@example.com,"{""role"": ""user"", ""level"": 1}"
u7117,User 7117,user7117@example.com,"{""role"": ""user"", ""level"": 2}"
u7118,User 7118,user7118@example.com,"{""role"": ""user"", ""level"": 3}"
u7119,User 7119,user7119@example.com,"{""role"": ""user"", ""level"": 4}"
u7120,User 7120,user7120@example.com,"{""role"": ""user"", ""level"": 0}"
u7121,User 7121,user7121@example.com,"{""role"": ""user"", ""level"": 1}"
u7122,User 7122,user7122@example.com,"{""role"": ""user"", ""level"": 2}"
u7123,User 7123,user7123@example.com,"{""role"": ""user"", ""level"": 3}"
u7124,User 7124,user7124@example.com,"{""role"": ""user"", ""level"": 4}"
u7125,User 7125,user7125@example.com,"{""role"": ""user"", ""level"": 0}"
u7126,User 7126,user7126@example.com,"{""role"": ""user"", ""level"": 1}"
u7127,User 7127,user7127@example.com,"{""role"": ""user"", ""level"": 2}"
u7128,User 7128,user7128@example.com,"{""role"": ""user"", ""level"": 3}"
u7129,User 7129,user7129@example.com,"{""role"": ""user"", ""level"": 4}"
u7130,User 7130,user7130@example.com,"{""role"": ""user"", ""level"": 0}"
u7131,User 7131,user7131@example.com,"{""role"": ""user"", ""level"": 1}"
u7132,User 7132,user7132@example.com,"{""role"": ""user"", ""level"": 2}"
u7133,User 7133,user7133@example.com,"{""role"": ""user"", ""level"": 3}"
u7134,User 7134,user7134@example.com,"{""role"": ""user"", ""level"": 4}"
u7135,User 7135,user7135@example.com,"{""role"": ""user"", ""level"": 0}"
u7136,User 7136,user7136@example.com,"{""role"": ""user"", ""level"": 1}"
u7137,User 7137,user7137@example.com,"{""role"": ""user"", ""level"": 2}"
u7138,User 7138,user7138@example.com,"{""role"": ""user"", ""level"": 3}"
u7139,User 7139,user7139@example.com,"{""role"": ""user"", ""level"": 4}"
u7140,User 7140,user7140@example.com,"{""role"": ""user"", ""level"": 0}"
u7141,User 7141,user7141@example.com,"{""role"": ""user"", ""level"": 1}"
u7142,User 7142,user7142@example.com,"{""role"": ""user"", ""level"": 2}"
u7143,User 7143,user7143@example.com,"{""role"": ""user"", ""level"": 3}"
u7144,User 7144,user7144@example.com,"{""role"": ""user"", ""level"": 4}"
u7145,User 7145,user7145@example.com,"{""role"": ""user"", ""level"": 0}"
u7146,User 7146,user7146@example.com,"{""role"": ""user"", ""level"": 1}"
u7147,User 7147,user7147@example.com,"{""role"": ""user"", ""level"": 2}"
u7148,User 7148,user7148@example.com,"{""role"": ""user"", ""level"": 3}"
u7149,User 7149,user7149@example.com,"{""role"": ""user"", ""level"": 4}"
u7150,User 7150,user7150@example.com,"{""role"": ""user"", ""level"": 0}"
u7151,User 7151,user7151@example.com,"{""role"": ""user"", ""level"": 1}"
u7152,User 7152,user7152@example.com,"{""role"": ""user"", ""level"": 2}"
u7153,User 7153,user7153@example.com,"{""role"": ""user"", ""level"": 3}"
u7154,User 7154,user7154@example.com,"{""role"": ""user"", ""level"": 4}"
u7155,User 7155,user7155@example.com,"{""role"": ""user"", ""level"": 0}"
u7156,User 7156,user7156@example.com,"{""role"": ""user"", ""level"": 1}"
u7157,User 7157,user7157@example.com,"{""role"": ""user"", ""level"": 2}"
u7158,User 7158,user7158@example.com,"{""role"": ""user"", ""level"": 3}"
u7159,User 7159,user7159@example.com,"{""role"": ""user"", ""level"": 4}"
u7160,User 7160,user7160@example.com,"{""role"": ""user"", ""level"": 0}"
u7161,User 7161,user7161@example.com,"{""role"": ""user"", ""level"": 1}"
u7162,User 7162,user7162@example.com,"{""role"": ""user"", ""level"": 2}"
u7163,User 7163,user7163@example.com,"{""role"": ""user"", ""level"": 3}"
u7164,User 7164,user7164@example.com,"{""role"": ""user"", ""level"": 4}"
u7165,User 7165,user7165@example.com,"{""role"": ""user"", ""level"": 0}"
u7166,User 7166,user7166@example.com,"{""role"": ""user"", ""level"": 1}"
u7167,User 7167,user7167@example.com,"{""role"": ""user"", ""level"": 2}"
u7168,User 7168,user7168@example.com,"{""role"": ""user"", ""level"": 3}"
u7169,User 7169,user7169@example.com,"{""role"": ""user"", ""level"": 4}"
u7170,User 7170,user7170@example.com,"{""role"": ""user"", ""level"": 0}"
u7171,User 7171,user7171@example.com,"{""role"": ""user"", ""level"": 1}"
u7172,User 7172,user7172@example.com,"{""role"": ""user"", ""level"": 2}"
u7173,User 7173,user7173@example.com,"{""role"": ""user"", ""level"": 3}"
u7174,User 7174,user7174@example.com,"{""role"": ""user"", ""level"": 4}"
u7175,User 7175,user7175@example.com,"{""role"": ""user"", ""level"": 0}"
u7176,User 7176,user7176@example.com,"{""role"": ""user"", ""level"": 1}"
u7177,User 7177,user7177@example.com,"{""role"": ""user"", ""level"": 2}"
u7178,User 7178,user7178@example.com,"{""role"": ""user"", ""level"": 3}"
u7179,User 7179,user7179@example.com,"{""role"": ""user"", ""level"": 4}"
u7180,User 7180,user7180@example.com,"{""role"": ""user"", ""level"": 0}"
u7181,User 7181,user7181@example.com,"{""role"": ""user"", ""level"": 1}"
u7182,User 7182,user7182@example.com,"{""role"": ""user"", ""level"": 2}"
u7183,User 7183,user7183@example.com,"{""role"": ""user"", ""level"": 3}"
u7184,User 7184,user7184@example.com,"{""role"": ""user"", ""level"": 4}"
u7185,User 7185,user7185@example.com,"{""role"": ""user"", ""level"": 0}"
u7186,User 7186,user7186@example.com,"{""role"": ""user"", ""level"": 1}"
u7187,User 7187,user7187@example.com,"{""role"": ""user"", ""level"": 2}"
u7188,User 7188,user7188@example.com,"{""role"": ""user"", ""level"": 3}"
u7189,User 7189,user7189@example.com,"{""role"": ""user"", ""level"": 4}"
u7190,User 7190,user7190@example.com,"{""role"": ""user"", ""level"": 0}"
u7191,User 7191,user7191@example.com,"{""role"": ""user"", ""level"": 1}"
u7192,User 7192,user7192@example.com,"{""role"": ""user"", ""level"": 2}"
u7193,User 7193,user7193@example.com,"{""role"": ""user"", ""level"": 3}"
u7194,User 7194,user7194@example.com,"{""role"": ""user"", ""level"": 4}"
u7195,User 7195,user7195@example.com,"{""role"": ""user"", ""level"": 0}"
u7196,User 7196,user7196@example.com,"{""role"": ""user"", ""level"": 1}"
u7197,User 7197,user7197@example.com,"{""role"": ""user"", ""level"": 2}"
u7198,User 7198,user7198@example.com,"{""role"": ""user"", ""level"": 3}"
u7199,User 7199,user7199@example.com,"{""role"": ""user"", ""level"": 4}"
u7200,User 7200,user7200@example.com,"{""role"": ""user"", ""level"": 0}"
u7201,User 7201,user7201@example.com,"{""role"": ""user"", ""level"": 1}"
u7202,User 7202,user7202@example.com,"{""role"": ""user"", ""level"": 2}"
u7203,User 7203,user7203@example.com,"{""role"": ""user"", ""level"": 3}"
u7204,User 7204,user7204@example.com,"{""role"": ""user"", ""level"": 4}"
u7205,User 7205,user7205@example.com,"{""role"": ""user"", ""level"": 0}"
u7206,User 7206,user7206@example.com,"{""role"": ""user"", ""level"": 1}"
u7207,User 7207,user7207@example.com,"{""role"": ""user"", ""level"": 2}"
u7208,User 7208,user7208@example.com,"{""role"": ""user"", ""level"": 3}"
u7209,User 7209,user7209@example.com,"{""role"": ""user"", ""level"": 4}"
u7210,User 7210,user7210@example.com,"{""role"": ""user"", ""level"": 0}"
u7211,User 7211,user7211@example.com,"{""role"": ""user"", ""level"": 1}"
u7212,User 7212,user7212@example.com,"{""role"": ""user"", ""level"": 2}"
u7213,User 7213,user7213@example.com,"{""role"": ""user"", ""level"": 3}"
u7214,User 7214,user7214@example.com,"{""role"": ""user"", ""level"": 4}"
u7215,User 7215,user7215@example.com,"{""role"": ""user"", ""level"": 0}"
u7216,User 7216,user7216@example.com,"{""role"": ""user"", ""level"": 1}"
u7217,User 7217,user7217@example.com,"{""role"": ""user"", ""level"": 2}"
u7218,User 7218,user7218@example.com,"{""role"": ""user"", ""level"": 3}"
u7219,User 7219,user7219@example.com,"{""role"": ""user"", ""level"": 4}"
u7220,User 7220,user7220@example.com,"{""role"": ""user"", ""level"": 0}"
u7221,User 7221,user7221@example.com,"{""role"": ""user"", ""level"": 1}"
u7222,User 7222,user7222@example.com,"{""role"": ""user"", ""level"": 2}"
u7223,User 7223,user7223@example.com,"{""role"": ""user"", ""level"": 3}"
u7224,User 7224,user7224@example.com,"{""role"": ""user"", ""level"": 4}"
u7225,User 7225,user7225@example.com,"{""role"": ""user"", ""level"": 0}"
u7226,User 7226,user7226@example.com,"{""role"": ""user"", ""level"": 1}"
u7227,User 7227,user7227@example.com,"{""role"": ""user"", ""level"": 2}"
u7228,User 7228,user7228@example.com,"{""role"": ""user"", ""level"": 3}"
u7229,User 7229,user7229@example.com,"{""role"": ""user"", ""level"": 4}"
u7230,User 7230,user7230@example.com,"{""role"": ""user"", ""level"": 0}"
u7231,User 7231,user7231@example.com,"{""role"": ""user"", ""level"": 1}"
u7232,User 7232,user7232@example.com,"{""role"": ""user"", ""level"": 2}"
u7233,User 7233,user7233@example.com,"{""role"": ""user"", ""level"": 3}"
u7234,User 7234,user7234@example.com,"{""role"": ""user"", ""level"": 4}"
u7235,User 7235,user7235@example.com,"{""role"": ""user"", ""level"": 0}"
u7236,User 7236,user7236@example.com,"{""role"": ""user"", ""level"": 1}"
u7237,User 7237,user7237@example.com,"{""role"": ""user"", ""level"": 2}"
u7238,User 7238,user7238@example.com,"{""role"": ""user"", ""level"": 3}"
u7239,User 7239,user7239@example.com,"{""role"": ""user"", ""level"": 4}"
u7240,User 7240,user7240@example.com,"{""role"": ""user"", ""level"": 0}"
u7241,User 7241,user7241@example.com,"{""role"": ""user"", ""level"": 1}"
u7242,User 7242,user7242@example.com,"{""role"": ""user"", ""level"": 2}"
u7243,User 7243,user7243@example.com,"{""role"": ""user"", ""level"": 3}"
u7244,User 7244,user7244@example.com,"{""role"": ""user"", ""level"": 4}"
u7245,User 7245,user7245@example.com,"{""role"": ""user"", ""level"": 0}"
u7246,User 7246,user7246@example.com,"{""role"": ""user"", ""level"": 1}"
u7247,User 7247,user7247@example.com,"{""role"": ""user"", ""level"": 2}"
u7248,User 7248,user7248@example.com,"{""role"": ""user"", ""level"": 3}"
u7249,User 7249,user7249@example.com,"{""role"": ""user"", ""level"": 4}"
u7250,User 7250,user7250@example.com,"{""role"": ""user"", ""level"": 0}"
u7251,User 7251,user7251@example.com,"{""role"": ""user"", ""level"": 1}"
u7252,User 7252,user7252@example.com,"{""role"": ""user"", ""level"": 2}"
u7253,User 7253,user7253@example.com,"{""role"": ""user"", ""level"": 3}"
u7254,User 7254,user7254@example.com,"{""role"": ""user"", ""level"": 4}"
u7255,User 7255,user7255@example.com,"{""role"": ""user"", ""level"": 0}"
u7256,User 7256,user7256@example.com,"{""role"": ""user"", ""level"": 1}"
u7257,User 7257,user7257@example.com,"{""role"": ""user"", ""level"": 2}"
u7258,User 7258,user7258@example.com,"{""role"": ""user"", ""level"": 3}"
u7259,User 7259,user7259@example.com,"{""role"": ""user"", ""level"": 4}"
u7260,User 7260,user7260@example.com,"{""role"": ""user"", ""level"": 0}"
u7261,User 7261,user7261@example.com,"{""role"": ""user"", ""level"": 1}"
u7262,User 7262,user7262@example.com,"{""role"": ""user"", ""level"": 2}"
u7263,User 7263,user7263@example.com,"{""role"": ""user"", ""level"": 3}"
u7264,User 7264,user7264@example.com,"{""role"": ""user"", ""level"": 4}"
u7265,User 7265,user7265@example.com,"{""role"": ""user"", ""level"": 0}"
u7266,User 7266,user7266@example.com,"{""role"": ""user"", ""level"": 1}"
u7267,User 7267,user7267@example.com,"{""role"": ""user"", ""level"": 2}"
u7268,User 7268,user7268@example.com,"{""role"": ""user"", ""level"": 3}"
u7269,User 7269,user7269@example.com,"{""role"": ""user"", ""level"": 4}"
u7270,User 7270,user7270@example.com,"{""role"": ""user"", ""level"": 0}"
u7271,User 7271,user7271@example.com,"{""role"": ""user"", ""level"": 1}"
u7272,User 7272,user7272@example.com,"{""role"": ""user"", ""level"": 2}"
u7273,User 7273,user7273@example.com,"{""role"": ""user"", ""level"": 3}"
u7274,User 7274,user7274@example.com,"{""role"": ""user"", ""level"": 4}"
u7275,User 7275,user7275@example.com,"{""role"": ""user"", ""level"": 0}"
u7276,User 7276,user7276@example.com,"{""role"": ""user"", ""level"": 1}"
u7277,User 7277,user7277@example.com,"{""role"": ""user"", ""level"": 2}"
u7278,User 7278,user7278@example.com,"{""role"": ""user"", ""level"": 3}"
u7279,User 7279,user7279@example.com,"{""role"": ""user"", ""level"": 4}"
u7280,User 7280,user7280@example.com,"{""role"": ""user"", ""level"": 0}"
u7281,User 7281,user7281@example.com,"{""role"": ""user"", ""level"": 1}"
u7282,User 7282,user7282@example.com,"{""role"": ""user"", ""level"": 2}"
u7283,User 7283,user7283@example.com,"{""role"": ""user"", ""level"": 3}"
u7284,User 7284,user7284@example.com,"{""role"": ""user"", ""level"": 4}"
u7285,User 7285,user7285@example.com,"{""role"": ""user"", ""level"": 0}"
u7286,User 7286,user7286@example.com,"{""role"": ""user"", ""level"": 1}"
u7287,User 7287,user7287@example.com,"{""role"": ""user"", ""level"": 2}"
u7288,User 7288,user7288@example.com,"{""role"": ""user"", ""level"": 3}"
u7289,User 7289,user7289@example.com,"{""role"": ""user"", ""level"": 4}"
u7290,User 7290,user7290@example.com,"{""role"": ""user"", ""level"": 0}"
u7291,User 7291,user7291@example.com,"{""role"": ""user"", ""level"": 1}"
u7292,User 7292,user7292@example.com,"{""role"": ""user"", ""level"": 2}"
u7293,User 7293,user7293@example.com,"{""role"": ""user"", ""level"": 3}"
u7294,User 7294,user7294@example.com,"{""role"": ""user"", ""level"": 4}"
u7295,User 7295,user7295@example.com,"{""role"": ""user"", ""level"": 0}"
u7296,User 7296,user7296@example.com,"{""role"": ""user"", ""level"": 1}"
u7297,User 7297,user7297@example.com,"{""role"": ""user"", ""level"": 2}"
u7298,User 7298,user7298@example.com,"{""role"": ""user"", ""level"": 3}"
u7299,User 7299,user7299@example.com,"{""role"": ""user"", ""level"": 4}"
u7300,User 7300,user7300@example.com,"{""role"": ""user"", ""level"": 0}"
u7301,User 7301,user7301@example.com,"{""role"": ""user"", ""level"": 1}"
u7302,User 7302,user7302@example.com,"{""role"": ""user"", ""level"": 2}"
u7303,User 7303,user7303@example.com,"{""role"": ""user"", ""level"": 3}"
u7304,User 7304,user7304@example.com,"{""role"": ""user"", ""level"": 4}"
u7305,User 7305,user7305@example.com,"{""role"": ""user"", ""level"": 0}"
u7306,User 7306,user7306@example.com,"{""role"": ""user"", ""level"": 1}"
u7307,User 7307,user7307@example.com,"{""role"": ""user"", ""level"": 2}"
u7308,User 7308,user7308@example.com,"{""role"": ""user"", ""level"": 3}"
u7309,User 7309,user7309@example.com,"{""role"": ""user"", ""level"": 4}"
u7310,User 7310,user7310@example.com,"{""role"": ""user"", ""level"": 0}"
u7311,User 7311,user7311@example.com,"{""role"": ""user"", ""level"": 1}"
u7312,User 7312,user7312@example.com,"{""role"": ""user"", ""level"": 2}"
u7313,User 7313,user7313@example.com,"{""role"": ""user"", ""level"": 3}"
u7314,User 7314,user7314@example.com,"{""role"": ""user"", ""level"": 4}"
u7315,User 7315,user7315@example.com,"{""role"": ""user"", ""level"": 0}"
u7316,User 7316,user7316@example.com,"{""role"": ""user"", ""level"": 1}"
u7317,User 7317,user7317@example.com,"{""role"": ""user"", ""level"": 2}"
u7318,User 7318,user7318@example.com,"{""role"": ""user"", ""level"": 3}"
u7319,User 7319,user7319@example.com,"{""role"": ""user"", ""level"": 4}"
u7320,User 7320,user7320@example.com,"{""role"": ""user"", ""level"": 0}"
u7321,User 7321,user7321@example.com,"{""role"": ""user"", ""level"": 1}"
u7322,User 7322,user7322@example.com,"{""role"": ""user"", ""level"": 2}"
u7323,User 7323,user7323@example.com,"{""role"": ""user"", ""level"": 3}"
u7324,User 7324,user7324@example.com,"{""role"": ""user"", ""level"": 4}"
u7325,User 7325,user7325@example.com,"{""role"": ""user"", ""level"": 0}"
u7326,User 7326,user7326@example.com,"{""role"": ""user"", ""level"": 1}"
u7327,User 7327,user7327@example.com,"{""role"": ""user"", ""level"": 2}"
u7328,User 7328,user7328@example.com,"{""role"": ""user"", ""level"": 3}"
u7329,User 7329,user7329@example.com,"{""role"": ""user"", ""level"": 4}"
u7330,User 7330,user7330@example.com,"{""role"": ""user"", ""level"": 0}"
u7331,User 7331,user7331@example.com,"{""role"": ""user"", ""level"": 1}"
u7332,User 7332,user7332@example.com,"{""role"": ""user"", ""level"": 2}"
u7333,User 7333,user7333@example.com,"{""role"": ""user"", ""level"": 3}"
u7334,User 7334,user7334@example.com,"{""role"": ""user"", ""level"": 4}"
u7335,User 7335,user7335@example.com,"{""role"": ""user"", ""level"": 0}"
u7336,User 7336,user7336@example.com,"{""role"": ""user"", ""level"": 1}"
u7337,User 7337,user7337@example.com,"{""role"": ""user"", ""level"": 2}"
u7338,User 7338,user7338@example.com,"{""role"": ""user"", ""level"": 3}"
u7339,User 7339,user7339@example.com,"{""role"": ""user"", ""level"": 4}"
u7340,User 7340,user7340@example.com,"{""role"": ""user"", ""level"": 0}"
u7341,User 7341,user7341@example.com,"{""role"": ""user"", ""level"": 1}"
u7342,User 7342,user7342@example.com,"{""role"": ""user"", ""level"": 2}"
u7343,User 7343,user7343@example.com,"{""role"": ""user"", ""level"": 3}"
u7344,User 7344,user7344@example.com,"{""role"": ""user"", ""level"": 4}"
u7345,User 7345,user7345@example.com,"{""role"": ""user"", ""level"": 0}"
u7346,User 7346,user7346@example.com,"{""role"": ""user"", ""level"": 1}"
u7347,User 7347,user7347@example.com,"{""role"": ""user"", ""level"": 2}"
u7348,User 7348,user7348@example.com,"{""role"": ""user"", ""level"": 3}"
u7349,User 7349,user7349@example.com,"{""role"": ""user"", ""level"": 4}"
u7350,User 7350,user7350@example.com,"{""role"": ""user"", ""level"": 0}"
u7351,User 7351,user7351@example.com,"{""role"": ""user"", ""level"": 1}"
u7352,User 7352,user7352@example.com,"{""role"": ""user"", ""level"": 2}"
u7353,User 7353,user7353@example.com,"{""role"": ""user"", ""level"": 3}"
u7354,User 7354,user7354@example.com,"{""role"": ""user"", ""level"": 4}"
u7355,User 7355,user7355@example.com,"{""role"": ""user"", ""level"": 0}"
u7356,User 7356,user7356@example.com,"{""role"": ""user"", ""level"": 1}"
u7357,User 7357,user7357@example.com,"{""role"": ""user"", ""level"": 2}"
u7358,User 7358,user7358@example.com,"{""role"": ""user"", ""level"": 3}"
u7359,User 7359,user7359@example.com,"{""role"": ""user"", ""level"": 4}"
u7360,User 7360,user7360@example.com,"{""role"": ""user"", ""level"": 0}"
u7361,User 7361,user7361@example.com,"{""role"": ""user"", ""level"": 1}"
u7362,User 7362,user7362@example.com,"{""role"": ""user"", ""level"": 2}"
u7363,User 7363,user7363@example.com,"{""role"": ""user"", ""level"": 3}"
u7364,User 7364,user7364@example.com,"{""role"": ""user"", ""level"": 4}"
u7365,User 7365,user7365@example.com,"{""role"": ""user"", ""level"": 0}"
u7366,User 7366,user7366@example.com,"{""role"": ""user"", ""level"": 1}"
u7367,User 7367,user7367@example.com,"{""role"": ""user"", ""level"": 2}"
u7368,User 7368,user7368@example.com,"{""role"": ""user"", ""level"": 3}"
u7369,User 7369,user7369@example.com,"{""role"": ""user"", ""level"": 4}"
u7370,User 7370,user7370@example.com,"{""role"": ""user"", ""level"": 0}"
u7371,User 7371,user7371@example.com,"{""role"": ""user"", ""level"": 1}"
u7372,User 7372,user7372@example.com,"{""role"": ""user"", ""level"": 2}"
u7373,User 7373,user7373@example.com,"{""role"": ""user"", ""level"": 3}"
u7374,User 7374,user7374@example.com,"{""role"": ""user"", ""level"": 4}"
u7375,User 7375,user7375@example.com,"{""role"": ""user"", ""level"": 0}"
u7376,User 7376,user7376@example.com,"{""role"": ""user"", ""level"": 1}"
u7377,User 7377,user7377@example.com,"{""role"": ""user"", ""level"": 2}"
u7378,User 7378,user7378@example.com,"{""role"": ""user"", ""level"": 3}"
u7379,User 7379,user7379@example.com,"{""role"": ""user"", ""level"": 4}"
u7380,User 7380,user7380@example.com,"{""role"": ""user"", ""level"": 0}"
u7381,User 7381,user7381@example.com,"{""role"": ""user"", ""level"": 1}"
u7382,User 7382,user7382@example.com,"{""role"": ""user"", ""level"": 2}"
u7383,User 7383,user7383@example.com,"{""role"": ""user"", ""level"": 3}"
u7384,User 7384,user7384@example.com,"{""role"": ""user"", ""level"": 4}"
u7385,User 7385,user7385@example.com,"{""role"": ""user"", ""level"": 0}"
u7386,User 7386,user7386@example.com,"{""role"": ""user"", ""level"": 1}"
u7387,User 7387,user7387@example.com,"{""role"": ""user"", ""level"": 2}"
u7388,User 7388,user7388@example.com,"{""role"": ""user"", ""level"": 3}"
u7389,User 7389,user7389@example.com,"{""role"": ""user"", ""level"": 4}"
u7390,User 7390,user7390@example.com,"{""role"": ""user"", ""level"": 0}"
u7391,User 7391,user7391@example.com,"{""role"": ""user"", ""level"": 1}"
u7392,User 7392,user7392@example.com,"{""role"": ""user"", ""level"": 2}"
u7393,User 7393,user7393@example.com,"{""role"": ""user"", ""level"": 3}"
u7394,User 7394,user7394@example.com,"{""role"": ""user"", ""level"": 4}"
u7395,User 7395,user7395@example.com,"{""role"": ""user"", ""level"": 0}"
u7396,User 7396,user7396@example.com,"{""role"": ""user"", ""level"": 1}"
u7397,User 7397,user7397@example.com,"{""role"": ""user"", ""level"": 2}"
u7398,User 7398,user7398@example.com,"{""role"": ""user"", ""level"": 3}"
u7399,User 7399,user7399@example.com,"{""role"": ""user"", ""level"": 4}"
u7400,User 7400,user7400@example.com,"{""role"": ""user"", ""level"": 0}"
u7401,User 7401,user7401@example.com,"{""role"": ""user"", ""level"": 1}"
u7402,User 7402,user7402@example.com,"{""role"": ""user"", ""level"": 2}"
u7403,User 7403,user7403@example.com,"{""role"": ""user"", ""level"": 3}"
u7404,User 7404,user7404@example.com,"{""role"": ""user"", ""level"": 4}"
u7405,User 7405,user7405@example.com,"{""role"": ""user"", ""level"": 0}"
u7406,User 7406,user7406@example.com,"{""role"": ""user"", ""level"": 1}"
u7407,User 7407,user7407@example.com,"{""role"": ""user"", ""level"": 2}"
u7408,User 7408,user7408@example.com,"{""role"": ""user"", ""level"": 3}"
u7409,User 7409,user7409@example.com,"{""role"": ""user"", ""level"": 4}"
u7410,User 7410,user7410@example.com,"{""role"": ""user"", ""level"": 0}"
u7411,User 7411,user7411@example.com,"{""role"": ""user"", ""level"": 1}"
u7412,User 7412,user7412@example.com,"{""role"": ""user"", ""level"": 2}"
u7413,User 7413,user7413@example.com,"{""role"": ""user"", ""level"": 3}"
u7414,User 7414,user7414@example.com,"{""role"": ""user"", ""level"": 4}"
u7415,User 7415,user7415@example.com,"{""role"": ""user"", ""level"": 0}"
u7416,User 7416,user7416@example.com,"{""role"": ""user"", ""level"": 1}"
u7417,User 7417,user7417@example.com,"{""role"": ""user"", ""level"": 2}"
u7418,User 7418,user7418@example.com,"{""role"": ""user"", ""level"": 3}"
u7419,User 7419,user7419@example.com,"{""role"": ""user"", ""level"": 4}"
u7420,User 7420,user7420@example.com,"{""role"": ""user"", ""level"": 0}"
u7421,User 7421,user7421@example.com,"{""role"": ""user"", ""level"": 1}"
u7422,User 7422,user7422@example.com,"{""role"": ""user"", ""level"": 2}"
u7423,User 7423,user7423@example.com,"{""role"": ""user"", ""level"": 3}"
u7424,User 7424,user7424@example.com,"{""role"": ""user"", ""level"": 4}"
u7425,User 7425,user7425@example.com,"{""role"": ""user"", ""level"": 0}"
u7426,User 7426,user7426@example.com,"{""role"": ""user"", ""level"": 1}"
u7427,User 7427,user7427@example.com,"{""role"": ""user"", ""level"": 2}"
u7428,User 7428,user7428@example.com,"{""role"": ""user"", ""level"": 3}"
u7429,User 7429,user7429@example.com,"{""role"": ""user"", ""level"": 4}"
u7430,User 7430,user7430@example.com,"{""role"": ""user"", ""level"": 0}"
u7431,User 7431,user7431@example.com,"{""role"": ""user"", ""level"": 1}"
u7432,User 7432,user7432@example.com,"{""role"": ""user"", ""level"": 2}"
u7433,User 7433,user7433@example.com,"{""role"": ""user"", ""level"": 3}"
u7434,User 7434,user7434@example.com,"{""role"": ""user"", ""level"": 4}"
u7435,User 7435,user7435@example.com,"{""role"": ""user"", ""level"": 0}"
u7436,User 7436,user7436@example.com,"{""role"": ""user"", ""level"": 1}"
u7437,User 7437,user7437@example.com,"{""role"": ""user"", ""level"": 2}"
u7438,User 7438,user7438@example.com,"{""role"": ""user"", ""level"": 3}"
u7439,User 7439,user7439@example.com,"{""role"": ""user"", ""level"": 4}"
u7440,User 7440,user7440@example.com,"{""role"": ""user"", ""level"": 0}"
u7441,User 7441,user7441@example.com,"{""role"": ""user"", ""level"": 1}"
u7442,User 7442,user7442@example.com,"{""role"": ""user"", ""level"": 2}"
u7443,User 7443,user7443@example.com,"{""role"": ""user"", ""level"": 3}"
u7444,User 7444,user7444@example.com,"{""role"": ""user"", ""level"": 4}"
u7445,User 7445,user7445@example.com,"{""role"": ""user"", ""level"": 0}"
u7446,User 7446,user7446@example.com,"{""role"": ""user"", ""level"": 1}"
u7447,User 7447,user7447@example.com,"{""role"": ""user"", ""level"": 2}"
u7448,User 7448,user7448@example.com,"{""role"": ""user"", ""level"": 3}"
u7449,User 7449,user7449@example.com,"{""role"": ""user"", ""level"": 4}"
u7450,User 7450,user7450@example.com,"{""role"": ""user"", ""level"": 0}"
u7451,User 7451,user7451@example.com,"{""role"": ""user"", ""level"": 1}"
u7452,User 7452,user7452@example.com,"{""role"": ""user"", ""level"": 2}"
u7453,User 7453,user7453@example.com,"{""role"": ""user"", ""level"": 3}"
u7454,User 7454,user7454@example.com,"{""role"": ""user"", ""level"": 4}"
u7455,User 7455,user7455@example.com,"{""role"": ""user"", ""level"": 0}"
u7456,User 7456,user7456@example.com,"{""role"": ""user"", ""level"": 1}"
u7457,User 7457,user7457@example.com,"{""role"": ""user"", ""level"": 2}"
u7458,User 7458,user7458@example.com,"{""role"": ""user"", ""level"": 3}"
u7459,User 7459,user7459@example.com,"{""role"": ""user"", ""level"": 4}"
u7460,User 7460,user7460@example.com,"{""role"": ""user"", ""level"": 0}"
u7461,User 7461,user7461@example.com,"{""role"": ""user"", ""level"": 1}"
u7462,User 7462,user7462@example.com,"{""role"": ""user"", ""level"": 2}"
u7463,User 7463,user7463@example.com,"{""role"": ""user"", ""level"": 3}"
u7464,User 7464,user7464@example.com,"{""role"": ""user"", ""level"": 4}"
u7465,User 7465,user7465@example.com,"{""role"": ""user"", ""level"": 0}"
u7466,User 7466,user7466@example.com,"{""role"": ""user"", ""level"": 1}"
u7467,User 7467,user7467@example.com,"{""role"": ""user"", ""level"": 2}"
u7468,User 7468,user7468@example.com,"{""role"": ""user"", ""level"": 3}"
u7469,User 7469,user7469@example.com,"{""role"": ""user"", ""level"": 4}"
u7470,User 7470,user7470@example.com,"{""role"": ""user"", ""level"": 0}"
u7471,User 7471,user7471@example.com,"{""role"": ""user"", ""level"": 1}"
u7472,User 7472,user7472@example.com,"{""role"": ""user"", ""level"": 2}"
u7473,User 7473,user7473@example.com,"{""role"": ""user"", ""level"": 3}"
u7474,User 7474,user7474@example.com,"{""role"": ""user"", ""level"": 4}"
u7475,User 7475,user7475@example.com,"{""role"": ""user"", ""level"": 0}"
u7476,User 7476,user7476@example.com,"{""role"": ""user"", ""level"": 1}"
u7477,User 7477,user7477@example.com,"{""role"": ""user"", ""level"": 2}"
u7478,User 7478,user7478@example.com,"{""role"": ""user"", ""level"": 3}"
u7479,User 7479,user7479@example.com,"{""role"": ""user"", ""level"": 4}"
u7480,User 7480,user7480@example.com,"{""role"": ""user"", ""level"": 0}"
u7481,User 7481,user7481@example.com,"{""role"": ""user"", ""level"": 1}"
u7482,User 7482,user7482@example.com,"{""role"": ""user"", ""level"": 2}"
u7483,User 7483,user7483@example.com,"{""role"": ""user"", ""level"": 3}"
u7484,User 7484,user7484@example.com,"{""role"": ""user"", ""level"": 4}"
u7485,User 7485,user7485@example.com,"{""role"": ""user"", ""level"": 0}"
u7486,User 7486,user7486@example.com,"{""role"": ""user"", ""level"": 1}"
u7487,User 7487,user7487@example.com,"{""role"": ""user"", ""level"": 2}"
u7488,User 7488,user7488@example.com,"{""role"": ""user"", ""level"": 3}"
u7489,User 7489,user7489@example.com,"{""role"": ""user"", ""level"": 4}"
u7490,User 7490,user7490@example.com,"{""role"": ""user"", ""level"": 0}"
u7491,User 7491,user7491@example.com,"{""role"": ""user"", ""level"": 1}"
u7492,User 7492,user7492@example.com,"{""role"": ""user"", ""level"": 2}"
u7493,User 7493,user7493@example.com,"{""role"": ""user"", ""level"": 3}"
u7494,User 7494,user7494@example.com,"{""role"": ""user"", ""level"": 4}"
u7495,User 7495,user7495@example.com,"{""role"": ""user"", ""level"": 0}"
u7496,User 7496,user7496@example.com,"{""role"": ""user"", ""level"": 1}"
u7497,User 7497,user7497@example.com,"{""role"": ""user"", ""level"": 2}"
u7498,User 7498,user7498@example.com,"{""role"": ""user"", ""level"": 3}"
u7499,User 7499,user7499@example.com,"{""role"": ""user"", ""level"": 4}"
u7500,User 7500,user7500@example.com,"{""role"": ""user"", ""level"": 0}"
u7501,User 7501,user7501@example.com,"{""role"": ""user"", ""level"": 1}"
u7502,User 7502,user7502@example.com,"{""role"": ""user"", ""level"": 2}"
u7503,User 7503,user7503@example.com,"{""role"": ""user"", ""level"": 3}"
u7504,User 7504,user7504@example.com,"{""role"": ""user"", ""level"": 4}"
u7505,User 7505,user7505@example.com,"{""role"": ""user"", ""level"": 0}"
u7506,User 7506,user7506@example.com,"{""role"": ""user"", ""level"": 1}"
u7507,User 7507,user7507@example.com,"{""role"": ""user"", ""level"": 2}"
u7508,User 7508,user7508@example.com,"{""role"": ""user"", ""level"": 3}"
u7509,User 7509,user7509@example.com,"{""role"": ""user"", ""level"": 4}"
u7510,User 7510,user7510@example.com,"{""role"": ""user"", ""level"": 0}"
u7511,User 7511,user7511@example.com,"{""role"": ""user"", ""level"": 1}"
u7512,User 7512,user7512@example.com,"{""role"": ""user"", ""level"": 2}"
u7513,User 7513,user7513@example.com,"{""role"": ""user"", ""level"": 3}"
u7514,User 7514,user7514@example.com,"{""role"": ""user"", ""level"": 4}"
u7515,User 7515,user7515@example.com,"{""role"": ""user"", ""level"": 0}"
u7516,User 7516,user7516@example.com,"{""role"": ""user"", ""level"": 1}"
u7517,User 7517,user7517@example.com,"{""role"": ""user"", ""level"": 2}"
u7518,User 7518,user7518@example.com,"{""role"": ""user"", ""level"": 3}"
u7519,User 7519,user7519@example.com,"{""role"": ""user"", ""level"": 4}"
u7520,User 7520,user7520@example.com,"{""role"": ""user"", ""level"": 0}"
u7521,User 7521,user7521@example.com,"{""role"": ""user"", ""level"": 1}"
u7522,User 7522,user7522@example.com,"{""role"": ""user"", ""level"": 2}"
u7523,User 7523,user7523@example.com,"{""role"": ""user"", ""level"": 3}"
u7524,User 7524,user7524@example.com,"{""role"": ""user"", ""level"": 4}"
u7525,User 7525,user7525@example.com,"{""role"": ""user"", ""level"": 0}"
u7526,User 7526,user7526@example.com,"{""role"": ""user"", ""level"": 1}"
u7527,User 7527,user7527@example.com,"{""role"": ""user"", ""level"": 2}"
u7528,User 7528,user7528@example.com,"{""role"": ""user"", ""level"": 3}"
u7529,User 7529,user7529@example.com,"{""role"": ""user"", ""level"": 4}"
u7530,User 7530,user7530@example.com,"{""role"": ""user"", ""level"": 0}"
u7531,User 7531,user7531@example.com,"{""role"": ""user"", ""level"": 1}"
u7532,User 7532,user7532@example.com,"{""role"": ""user"", ""level"": 2}"
u7533,User 7533,user7533@example.com,"{""role"": ""user"", ""level"": 3}"
u7534,User 7534,user7534@example.com,"{""role"": ""user"", ""level"": 4}"
u7535,User 7535,user7535@example.com,"{""role"": ""user"", ""level"": 0}"
u7536,User 7536,user7536@example.com,"{""role"": ""user"", ""level"": 1}"
u7537,User 7537,user7537@example.com,"{""role"": ""user"", ""level"": 2}"
u7538,User 7538,user7538@example.com,"{""role"": ""user"", ""level"": 3}"
u7539,User 7539,user7539@example.com,"{""role"": ""user"", ""level"": 4}"
u7540,User 7540,user7540@example.com,"{""role"": ""user"", ""level"": 0}"
u7541,User 7541,user7541@example.com,"{""role"": ""user"", ""level"": 1}"
u7542,User 7542,user7542@example.com,"{""role"": ""user"", ""level"": 2}"
u7543,User 7543,user7543@example.com,"{""role"": ""user"", ""level"": 3}"
u7544,User 7544,user7544@example.com,"{""role"": ""user"", ""level"": 4}"
u7545,User 7545,user7545@example.com,"{""role"": ""user"", ""level"": 0}"
u7546,User 7546,user7546@example.com,"{""role"": ""user"", ""level"": 1}"
u7547,User 7547,user7547@example.com,"{""role"": ""user"", ""level"": 2}"
u7548,User 7548,user7548@example.com,"{""role"": ""user"", ""level"": 3}"
u7549,User 7549,user7549@example.com,"{""role"": ""user"", ""level"": 4}"
u7550,User 7550,user7550@example.com,"{""role"": ""user"", ""level"": 0}"
u7551,User 7551,user7551@example.com,"{""role"": ""user"", ""level"": 1}"
u7552,User 7552,user7552@example.com,"{""role"": ""user"", ""level"": 2}"
u7553,User 7553,user7553@example.com,"{""role"": ""user"", ""level"": 3}"
u7554,User 7554,user7554@example.com,"{""role"": ""user"", ""level"": 4}"
u7555,User 7555,user7555@example.com,"{""role"": ""user"", ""level"": 0}"
u7556,User 7556,user7556@example.com,"{""role"": ""user"", ""level"": 1}"
u7557,User 7557,user7557@example.com,"{""role"": ""user"", ""level"": 2}"
u7558,User 7558,user7558@example.com,"{""role"": ""user"", ""level"": 3}"
u7559,User 7559,user7559@example.com,"{""role"": ""user"", ""level"": 4}"
u7560,User 7560,user7560@example.com,"{""role"": ""user"", ""level"": 0}"
u7561,User 7561,user7561@example.com,"{""role"": ""user"", ""level"": 1}"
u7562,User 7562,user7562@example.com,"{""role"": ""user"", ""level"": 2}"
u7563,User 7563,user7563@example.com,"{""role"": ""user"", ""level"": 3}"
u7564,User 7564,user7564@example.com,"{""role"": ""user"", ""level"": 4}"
u7565,User 7565,user7565@example.com,"{""role"": ""user"", ""level"": 0}"
u7566,User 7566,user7566@example.com,"{""role"": ""user"", ""level"": 1}"
u7567,User 7567,user7567@example.com,"{""role"": ""user"", ""level"": 2}"
u7568,User 7568,user7568@example.com,"{""role"": ""user"", ""level"": 3}"
u7569,User 7569,user7569@example.com,"{""role"": ""user"", ""level"": 4}"
u7570,User 7570,user7570@example.com,"{""role"": ""user"", ""level"": 0}"
u7571,User 7571,user7571@example.com,"{""role"": ""user"", ""level"": 1}"
u7572,User 7572,user7572@example.com,"{""role"": ""user"", ""level"": 2}"
u7573,User 7573,user7573@example.com,"{""role"": ""user"", ""level"": 3}"
u7574,User 7574,user7574@example.com,"{""role"": ""user"", ""level"": 4}"
u7575,User 7575,user7575@example.com,"{""role"": ""user"", ""level"": 0}"
u7576,User 7576,user7576@example.com,"{""role"": ""user"", ""level"": 1}"
u7577,User 7577,user7577@example.com,"{""role"": ""user"", ""level"": 2}"
u7578,User 7578,user7578@example.com,"{""role"": ""user"", ""level"": 3}"
u7579,User 7579,user7579@example.com,"{""role"": ""user"", ""level"": 4}"
u7580,User 7580,user7580@example.com,"{""role"": ""user"", ""level"": 0}"
u7581,User 7581,user7581@example.com,"{""role"": ""user"", ""level"": 1}"
u7582,User 7582,user7582@example.com,"{""role"": ""user"", ""level"": 2}"
u7583,User 7583,user7583@example.com,"{""role"": ""user"", ""level"": 3}"
u7584,User 7584,user7584@example.com,"{""role"": ""user"", ""level"": 4}"
u7585,User 7585,user7585@example.com,"{""role"": ""user"", ""level"": 0}"
u7586,User 7586,user7586@example.com,"{""role"": ""user"", ""level"": 1}"
u7587,User 7587,user7587@example.com,"{""role"": ""user"", ""level"": 2}"
u7588,User 7588,user7588@example.com,"{""role"": ""user"", ""level"": 3}"
u7589,User 7589,user7589@example.com,"{""role"": ""user"", ""level"": 4}"
u7590,User 7590,user7590@example.com,"{""role"": ""user"", ""level"": 0}"
u7591,User 7591,user7591@example.com,"{""role"": ""user"", ""level"": 1}"
u7592,User 7592,user7592@example.com,"{""role"": ""user"", ""level"": 2}"
u7593,User 7593,user7593@example.com,"{""role"": ""user"", ""level"": 3}"
u7594,User 7594,user7594@example.com,"{""role"": ""user"", ""level"": 4}"
u7595,User 7595,user7595@example.com,"{""role"": ""user"", ""level"": 0}"
u7596,User 7596,user7596@example.com,"{""role"": ""user"", ""level"": 1}"
u7597,User 7597,user7597@example.com,"{""role"": ""user"", ""level"": 2}"
u7598,User 7598,user7598@example.com,"{""role"": ""user"", ""level"": 3}"
u7599,User 7599,user7599@example.com,"{""role"": ""user"", ""level"": 4}"
u7600,User 7600,user7600@example.com,"{""role"": ""user"", ""level"": 0}"
u7601,User 7601,user7601@example.com,"{""role"": ""user"", ""level"": 1}"
u7602,User 7602,user7602@example.com,"{""role"": ""user"", ""level"": 2}"
u7603,User 7603,user7603@example.com,"{""role"": ""user"", ""level"": 3}"
u7604,User 7604,user7604@example.com,"{""role"": ""user"", ""level"": 4}"
u7605,User 7605,user7605@example.com,"{""role"": ""user"", ""level"": 0}"
u7606,User 7606,user7606@example.com,"{""role"": ""user"", ""level"": 1}"
u7607,User 7607,user7607@example.com,"{""role"": ""user"", ""level"": 2}"
u7608,User 7608,user7608@example.com,"{""role"": ""user"", ""level"": 3}"
u7609,User 7609,user7609@example.com,"{""role"": ""user"", ""level"": 4}"
u7610,User 7610,user7610@example.com,"{""role"": ""user"", ""level"": 0}"
u7611,User 7611,user7611@example.com,"{""role"": ""user"", ""level"": 1}"
u7612,User 7612,user7612@example.com,"{""role"": ""user"", ""level"": 2}"
u7613,User 7613,user7613@example.com,"{""role"": ""user"", ""level"": 3}"
u7614,User 7614,user7614@example.com,"{""role"": ""user"", ""level"": 4}"
u7615,User 7615,user7615@example.com,"{""role"": ""user"", ""level"": 0}"
u7616,User 7616,user7616@example.com,"{""role"": ""user"", ""level"": 1}"
u7617,User 7617,user7617@example.com,"{""role"": ""user"", ""level"": 2}"
u7618,User 7618,user7618@example.com,"{""role"": ""user"", ""level"": 3}"
u7619,User 7619,user7619@example.com,"{""role"": ""user"", ""level"": 4}"
u7620,User 7620,user7620@example.com,"{""role"": ""user"", ""level"": 0}"
u7621,User 7621,user7621@example.com,"{""role"": ""user"", ""level"": 1}"
u7622,User 7622,user7622@example.com,"{""role"": ""user"", ""level"": 2}"
u7623,User 7623,user7623@example.com,"{""role"": ""user"", ""level"": 3}"
u7624,User 7624,user7624@example.com,"{""role"": ""user"", ""level"": 4}"
u7625,User 7625,user7625@example.com,"{""role"": ""user"", ""level"": 0}"
u7626,User 7626,user7626@example.com,"{""role"": ""user"", ""level"": 1}"
u7627,User 7627,user7627@example.com,"{""role"": ""user"", ""level"": 2}"
u7628,User 7628,user7628@example.com,"{""role"": ""user"", ""level"": 3}"
u7629,User 7629,user7629@example.com,"{""role"": ""user"", ""level"": 4}"
u7630,User 7630,user7630@example.com,"{""role"": ""user"", ""level"": 0}"
u7631,User 7631,user7631@example.com,"{""role"": ""user"", ""level"": 1}"
u7632,User 7632,user7632@example.com,"{""role"": ""user"", ""level"": 2}"
u7633,User 7633,user7633@example.com,"{""role"": ""user"", ""level"": 3}"
u7634,User 7634,user7634@example.com,"{""role"": ""user"", ""level"": 4}"
u7635,User 7635,user7635@example.com,"{""role"": ""user"", ""level"": 0}"
u7636,User 7636,user7636@example.com,"{""role"": ""user"", ""level"": 1}"
u7637,User 7637,user7637@example.com,"{""role"": ""user"", ""level"": 2}"
u7638,User 7638,user7638@example.com,"{""role"": ""user"", ""level"": 3}"
u7639,User 7639,user7639@example.com,"{""role"": ""user"", ""level"": 4}"
u7640,User 7640,user7640@example.com,"{""role"": ""user"", ""level"": 0}"
u7641,User 7641,user7641@example.com,"{""role"": ""user"", ""level"": 1}"
u7642,User 7642,user7642@example.com,"{""role"": ""user"", ""level"": 2}"
u7643,User 7643,user7643@example.com,"{""role"": ""user"", ""level"": 3}"
u7644,User 7644,user7644@example.com,"{""role"": ""user"", ""level"": 4}"
u7645,User 7645,user7645@example.com,"{""role"": ""user"", ""level"": 0}"
u7646,User 7646,user7646@example.com,"{""role"": ""user"", ""level"": 1}"
u7647,User 7647,user7647@example.com,"{""role"": ""user"", ""level"": 2}"
u7648,User 7648,user7648@example.com,"{""role"": ""user"", ""level"": 3}"
u7649,User 7649,user7649@example.com,"{""role"": ""user"", ""level"": 4}"
u7650,User 7650,user7650@example.com,"{""role"": ""user"", ""level"": 0}"
u7651,User 7651,user7651@example.com,"{""role"": ""user"", ""level"": 1}"
u7652,User 7652,user7652@example.com,"{""role"": ""user"", ""level"": 2}"
u7653,User 7653,user7653@example.com,"{""role"": ""user"", ""level"": 3}"
u7654,User 7654,user7654@example.com,"{""role"": ""user"", ""level"": 4}"
u7655,User 7655,user7655@example.com,"{""role"": ""user"", ""level"": 0}"
u7656,User 7656,user7656@example.com,"{""role"": ""user"", ""level"": 1}"
u7657,User 7657,user7657@example.com,"{""role"": ""user"", ""level"": 2}"
u7658,User 7658,user7658@example.com,"{""role"": ""user"", ""level"": 3}"
u7659,User 7659,user7659@example.com,"{""role"": ""user"", ""level"": 4}"
u7660,User 7660,user7660@example.com,"{""role"": ""user"", ""level"": 0}"
u7661,User 7661,user7661@example.com,"{""role"": ""user"", ""level"": 1}"
u7662,User 7662,user7662@example.com,"{""role"": ""user"", ""level"": 2}"
u7663,User 7663,user7663@example.com,"{""role"": ""user"", ""level"": 3}"
u7664,User 7664,user7664@example.com,"{""role"": ""user"", ""level"": 4}"
u7665,User 7665,user7665@example.com,"{""role"": ""user"", ""level"": 0}"
u7666,User 7666,user7666@example.com,"{""role"": ""user"", ""level"": 1}"
u7667,User 7667,user7667@example.com,"{""role"": ""user"", ""level"": 2}"
u7668,User 7668,user7668@example.com,"{""role"": ""user"", ""level"": 3}"
u7669,User 7669,user7669@example.com,"{""role"": ""user"", ""level"": 4}"
u7670,User 7670,user7670@example.com,"{""role"": ""user"", ""level"": 0}"
u7671,User 7671,user7671@example.com,"{""role"": ""user"", ""level"": 1}"
u7672,User 7672,user7672@example.com,"{""role"": ""user"", ""level"": 2}"
u7673,User 7673,user7673@example.com,"{""role"": ""user"", ""level"": 3}"
u7674,User 7674,user7674@example.com,"{""role"": ""user"", ""level"": 4}"
u7675,User 7675,user7675@example.com,"{""role"": ""user"", ""level"": 0}"
u7676,User 7676,user7676@example.com,"{""role"": ""user"", ""level"": 1}"
u7677,User 7677,user7677@example.com,"{""role"": ""user"", ""level"": 2}"
u7678,User 7678,user7678@example.com,"{""role"": ""user"", ""level"": 3}"
u7679,User 7679,user7679@example.com,"{""role"": ""user"", ""level"": 4}"
u7680,User 7680,user7680@example.com,"{""role"": ""user"", ""level"": 0}"
u7681,User 7681,user7681@example.com,"{""role"": ""user"", ""level"": 1}"
u7682,User 7682,user7682@example.com,"{""role"": ""user"", ""level"": 2}"
u7683,User 7683,user7683@example.com,"{""role"": ""user"", ""level"": 3}"
u7684,User 7684,user7684@example.com,"{""role"": ""user"", ""level"": 4}"
u7685,User 7685,user7685@example.com,"{""role"": ""user"", ""level"": 0}"
u7686,User 7686,user7686@example.com,"{""role"": ""user"", ""level"": 1}"
u7687,User 7687,user7687@example.com,"{""role"": ""user"", ""level"": 2}"
u7688,User 7688,user7688@example.com,"{""role"": ""user"", ""level"": 3}"
u7689,User 7689,user7689@example.com,"{""role"": ""user"", ""level"": 4}"
u7690,User 7690,user7690@example.com,"{""role"": ""user"", ""level"": 0}"
u7691,User 7691,user7691@example.com,"{""role"": ""user"", ""level"": 1}"
u7692,User 7692,user7692@example.com,"{""role"": ""user"", ""level"": 2}"
u7693,User 7693,user7693@example.com,"{""role"": ""user"", ""level"": 3}"
u7694,User 7694,user7694@example.com,"{""role"": ""user"", ""level"": 4}"
u7695,User 7695,user7695@example.com,"{""role"": ""user"", ""level"": 0}"
u7696,User 7696,user7696@example.com,"{""role"": ""user"", ""level"": 1}"
u7697,User 7697,user7697@example.com,"{""role"": ""user"", ""level"": 2}"
u7698,User 7698,user7698@example.com,"{""role"": ""user"", ""level"": 3}"
u7699,User 7699,user7699@example.com,"{""role"": ""user"", ""level"": 4}"
u7700,User 7700,user7700@example.com,"{""role"": ""user"", ""level"": 0}"
u7701,User 7701,user7701@example.com,"{""role"": ""user"", ""level"": 1}"
u7702,User 7702,user7702@example.com,"{""role"": ""user"", ""level"": 2}"
u7703,User 7703,user7703@example.com,"{""role"": ""user"", ""level"": 3}"
u7704,User 7704,user7704@example.com,"{""role"": ""user"", ""level"": 4}"
u7705,User 7705,user7705@example.com,"{""role"": ""user"", ""level"": 0}"
u7706,User 7706,user7706@example.com,"{""role"": ""user"", ""level"": 1}"
u7707,User 7707,user7707@example.com,"{""role"": ""user"", ""level"": 2}"
u7708,User 7708,user7708@example.com,"{""role"": ""user"", ""level"": 3}"
u7709,User 7709,user7709@example.com,"{""role"": ""user"", ""level"": 4}"
u7710,User 7710,user7710@example.com,"{""role"": ""user"", ""level"": 0}"
u7711,User 7711,user7711@example.com,"{""role"": ""user"", ""level"": 1}"
u7712,User 7712,user7712@example.com,"{""role"": ""user"", ""level"": 2}"
u7713,User 7713,user7713@example.com,"{""role"": ""user"", ""level"": 3}"
u7714,User 7714,user7714@example.com,"{""role"": ""user"", ""level"": 4}"
u7715,User 7715,user7715@example.com,"{""role"": ""user"", ""level"": 0}"
u7716,User 7716,user7716@example.com,"{""role"": ""user"", ""level"": 1}"
u7717,User 7717,user7717@example.com,"{""role"": ""user"", ""level"": 2}"
u7718,User 7718,user7718@example.com,"{""role"": ""user"", ""level"": 3}"
u7719,User 7719,user7719@example.com,"{""role"": ""user"", ""level"": 4}"
u7720,User 7720,user7720@example.com,"{""role"": ""user"", ""level"": 0}"
u7721,User 7721,user7721@example.com,"{""role"": ""user"", ""level"": 1}"
u7722,User 7722,user7722@example.com,"{""role"": ""user"", ""level"": 2}"
u7723,User 7723,user7723@example.com,"{""role"": ""user"", ""level"": 3}"
u7724,User 7724,user7724@example.com,"{""role"": ""user"", ""level"": 4}"
u7725,User 7725,user7725@example.com,"{""role"": ""user"", ""level"": 0}"
u7726,User 7726,user7726@example.com,"{""role"": ""user"", ""level"": 1}"
u7727,User 7727,user7727@example.com,"{""role"": ""user"", ""level"": 2}"
u7728,User 7728,user7728@example.com,"{""role"": ""user"", ""level"": 3}"
u7729,User 7729,user7729@example.com,"{""role"": ""user"", ""level"": 4}"
u7730,User 7730,user7730@example.com,"{""role"": ""user"", ""level"": 0}"
u7731,User 7731,user7731@example.com,"{""role"": ""user"", ""level"": 1}"
u7732,User 7732,user7732@example.com,"{""role"": ""user"", ""level"": 2}"
u7733,User 7733,user7733@example.com,"{""role"": ""user"", ""level"": 3}"
u7734,User 7734,user7734@example.com,"{""role"": ""user"", ""level"": 4}"
u7735,User 7735,user7735@example.com,"{""role"": ""user"", ""level"": 0}"
u7736,User 7736,user7736@example.com,"{""role"": ""user"", ""level"": 1}"
u7737,User 7737,user7737@example.com,"{""role"": ""user"", ""level"": 2}"
u7738,User 7738,user7738@example.com,"{""role"": ""user"", ""level"": 3}"
u7739,User 7739,user7739@example.com,"{""role"": ""user"", ""level"": 4}"
u7740,User 7740,user7740@example.com,"{""role"": ""user"", ""level"": 0}"
u7741,User 7741,user7741@example.com,"{""role"": ""user"", ""level"": 1}"
u7742,User 7742,user7742@example.com,"{""role"": ""user"", ""level"": 2}"
u7743,User 7743,user7743@example.com,"{""role"": ""user"", ""level"": 3}"
u7744,User 7744,user7744@example.com,"{""role"": ""user"", ""level"": 4}"
u7745,User 7745,user7745@example.com,"{""role"": ""user"", ""level"": 0}"
u7746,User 7746,user7746@example.com,"{""role"": ""user"", ""level"": 1}"
u7747,User 7747,user7747@example.com,"{""role"": ""user"", ""level"": 2}"
u7748,User 7748,user7748@example.com,"{""role"": ""user"", ""level"": 3}"
u7749,User 7749,user7749@example.com,"{""role"": ""user"", ""level"": 4}"
u7750,User 7750,user7750@example.com,"{""role"": ""user"", ""level"": 0}"
u7751,User 7751,user7751@example.com,"{""role"": ""user"", ""level"": 1}"
u7752,User 7752,user7752@example.com,"{""role"": ""user"", ""level"": 2}"
u7753,User 7753,user7753@example.com,"{""role"": ""user"", ""level"": 3}"
u7754,User 7754,user7754@example.com,"{""role"": ""user"", ""level"": 4}"
u7755,User 7755,user7755@example.com,"{""role"": ""user"", ""level"": 0}"
u7756,User 7756,user7756@example.com,"{""role"": ""user"", ""level"": 1}"
u7757,User 7757,user7757@example.com,"{""role"": ""user"", ""level"": 2}"
u7758,User 7758,user7758@example.com,"{""role"": ""user"", ""level"": 3}"
u7759,User 7759,user7759@example.com,"{""role"": ""user"", ""level"": 4}"
u7760,User 7760,user7760@example.com,"{""role"": ""user"", ""level"": 0}"
u7761,User 7761,user7761@example.com,"{""role"": ""user"", ""level"": 1}"
u7762,User 7762,user7762@example.com,"{""role"": ""user"", ""level"": 2}"
u7763,User 7763,user7763@example.com,"{""role"": ""user"", ""level"": 3}"
u7764,User 7764,user7764@example.com,"{""role"": ""user"", ""level"": 4}"
u7765,User 7765,user7765@example.com,"{""role"": ""user"", ""level"": 0}"
u7766,User 7766,user7766@example.com,"{""role"": ""user"", ""level"": 1}"
u7767,User 7767,user7767@example.com,"{""role"": ""user"", ""level"": 2}"
u7768,User 7768,user7768@example.com,"{""role"": ""user"", ""level"": 3}"
u7769,User 7769,user7769@example.com,"{""role"": ""user"", ""level"": 4}"
u7770,User 7770,user7770@example.com,"{""role"": ""user"", ""level"": 0}"
u7771,User 7771,user7771@example.com,"{""role"": ""user"", ""level"": 1}"
u7772,User 7772,user7772@example.com,"{""role"": ""user"", ""level"": 2}"
u7773,User 7773,user7773@example.com,"{""role"": ""user"", ""level"": 3}"
u7774,User 7774,user7774@example.com,"{""role"": ""user"", ""level"": 4}"
u7775,User 7775,user7775@example.com,"{""role"": ""user"", ""level"": 0}"
u7776,User 7776,user7776@example.com,"{""role"": ""user"", ""level"": 1}"
u7777,User 7777,user7777@example.com,"{""role"": ""user"", ""level"": 2}"
u7778,User 7778,user7778@example.com,"{""role"": ""user"", ""level"": 3}"
u7779,User 7779,user7779@example.com,"{""role"": ""user"", ""level"": 4}"
u7780,User 7780,user7780@example.com,"{""role"": ""user"", ""level"": 0}"
u7781,User 7781,user7781@example.com,"{""role"": ""user"", ""level"": 1}"
u7782,User 7782,user7782@example.com,"{""role"": ""user"", ""level"": 2}"
u7783,User 7783,user7783@example.com,"{""role"": ""user"", ""level"": 3}"
u7784,User 7784,user7784@example.com,"{""role"": ""user"", ""level"": 4}"
u7785,User 7785,user7785@example.com,"{""role"": ""user"", ""level"": 0}"
u7786,User 7786,user7786@example.com,"{""role"": ""user"", ""level"": 1}"
u7787,User 7787,user7787@example.com,"{""role"": ""user"", ""level"": 2}"
u7788,User 7788,user7788@example.com,"{""role"": ""user"", ""level"": 3}"
u7789,User 7789,user7789@example.com,"{""role"": ""user"", ""level"": 4}"
u7790,User 7790,user7790@example.com,"{""role"": ""user"", ""level"": 0}"
u7791,User 7791,user7791@example.com,"{""role"": ""user"", ""level"": 1}"
u7792,User 7792,user7792@example.com,"{""role"": ""user"", ""level"": 2}"
u7793,User 7793,user7793@example.com,"{""role"": ""user"", ""level"": 3}"
u7794,User 7794,user7794@example.com,"{""role"": ""user"", ""level"": 4}"
u7795,User 7795,user7795@example.com,"{""role"": ""user"", ""level"": 0}"
u7796,User 7796,user7796@example.com,"{""role"": ""user"", ""level"": 1}"
u7797,User 7797,user7797@example.com,"{""role"": ""user"", ""level"": 2}"
u7798,User 7798,user7798@example.com,"{""role"": ""user"", ""level"": 3}"
u7799,User 7799,user7799@example.com,"{""role"": ""user"", ""level"": 4}"
u7800,User 7800,user7800@example.com,"{""role"": ""user"", ""level"": 0}"
u7801,User 7801,user7801@example.com,"{""role"": ""user"", ""level"": 1}"
u7802,User 7802,user7802@example.com,"{""role"": ""user"", ""level"": 2}"
u7803,User 7803,user7803@example.com,"{""role"": ""user"", ""level"": 3}"
u7804,User 7804,user7804@example.com,"{""role"": ""user"", ""level"": 4}"
u7805,User 7805,user7805@example.com,"{""role"": ""user"", ""level"": 0}"
u7806,User 7806,user7806@example.com,"{""role"": ""user"", ""level"": 1}"
u7807,User 7807,user7807@example.com,"{""role"": ""user"", ""level"": 2}"
u7808,User 7808,user7808@example.com,"{""role"": ""user"", ""level"": 3}"
u7809,User 7809,user7809@example.com,"{""role"": ""user"", ""level"": 4}"
u7810,User 7810,user7810@example.com,"{""role"": ""user"", ""level"": 0}"
u7811,User 7811,user7811@example.com,"{""role"": ""user"", ""level"": 1}"
u7812,User 7812,user7812@example.com,"{""role"": ""user"", ""level"": 2}"
u7813,User 7813,user7813@example.com,"{""role"": ""user"", ""level"": 3}"
u7814,User 7814,user7814@example.com,"{""role"": ""user"", ""level"": 4}"
u7815,User 7815,user7815@example.com,"{""role"": ""user"", ""level"": 0}"
u7816,User 7816,user7816@example.com,"{""role"": ""user"", ""level"": 1}"
u7817,User 7817,user7817@example.com,"{""role"": ""user"", ""level"": 2}"
u7818,User 7818,user7818@example.com,"{""role"": ""user"", ""level"": 3}"
u7819,User 7819,user7819@example.com,"{""role"": ""user"", ""level"": 4}"
u7820,User 7820,user7820@example.com,"{""role"": ""user"", ""level"": 0}"
u7821,User 7821,user7821@example.com,"{""role"": ""user"", ""level"": 1}"
u7822,User 7822,user7822@example.com,"{""role"": ""user"", ""level"": 2}"
u7823,User 7823,user7823@example.com,"{""role"": ""user"", ""level"": 3}"
u7824,User 7824,user7824@example.com,"{""role"": ""user"", ""level"": 4}"
u7825,User 7825,user7825@example.com,"{""role"": ""user"", ""level"": 0}"
u7826,User 7826,user7826@example.com,"{""role"": ""user"", ""level"": 1}"
u7827,User 7827,user7827@example.com,"{""role"": ""user"", ""level"": 2}"
u7828,User 7828,user7828@example.com,"{""role"": ""user"", ""level"": 3}"
u7829,User 7829,user7829@example.com,"{""role"": ""user"", ""level"": 4}"
u7830,User 7830,user7830@example.com,"{""role"": ""user"", ""level"": 0}"
u7831,User 7831,user7831@example.com,"{""role"": ""user"", ""level"": 1}"
u7832,User 7832,user7832@example.com,"{""role"": ""user"", ""level"": 2}"
u7833,User 7833,user7833@example.com,"{""role"": ""user"", ""level"": 3}"
u7834,User 7834,user7834@example.com,"{""role"": ""user"", ""level"": 4}"
u7835,User 7835,user7835@example.com,"{""role"": ""user"", ""level"": 0}"
u7836,User 7836,user7836@example.com,"{""role"": ""user"", ""level"": 1}"
u7837,User 7837,user7837@example.com,"{""role"": ""user"", ""level"": 2}"
u7838,User 7838,user7838@example.com,"{""role"": ""user"", ""level"": 3}"
u7839,User 7839,user7839@example.com,"{""role"": ""user"", ""level"": 4}"
u7840,User 7840,user7840@example.com,"{""role"": ""user"", ""level"": 0}"
u7841,User 7841,user7841@example.com,"{""role"": ""user"", ""level"": 1}"
u7842,User 7842,user7842@example.com,"{""role"": ""user"", ""level"": 2}"
u7843,User 7843,user7843@example.com,"{""role"": ""user"", ""level"": 3}"
u7844,User 7844,user7844@example.com,"{""role"": ""user"", ""level"": 4}"
u7845,User 7845,user7845@example.com,"{""role"": ""user"", ""level"": 0}"
u7846,User 7846,user7846@example.com,"{""role"": ""user"", ""level"": 1}"
u7847,User 7847,user7847@example.com,"{""role"": ""user"", ""level"": 2}"
u7848,User 7848,user7848@example.com,"{""role"": ""user"", ""level"": 3}"
u7849,User 7849,user7849@example.com,"{""role"": ""user"", ""level"": 4}"
u7850,User 7850,user7850@example.com,"{""role"": ""user"", ""level"": 0}"
u7851,User 7851,user7851@example.com,"{""role"": ""user"", ""level"": 1}"
u7852,User 7852,user7852@example.com,"{""role"": ""user"", ""level"": 2}"
u7853,User 7853,user7853@example.com,"{""role"": ""user"", ""level"": 3}"
u7854,User 7854,user7854@example.com,"{""role"": ""user"", ""level"": 4}"
u7855,User 7855,user7855@example.com,"{""role"": ""user"", ""level"": 0}"
u7856,User 7856,user7856@example.com,"{""role"": ""user"", ""level"": 1}"
u7857,User 7857,user7857@example.com,"{""role"": ""user"", ""level"": 2}"
u7858,User 7858,user7858@example.com,"{""role"": ""user"", ""level"": 3}"
u7859,User 7859,user7859@example.com,"{""role"": ""user"", ""level"": 4}"
u7860,User 7860,user7860@example.com,"{""role"": ""user"", ""level"": 0}"
u7861,User 7861,user7861@example.com,"{""role"": ""user"", ""level"": 1}"
u7862,User 7862,user7862@example.com,"{""role"": ""user"", ""level"": 2}"
u7863,User 7863,user7863@example.com,"{""role"": ""user"", ""level"": 3}"
u7864,User 7864,user7864@example.com,"{""role"": ""user"", ""level"": 4}"
u7865,User 7865,user7865@example.com,"{""role"": ""user"", ""level"": 0}"
u7866,User 7866,user7866@example.com,"{""role"": ""user"", ""level"": 1}"
u7867,User 7867,user7867@example.com,"{""role"": ""user"", ""level"": 2}"
u7868,User 7868,user7868@example.com,"{""role"": ""user"", ""level"": 3}"
u7869,User 7869,user7869@example.com,"{""role"": ""user"", ""level"": 4}"
u7870,User 7870,user7870@example.com,"{""role"": ""user"", ""level"": 0}"
u7871,User 7871,user7871@example.com,"{""role"": ""user"", ""level"": 1}"
u7872,User 7872,user7872@example.com,"{""role"": ""user"", ""level"": 2}"
u7873,User 7873,user7873@example.com,"{""role"": ""user"", ""level"": 3}"
u7874,User 7874,user7874@example.com,"{""role"": ""user"", ""level"": 4}"
u7875,User 7875,user7875@example.com,"{""role"": ""user"", ""level"": 0}"
u7876,User 7876,user7876@example.com,"{""role"": ""user"", ""level"": 1}"
u7877,User 7877,user7877@example.com,"{""role"": ""user"", ""level"": 2}"
u7878,User 7878,user7878@example.com,"{""role"": ""user"", ""level"": 3}"
u7879,User 7879,user7879@example.com,"{""role"": ""user"", ""level"": 4}"
u7880,User 7880,user7880@example.com,"{""role"": ""user"", ""level"": 0}"
u7881,User 7881,user7881@example.com,"{""role"": ""user"", ""level"": 1}"
u7882,User 7882,user7882@example.com,"{""role"": ""user"", ""level"": 2}"
u7883,User 7883,user7883@example.com,"{""role"": ""user"", ""level"": 3}"
u7884,User 7884,user7884@example.com,"{""role"": ""user"", ""level"": 4}"
u7885,User 7885,user7885@example.com,"{""role"": ""user"", ""level"": 0}"
u7886,User 7886,user7886@example.com,"{""role"": ""user"", ""level"": 1}"
u7887,User 7887,user7887@example.com,"{""role"": ""user"", ""level"": 2}"
u7888,User 7888,user7888@example.com,"{""role"": ""user"", ""level"": 3}"
u7889,User 7889,user7889@example.com,"{""role"": ""user"", ""level"": 4}"
u7890,User 7890,user7890@example.com,"{""role"": ""user"", ""level"": 0}"
u7891,User 7891,user7891@example.com,"{""role"": ""user"", ""level"": 1}"
u7892,User 7892,user7892@example.com,"{""role"": ""user"", ""level"": 2}"
u7893,User 7893,user7893@example.com,"{""role"": ""user"", ""level"": 3}"
u7894,User 7894,user7894@example.com,"{""role"": ""user"", ""level"": 4}"
u7895,User 7895,user7895@example.com,"{""role"": ""user"", ""level"": 0}"
u7896,User 7896,user7896@example.com,"{""role"": ""user"", ""level"": 1}"
u7897,User 7897,user7897@example.com,"{""role"": ""user"", ""level"": 2}"
u7898,User 7898,user7898@example.com,"{""role"": ""user"", ""level"": 3}"
u7899,User 7899,user7899@example.com,"{""role"": ""user"", ""level"": 4}"
u7900,User 7900,user7900@example.com,"{""role"": ""user"", ""level"": 0}"
u7901,User 7901,user7901@example.com,"{""role"": ""user"", ""level"": 1}"
u7902,User 7902,user7902@example.com,"{""role"": ""user"", ""level"": 2}"
u7903,User 7903,user7903@example.com,"{""role"": ""user"", ""level"": 3}"
u7904,User 7904,user7904@example.com,"{""role"": ""user"", ""level"": 4}"
u7905,User 7905,user7905@example.com,"{""role"": ""user"", ""level"": 0}"
u7906,User 7906,user7906@example.com,"{""role"": ""user"", ""level"": 1}"
u7907,User 7907,user7907@example.com,"{""role"": ""user"", ""level"": 2}"
u7908,User 7908,user7908@example.com,"{""role"": ""user"", ""level"": 3}"
u7909,User 7909,user7909@example.com,"{""role"": ""user"", ""level"": 4}"
u7910,User 7910,user7910@example.com,"{""role"": ""user"", ""level"": 0}"
u7911,User 7911,user7911@example.com,"{""role"": ""user"", ""level"": 1}"
u7912,User 7912,user7912@example.com,"{""role"": ""user"", ""level"": 2}"
u7913,User 7913,user7913@example.com,"{""role"": ""user"", ""level"": 3}"
u7914,User 7914,user7914@example.com,"{""role"": ""user"", ""level"": 4}"
u7915,User 7915,user7915@example.com,"{""role"": ""user"", ""level"": 0}"
u7916,User 7916,user7916@example.com,"{""role"": ""user"", ""level"": 1}"
u7917,User 7917,user7917@example.com,"{""role"": ""user"", ""level"": 2}"
u7918,User 7918,user7918@example.com,"{""role"": ""user"", ""level"": 3}"
u7919,User 7919,user7919@example.com,"{""role"": ""user"", ""level"": 4}"
u7920,User 7920,user7920@example.com,"{""role"": ""user"", ""level"": 0}"
u7921,User 7921,user7921@example.com,"{""role"": ""user"", ""level"": 1}"
u7922,User 7922,user7922@example.com,"{""role"": ""user"", ""level"": 2}"
u7923,User 7923,user7923@example.com,"{""role"": ""user"", ""level"": 3}"
u7924,User 7924,user7924@example.com,"{""role"": ""user"", ""level"": 4}"
u7925,User 7925,user7925@example.com,"{""role"": ""user"", ""level"": 0}"
u7926,User 7926,user7926@example.com,"{""role"": ""user"", ""level"": 1}"
u7927,User 7927,user7927@example.com,"{""role"": ""user"", ""level"": 2}"
u7928,User 7928,user7928@example.com,"{""role"": ""user"", ""level"": 3}"
u7929,User 7929,user7929@example.com,"{""role"": ""user"", ""level"": 4}"
u7930,User 7930,user7930@example.com,"{""role"": ""user"", ""level"": 0}"
u7931,User 7931,user7931@example.com,"{""role"": ""user"", ""level"": 1}"
u7932,User 7932,user7932@example.com,"{""role"": ""user"", ""level"": 2}"
u7933,User 7933,user7933@example.com,"{""role"": ""user"", ""level"": 3}"
u7934,User 7934,user7934@example.com,"{""role"": ""user"", ""level"": 4}"
u7935,User 7935,user7935@example.com,"{""role"": ""user"", ""level"": 0}"
u7936,User 7936,user7936@example.com,"{""role"": ""user"", ""level"": 1}"
u7937,User 7937,user7937@example.com,"{""role"": ""user"", ""level"": 2}"
u7938,User 7938,user7938@example.com,"{""role"": ""user"", ""level"": 3}"
u7939,User 7939,user7939@example.com,"{""role"": ""user"", ""level"": 4}"
u7940,User 7940,user7940@example.com,"{""role"": ""user"", ""level"": 0}"
u7941,User 7941,user7941@example.com,"{""role"": ""user"", ""level"": 1}"
u7942,User 7942,user7942@example.com,"{""role"": ""user"", ""level"": 2}"
u7943,User 7943,user7943@example.com,"{""role"": ""user"", ""level"": 3}"
u7944,User 7944,user7944@example.com,"{""role"": ""user"", ""level"": 4}"
u7945,User 7945,user7945@example.com,"{""role"": ""user"", ""level"": 0}"
u7946,User 7946,user7946@example.com,"{""role"": ""user"", ""level"": 1}"
u7947,User 7947,user7947@example.com,"{""role"": ""user"", ""level"": 2}"
u7948,User 7948,user7948@example.com,"{""role"": ""user"", ""level"": 3}"
u7949,User 7949,user7949@example.com,"{""role"": ""user"", ""level"": 4}"
u7950,User 7950,user7950@example.com,"{""role"": ""user"", ""level"": 0}"
u7951,User 7951,user7951@example.com,"{""role"": ""user"", ""level"": 1}"
u7952,User 7952,user7952@example.com,"{""role"": ""user"", ""level"": 2}"
u7953,User 7953,user7953@example.com,"{""role"": ""user"", ""level"": 3}"
u7954,User 7954,user7954@example.com,"{""role"": ""user"", ""level"": 4}"
u7955,User 7955,user7955@example.com,"{""role"": ""user"", ""level"": 0}"
u7956,User 7956,user7956@example.com,"{""role"": ""user"", ""level"": 1}"
u7957,User 7957,user7957@example.com,"{""role"": ""user"", ""level"": 2}"
u7958,User 7958,user7958@example.com,"{""role"": ""user"", ""level"": 3}"
u7959,User 7959,user7959@example.com,"{""role"": ""user"", ""level"": 4}"
u7960,User 7960,user7960@example.com,"{""role"": ""user"", ""level"": 0}"
u7961,User 7961,user7961@example.com,"{""role"": ""user"", ""level"": 1}"
u7962,User 7962,user7962@example.com,"{""role"": ""user"", ""level"": 2}"
u7963,User 7963,user7963@example.com,"{""role"": ""user"", ""level"": 3}"
u7964,User 7964,user7964@example.com,"{""role"": ""user"", ""level"": 4}"
u7965,User 7965,user7965@example.com,"{""role"": ""user"", ""level"": 0}"
u7966,User 7966,user7966@example.com,"{""role"": ""user"", ""level"": 1}"
u7967,User 7967,user7967@example.com,"{""role"": ""user"", ""level"": 2}"
u7968,User 7968,user7968@example.com,"{""role"": ""user"", ""level"": 3}"
u7969,User 7969,user7969@example.com,"{""role"": ""user"", ""level"": 4}"
u7970,User 7970,user7970@example.com,"{""role"": ""user"", ""level"": 0}"
u7971,User 7971,user7971@example.com,"{""role"": ""user"", ""level"": 1}"
u7972,User 7972,user7972@example.com,"{""role"": ""user"", ""level"": 2}"
u7973,User 7973,user7973@example.com,"{""role"": ""user"", ""level"": 3}"
u7974,User 7974,user7974@example.com,"{""role"": ""user"", ""level"": 4}"
u7975,User 7975,user7975@example.com,"{""role"": ""user"", ""level"": 0}"
u7976,User 7976,user7976@example.com,"{""role"": ""user"", ""level"": 1}"
u7977,User 7977,user7977@example.com,"{""role"": ""user"", ""level"": 2}"
u7978,User 7978,user7978@example.com,"{""role"": ""user"", ""level"": 3}"
u7979,User 7979,user7979@example.com,"{""role"": ""user"", ""level"": 4}"
u7980,User 7980,user7980@example.com,"{""role"": ""user"", ""level"": 0}"
u7981,User 7981,user7981@example.com,"{""role"": ""user"", ""level"": 1}"
u7982,User 7982,user7982@example.com,"{""role"": ""user"", ""level"": 2}"
u7983,User 7983,user7983@example.com,"{""role"": ""user"", ""level"": 3}"
u7984,User 7984,user7984@example.com,"{""role"": ""user"", ""level"": 4}"
u7985,User 7985,user7985@example.com,"{""role"": ""user"", ""level"": 0}"
u7986,User 7986,user7986@example.com,"{""role"": ""user"", ""level"": 1}"
u7987,User 7987,user7987@example.com,"{""role"": ""user"", ""level"": 2}"
u7988,User 7988,user7988@example.com,"{""role"": ""user"", ""level"": 3}"
u7989,User 7989,user7989@example.com,"{""role"": ""user"", ""level"": 4}"
u7990,User 7990,user7990@example.com,"{""role"": ""user"", ""level"": 0}"
u7991,User 7991,user7991@example.com,"{""role"": ""user"", ""level"": 1}"
u7992,User 7992,user7992@example.com,"{""role"": ""user"", ""level"": 2}"
u7993,User 7993,user7993@example.com,"{""role"": ""user"", ""level"": 3}"
u7994,User 7994,user7994@example.com,"{""role"": ""user"", ""level"": 4}"
u7995,User 7995,user7995@example.com,"{""role"": ""user"", ""level"": 0}"
u7996,User 7996,user7996@example.com,"{""role"": ""user"", ""level"": 1}"
u7997,User 7997,user7997@example.com,"{""role"": ""user"", ""level"": 2}"
u7998,User 7998,user7998@example.com,"{""role"": ""user"", ""level"": 3}"
u7999,User 7999,user7999@example.com,"{""role"": ""user"", ""level"": 4}"
u8000,User 8000,user8000@example.com,"{""role"": ""user"", ""level"": 0}"
u8001,User 8001,user8001@example.com,"{""role"": ""user"", ""level"": 1}"
u8002,User 8002,user8002@example.com,"{""role"": ""user"", ""level"": 2}"
u8003,User 8003,user8003@example.com,"{""role"": ""user"", ""level"": 3}"
u8004,User 8004,user8004@example.com,"{""role"": ""user"", ""level"": 4}"
u8005,User 8005,user8005@example.com,"{""role"": ""user"", ""level"": 0}"
u8006,User 8006,user8006@example.com,"{""role"": ""user"", ""level"": 1}"
u8007,User 8007,user8007@example.com,"{""role"": ""user"", ""level"": 2}"
u8008,User 8008,user8008@example.com,"{""role"": ""user"", ""level"": 3}"
u8009,User 8009,user8009@example.com,"{""role"": ""user"", ""level"": 4}"
u8010,User 8010,user8010@example.com,"{""role"": ""user"", ""level"": 0}"
u8011,User 8011,user8011@example.com,"{""role"": ""user"", ""level"": 1}"
u8012,User 8012,user8012@example.com,"{""role"": ""user"", ""level"": 2}"
u8013,User 8013,user8013@example.com,"{""role"": ""user"", ""level"": 3}"
u8014,User 8014,user8014@example.com,"{""role"": ""user"", ""level"": 4}"
u8015,User 8015,user8015@example.com,"{""role"": ""user"", ""level"": 0}"
u8016,User 8016,user8016@example.com,"{""role"": ""user"", ""level"": 1}"
u8017,User 8017,user8017@example.com,"{""role"": ""user"", ""level"": 2}"
u8018,User 8018,user8018@example.com,"{""role"": ""user"", ""level"": 3}"
u8019,User 8019,user8019@example.com,"{""role"": ""user"", ""level"": 4}"
u8020,User 8020,user8020@example.com,"{""role"": ""user"", ""level"": 0}"
u8021,User 8021,user8021@example.com,"{""role"": ""user"", ""level"": 1}"
u8022,User 8022,user8022@example.com,"{""role"": ""user"", ""level"": 2}"
u8023,User 8023,user8023@example.com,"{""role"": ""user"", ""level"": 3}"
u8024,User 8024,user8024@example.com,"{""role"": ""user"", ""level"": 4}"
u8025,User 8025,user8025@example.com,"{""role"": ""user"", ""level"": 0}"
u8026,User 8026,user8026@example.com,"{""role"": ""user"", ""level"": 1}"
u8027,User 8027,user8027@example.com,"{""role"": ""user"", ""level"": 2}"
u8028,User 8028,user8028@example.com,"{""role"": ""user"", ""level"": 3}"
u8029,User 8029,user8029@example.com,"{""role"": ""user"", ""level"": 4}"
u8030,User 8030,user8030@example.com,"{""role"": ""user"", ""level"": 0}"
u8031,User 8031,user8031@example.com,"{""role"": ""user"", ""level"": 1}"
u8032,User 8032,user8032@example.com,"{""role"": ""user"", ""level"": 2}"
u8033,User 8033,user8033@example.com,"{""role"": ""user"", ""level"": 3}"
u8034,User 8034,user8034@example.com,"{""role"": ""user"", ""level"": 4}"
u8035,User 8035,user8035@example.com,"{""role"": ""user"", ""level"": 0}"
u8036,User 8036,user8036@example.com,"{""role"": ""user"", ""level"": 1}"
u8037,User 8037,user8037@example.com,"{""role"": ""user"", ""level"": 2}"
u8038,User 8038,user8038@example.com,"{""role"": ""user"", ""level"": 3}"
u8039,User 8039,user8039@example.com,"{""role"": ""user"", ""level"": 4}"
u8040,User 8040,user8040@example.com,"{""role"": ""user"", ""level"": 0}"
u8041,User 8041,user8041@example.com,"{""role"": ""user"", ""level"": 1}"
u8042,User 8042,user8042@example.com,"{""role"": ""user"", ""level"": 2}"
u8043,User 8043,user8043@example.com,"{""role"": ""user"", ""level"": 3}"
u8044,User 8044,user8044@example.com,"{""role"": ""user"", ""level"": 4}"
u8045,User 8045,user8045@example.com,"{""role"": ""user"", ""level"": 0}"
u8046,User 8046,user8046@example.com,"{""role"": ""user"", ""level"": 1}"
u8047,User 8047,user8047@example.com,"{""role"": ""user"", ""level"": 2}"
u8048,User 8048,user8048@example.com,"{""role"": ""user"", ""level"": 3}"
u8049,User 8049,user8049@example.com,"{""role"": ""user"", ""level"": 4}"
u8050,User 8050,user8050@example.com,"{""role"": ""user"", ""level"": 0}"
u8051,User 8051,user8051@example.com,"{""role"": ""user"", ""level"": 1}"
u8052,User 8052,user8052@example.com,"{""role"": ""user"", ""level"": 2}"
u8053,User 8053,user8053@example.com,"{""role"": ""user"", ""level"": 3}"
u8054,User 8054,user8054@example.com,"{""role"": ""user"", ""level"": 4}"
u8055,User 8055,user8055@example.com,"{""role"": ""user"", ""level"": 0}"
u8056,User 8056,user8056@example.com,"{""role"": ""user"", ""level"": 1}"
u8057,User 8057,user8057@example.com,"{""role"": ""user"", ""level"": 2}"
u8058,User 8058,user8058@example.com,"{""role"": ""user"", ""level"": 3}"
u8059,User 8059,user8059@example.com,"{""role"": ""user"", ""level"": 4}"
u8060,User 8060,user8060@example.com,"{""role"": ""user"", ""level"": 0}"
u8061,User 8061,user8061@example.com,"{""role"": ""user"", ""level"": 1}"
u8062,User 8062,user8062@example.com,"{""role"": ""user"", ""level"": 2}"
u8063,User 8063,user8063@example.com,"{""role"": ""user"", ""level"": 3}"
u8064,User 8064,user8064@example.com,"{""role"": ""user"", ""level"": 4}"
u8065,User 8065,user8065@example.com,"{""role"": ""user"", ""level"": 0}"
u8066,User 8066,user8066@example.com,"{""role"": ""user"", ""level"": 1}"
u8067,User 8067,user8067@example.com,"{""role"": ""user"", ""level"": 2}"
u8068,User 8068,user8068@example.com,"{""role"": ""user"", ""level"": 3}"
u8069,User 8069,user8069@example.com,"{""role"": ""user"", ""level"": 4}"
u8070,User 8070,user8070@example.com,"{""role"": ""user"", ""level"": 0}"
u8071,User 8071,user8071@example.com,"{""role"": ""user"", ""level"": 1}"
u8072,User 8072,user8072@example.com,"{""role"": ""user"", ""level"": 2}"
u8073,User 8073,user8073@example.com,"{""role"": ""user"", ""level"": 3}"
u8074,User 8074,user8074@example.com,"{""role"": ""user"", ""level"": 4}"
u8075,User 8075,user8075@example.com,"{""role"": ""user"", ""level"": 0}"
u8076,User 8076,user8076@example.com,"{""role"": ""user"", ""level"": 1}"
u8077,User 8077,user8077@example.com,"{""role"": ""user"", ""level"": 2}"
u8078,User 8078,user8078@example.com,"{""role"": ""user"", ""level"": 3}"
u8079,User 8079,user8079@example.com,"{""role"": ""user"", ""level"": 4}"
u8080,User 8080,user8080@example.com,"{""role"": ""user"", ""level"": 0}"
u8081,User 8081,user8081@example.com,"{""role"": ""user"", ""level"": 1}"
u8082,User 8082,user8082@example.com,"{""role"": ""user"", ""level"": 2}"
u8083,User 8083,user8083@example.com,"{""role"": ""user"", ""level"": 3}"
u8084,User 8084,user8084@example.com,"{""role"": ""user"", ""level"": 4}"
u8085,User 8085,user8085@example.com,"{""role"": ""user"", ""level"": 0}"
u8086,User 8086,user8086@example.com,"{""role"": ""user"", ""level"": 1}"
u8087,User 8087,user8087@example.com,"{""role"": ""user"", ""level"": 2}"
u8088,User 8088,user8088@example.com,"{""role"": ""user"", ""level"": 3}"
u8089,User 8089,user8089@example.com,"{""role"": ""user"", ""level"": 4}"
u8090,User 8090,user8090@example.com,"{""role"": ""user"", ""level"": 0}"
u8091,User 8091,user8091@example.com,"{""role"": ""user"", ""level"": 1}"
u8092,User 8092,user8092@example.com,"{""role"": ""user"", ""level"": 2}"
u8093,User 8093,user8093@example.com,"{""role"": ""user"", ""level"": 3}"
u8094,User 8094,user8094@example.com,"{""role"": ""user"", ""level"": 4}"
u8095,User 8095,user8095@example.com,"{""role"": ""user"", ""level"": 0}"
u8096,User 8096,user8096@example.com,"{""role"": ""user"", ""level"": 1}"
u8097,User 8097,user8097@example.com,"{""role"": ""user"", ""level"": 2}"
u8098,User 8098,user8098@example.com,"{""role"": ""user"", ""level"": 3}"
u8099,User 8099,user8099@example.com,"{""role"": ""user"", ""level"": 4}"
u8100,User 8100,user8100@example.com,"{""role"": ""user"", ""level"": 0}"
u8101,User 8101,user8101@example.com,"{""role"": ""user"", ""level"": 1}"
u8102,User 8102,user8102@example.com,"{""role"": ""user"", ""level"": 2}"
u8103,User 8103,user8103@example.com,"{""role"": ""user"", ""level"": 3}"
u8104,User 8104,user8104@example.com,"{""role"": ""user"", ""level"": 4}"
u8105,User 8105,user8105@example.com,"{""role"": ""user"", ""level"": 0}"
u8106,User 8106,user8106@example.com,"{""role"": ""user"", ""level"": 1}"
u8107,User 8107,user8107@example.com,"{""role"": ""user"", ""level"": 2}"
u8108,User 8108,user8108@example.com,"{""role"": ""user"", ""level"": 3}"
u8109,User 8109,user8109@example.com,"{""role"": ""user"", ""level"": 4}"
u8110,User 8110,user8110@example.com,"{""role"": ""user"", ""level"": 0}"
u8111,User 8111,user8111@example.com,"{""role"": ""user"", ""level"": 1}"
u8112,User 8112,user8112@example.com,"{""role"": ""user"", ""level"": 2}"
u8113,User 8113,user8113@example.com,"{""role"": ""user"", ""level"": 3}"
u8114,User 8114,user8114@example.com,"{""role"": ""user"", ""level"": 4}"
u8115,User 8115,user8115@example.com,"{""role"": ""user"", ""level"": 0}"
u8116,User 8116,user8116@example.com,"{""role"": ""user"", ""level"": 1}"
u8117,User 8117,user8117@example.com,"{""role"": ""user"", ""level"": 2}"
u8118,User 8118,user8118@example.com,"{""role"": ""user"", ""level"": 3}"
u8119,User 8119,user8119@example.com,"{""role"": ""user"", ""level"": 4}"
u8120,User 8120,user8120@example.com,"{""role"": ""user"", ""level"": 0}"
u8121,User 8121,user8121@example.com,"{""role"": ""user"", ""level"": 1}"
u8122,User 8122,user8122@example.com,"{""role"": ""user"", ""level"": 2}"
u8123,User 8123,user8123@example.com,"{""role"": ""user"", ""level"": 3}"
u8124,User 8124,user8124@example.com,"{""role"": ""user"", ""level"": 4}"
u8125,User 8125,user8125@example.com,"{""role"": ""user"", ""level"": 0}"
u8126,User 8126,user8126@example.com,"{""role"": ""user"", ""level"": 1}"
u8127,User 8127,user8127@example.com,"{""role"": ""user"", ""level"": 2}"
u8128,User 8128,user8128@example.com,"{""role"": ""user"", ""level"": 3}"
u8129,User 8129,user8129@example.com,"{""role"": ""user"", ""level"": 4}"
u8130,User 8130,user8130@example.com,"{""role"": ""user"", ""level"": 0}"
u8131,User 8131,user8131@example.com,"{""role"": ""user"", ""level"": 1}"
u8132,User 8132,user8132@example.com,"{""role"": ""user"", ""level"": 2}"
u8133,User 8133,user8133@example.com,"{""role"": ""user"", ""level"": 3}"
u8134,User 8134,user8134@example.com,"{""role"": ""user"", ""level"": 4}"
u8135,User 8135,user8135@example.com,"{""role"": ""user"", ""level"": 0}"
u8136,User 8136,user8136@example.com,"{""role"": ""user"", ""level"": 1}"
u8137,User 8137,user8137@example.com,"{""role"": ""user"", ""level"": 2}"
u8138,User 8138,user8138@example.com,"{""role"": ""user"", ""level"": 3}"
u8139,User 8139,user8139@example.com,"{""role"": ""user"", ""level"": 4}"
u8140,User 8140,user8140@example.com,"{""role"": ""user"", ""level"": 0}"
u8141,User 8141,user8141@example.com,"{""role"": ""user"", ""level"": 1}"
u8142,User 8142,user8142@example.com,"{""role"": ""user"", ""level"": 2}"
u8143,User 8143,user8143@example.com,"{""role"": ""user"", ""level"": 3}"
u8144,User 8144,user8144@example.com,"{""role"": ""user"", ""level"": 4}"
u8145,User 8145,user8145@example.com,"{""role"": ""user"", ""level"": 0}"
u8146,User 8146,user8146@example.com,"{""role"": ""user"", ""level"": 1}"
u8147,User 8147,user8147@example.com,"{""role"": ""user"", ""level"": 2}"
u8148,User 8148,user8148@example.com,"{""role"": ""user"", ""level"": 3}"
u8149,User 8149,user8149@example.com,"{""role"": ""user"", ""level"": 4}"
u8150,User 8150,user8150@example.com,"{""role"": ""user"", ""level"": 0}"
u8151,User 8151,user8151@example.com,"{""role"": ""user"", ""level"": 1}"
u8152,User 8152,user8152@example.com,"{""role"": ""user"", ""level"": 2}"
u8153,User 8153,user8153@example.com,"{""role"": ""user"", ""level"": 3}"
u8154,User 8154,user8154@example.com,"{""role"": ""user"", ""level"": 4}"
u8155,User 8155,user8155@example.com,"{""role"": ""user"", ""level"": 0}"
u8156,User 8156,user8156@example.com,"{""role"": ""user"", ""level"": 1}"
u8157,User 8157,user8157@example.com,"{""role"": ""user"", ""level"": 2}"
u8158,User 8158,user8158@example.com,"{""role"": ""user"", ""level"": 3}"
u8159,User 8159,user8159@example.com,"{""role"": ""user"", ""level"": 4}"
u8160,User 8160,user8160@example.com,"{""role"": ""user"", ""level"": 0}"
u8161,User 8161,user8161@example.com,"{""role"": ""user"", ""level"": 1}"
u8162,User 8162,user8162@example.com,"{""role"": ""user"", ""level"": 2}"
u8163,User 8163,user8163@example.com,"{""role"": ""user"", ""level"": 3}"
u8164,User 8164,user8164@example.com,"{""role"": ""user"", ""level"": 4}"
u8165,User 8165,user8165@example.com,"{""role"": ""user"", ""level"": 0}"
u8166,User 8166,user8166@example.com,"{""role"": ""user"", ""level"": 1}"
u8167,User 8167,user8167@example.com,"{""role"": ""user"", ""level"": 2}"
u8168,User 8168,user8168@example.com,"{""role"": ""user"", ""level"": 3}"
u8169,User 8169,user8169@example.com,"{""role"": ""user"", ""level"": 4}"
u8170,User 8170,user8170@example.com,"{""role"": ""user"", ""level"": 0}"
u8171,User 8171,user8171@example.com,"{""role"": ""user"", ""level"": 1}"
u8172,User 8172,user8172@example.com,"{""role"": ""user"", ""level"": 2}"
u8173,User 8173,user8173@example.com,"{""role"": ""user"", ""level"": 3}"
u8174,User 8174,user8174@example.com,"{""role"": ""user"", ""level"": 4}"
u8175,User 8175,user8175@example.com,"{""role"": ""user"", ""level"": 0}"
u8176,User 8176,user8176@example.com,"{""role"": ""user"", ""level"": 1}"
u8177,User 8177,user8177@example.com,"{""role"": ""user"", ""level"": 2}"
u8178,User 8178,user8178@example.com,"{""role"": ""user"", ""level"": 3}"
u8179,User 8179,user8179@example.com,"{""role"": ""user"", ""level"": 4}"
u8180,User 8180,user8180@example.com,"{""role"": ""user"", ""level"": 0}"
u8181,User 8181,user8181@example.com,"{""role"": ""user"", ""level"": 1}"
u8182,User 8182,user8182@example.com,"{""role"": ""user"", ""level"": 2}"
u8183,User 8183,user8183@example.com,"{""role"": ""user"", ""level"": 3}"
u8184,User 8184,user8184@example.com,"{""role"": ""user"", ""level"": 4}"
u8185,User 8185,user8185@example.com,"{""role"": ""user"", ""level"": 0}"
u8186,User 8186,user8186@example.com,"{""role"": ""user"", ""level"": 1}"
u8187,User 8187,user8187@example.com,"{""role"": ""user"", ""level"": 2}"
u8188,User 8188,user8188@example.com,"{""role"": ""user"", ""level"": 3}"
u8189,User 8189,user8189@example.com,"{""role"": ""user"", ""level"": 4}"
u8190,User 8190,user8190@example.com,"{""role"": ""user"", ""level"": 0}"
u8191,User 8191,user8191@example.com,"{""role"": ""user"", ""level"": 1}"
u8192,User 8192,user8192@example.com,"{""role"": ""user"", ""level"": 2}"
u8193,User 8193,user8193@example.com,"{""role"": ""user"", ""level"": 3}"
u8194,User 8194,user8194@example.com,"{""role"": ""user"", ""level"": 4}"
u8195,User 8195,user8195@example.com,"{""role"": ""user"", ""level"": 0}"
u8196,User 8196,user8196@example.com,"{""role"": ""user"", ""level"": 1}"
u8197,User 8197,user8197@example.com,"{""role"": ""user"", ""level"": 2}"
u8198,User 8198,user8198@example.com,"{""role"": ""user"", ""level"": 3}"
u8199,User 8199,user8199@example.com,"{""role"": ""user"", ""level"": 4}"
u8200,User 8200,user8200@example.com,"{""role"": ""user"", ""level"": 0}"
u8201,User 8201,user8201@example.com,"{""role"": ""user"", ""level"": 1}"
u8202,User 8202,user8202@example.com,"{""role"": ""user"", ""level"": 2}"
u8203,User 8203,user8203@example.com,"{""role"": ""user"", ""level"": 3}"
u8204,User 8204,user8204@example.com,"{""role"": ""user"", ""level"": 4}"
u8205,User 8205,user8205@example.com,"{""role"": ""user"", ""level"": 0}"
u8206,User 8206,user8206@example.com,"{""role"": ""user"", ""level"": 1}"
u8207,User 8207,user8207@example.com,"{""role"": ""user"", ""level"": 2}"
u8208,User 8208,user8208@example.com,"{""role"": ""user"", ""level"": 3}"
u8209,User 8209,user8209@example.com,"{""role"": ""user"", ""level"": 4}"
u8210,User 8210,user8210@example.com,"{""role"": ""user"", ""level"": 0}"
u8211,User 8211,user8211@example.com,"{""role"": ""user"", ""level"": 1}"
u8212,User 8212,user8212@example.com,"{""role"": ""user"", ""level"": 2}"
u8213,User 8213,user8213@example.com,"{""role"": ""user"", ""level"": 3}"
u8214,User 8214,user8214@example.com,"{""role"": ""user"", ""level"": 4}"
u8215,User 8215,user8215@example.com,"{""role"": ""user"", ""level"": 0}"
u8216,User 8216,user8216@example.com,"{""role"": ""user"", ""level"": 1}"
u8217,User 8217,user8217@example.com,"{""role"": ""user"", ""level"": 2}"
u8218,User 8218,user8218@example.com,"{""role"": ""user"", ""level"": 3}"
u8219,User 8219,user8219@example.com,"{""role"": ""user"", ""level"": 4}"
u8220,User 8220,user8220@example.com,"{""role"": ""user"", ""level"": 0}"
u8221,User 8221,user8221@example.com,"{""role"": ""user"", ""level"": 1}"
u8222,User 8222,user8222@example.com,"{""role"": ""user"", ""level"": 2}"
u8223,User 8223,user8223@example.com,"{""role"": ""user"", ""level"": 3}"
u8224,User 8224,user8224@example.com,"{""role"": ""user"", ""level"": 4}"
u8225,User 8225,user8225@example.com,"{""role"": ""user"", ""level"": 0}"
u8226,User 8226,user8226@example.com,"{""role"": ""user"", ""level"": 1}"
u8227,User 8227,user8227@example.com,"{""role"": ""user"", ""level"": 2}"
u8228,User 8228,user8228@example.com,"{""role"": ""user"", ""level"": 3}"
u8229,User 8229,user8229@example.com,"{""role"": ""user"", ""level"": 4}"
u8230,User 8230,user8230@example.com,"{""role"": ""user"", ""level"": 0}"
u8231,User 8231,user8231@example.com,"{""role"": ""user"", ""level"": 1}"
u8232,User 8232,user8232@example.com,"{""role"": ""user"", ""level"": 2}"
u8233,User 8233,user8233@example.com,"{""role"": ""user"", ""level"": 3}"
u8234,User 8234,user8234@example.com,"{""role"": ""user"", ""level"": 4}"
u8235,User 8235,user8235@example.com,"{""role"": ""user"", ""level"": 0}"
u8236,User 8236,user8236@example.com,"{""role"": ""user"", ""level"": 1}"
u8237,User 8237,user8237@example.com,"{""role"": ""user"", ""level"": 2}"
u8238,User 8238,user8238@example.com,"{""role"": ""user"", ""level"": 3}"
u8239,User 8239,user8239@example.com,"{""role"": ""user"", ""level"": 4}"
u8240,User 8240,user8240@example.com,"{""role"": ""user"", ""level"": 0}"
u8241,User 8241,user8241@example.com,"{""role"": ""user"", ""level"": 1}"
u8242,User 8242,user8242@example.com,"{""role"": ""user"", ""level"": 2}"
u8243,User 8243,user8243@example.com,"{""role"": ""user"", ""level"": 3}"
u8244,User 8244,user8244@example.com,"{""role"": ""user"", ""level"": 4}"
u8245,User 8245,user8245@example.com,"{""role"": ""user"", ""level"": 0}"
u8246,User 8246,user8246@example.com,"{""role"": ""user"", ""level"": 1}"
u8247,User 8247,user8247@example.com,"{""role"": ""user"", ""level"": 2}"
u8248,User 8248,user8248@example.com,"{""role"": ""user"", ""level"": 3}"
u8249,User 8249,user8249@example.com,"{""role"": ""user"", ""level"": 4}"
u8250,User 8250,user8250@example.com,"{""role"": ""user"", ""level"": 0}"
u8251,User 8251,user8251@example.com,"{""role"": ""user"", ""level"": 1}"
u8252,User 8252,user8252@example.com,"{""role"": ""user"", ""level"": 2}"
u8253,User 8253,user8253@example.com,"{""role"": ""user"", ""level"": 3}"
u8254,User 8254,user8254@example.com,"{""role"": ""user"", ""level"": 4}"
u8255,User 8255,user8255@example.com,"{""role"": ""user"", ""level"": 0}"
u8256,User 8256,user8256@example.com,"{""role"": ""user"", ""level"": 1}"
u8257,User 8257,user8257@example.com,"{""role"": ""user"", ""level"": 2}"
u8258,User 8258,user8258@example.com,"{""role"": ""user"", ""level"": 3}"
u8259,User 8259,user8259@example.com,"{""role"": ""user"", ""level"": 4}"
u8260,User 8260,user8260@example.com,"{""role"": ""user"", ""level"": 0}"
u8261,User 8261,user8261@example.com,"{""role"": ""user"", ""level"": 1}"
u8262,User 8262,user8262@example.com,"{""role"": ""user"", ""level"": 2}"
u8263,User 8263,user8263@example.com,"{""role"": ""user"", ""level"": 3}"
u8264,User 8264,user8264@example.com,"{""role"": ""user"", ""level"": 4}"
u8265,User 8265,user8265@example.com,"{""role"": ""user"", ""level"": 0}"
u8266,User 8266,user8266@example.com,"{""role"": ""user"", ""level"": 1}"
u8267,User 8267,user8267@example.com,"{""role"": ""user"", ""level"": 2}"
u8268,User 8268,user8268@example.com,"{""role"": ""user"", ""level"": 3}"
u8269,User 8269,user8269@example.com,"{""role"": ""user"", ""level"": 4}"
u8270,User 8270,user8270@example.com,"{""role"": ""user"", ""level"": 0}"
u8271,User 8271,user8271@example.com,"{""role"": ""user"", ""level"": 1}"
u8272,User 8272,user8272@example.com,"{""role"": ""user"", ""level"": 2}"
u8273,User 8273,user8273@example.com,"{""role"": ""user"", ""level"": 3}"
u8274,User 8274,user8274@example.com,"{""role"": ""user"", ""level"": 4}"
u8275,User 8275,user8275@example.com,"{""role"": ""user"", ""level"": 0}"
u8276,User 8276,user8276@example.com,"{""role"": ""user"", ""level"": 1}"
u8277,User 8277,user8277@example.com,"{""role"": ""user"", ""level"": 2}"
u8278,User 8278,user8278@example.com,"{""role"": ""user"", ""level"": 3}"
u8279,User 8279,user8279@example.com,"{""role"": ""user"", ""level"": 4}"
u8280,User 8280,user8280@example.com,"{""role"": ""user"", ""level"": 0}"
u8281,User 8281,user8281@example.com,"{""role"": ""user"", ""level"": 1}"
u8282,User 8282,user8282@example.com,"{""role"": ""user"", ""level"": 2}"
u8283,User 8283,user8283@example.com,"{""role"": ""user"", ""level"": 3}"
u8284,User 8284,user8284@example.com,"{""role"": ""user"", ""level"": 4}"
u8285,User 8285,user8285@example.com,"{""role"": ""user"", ""level"": 0}"
u8286,User 8286,user8286@example.com,"{""role"": ""user"", ""level"": 1}"
u8287,User 8287,user8287@example.com,"{""role"": ""user"", ""level"": 2}"
u8288,User 8288,user8288@example.com,"{""role"": ""user"", ""level"": 3}"
u8289,User 8289,user8289@example.com,"{""role"": ""user"", ""level"": 4}"
u8290,User 8290,user8290@example.com,"{""role"": ""user"", ""level"": 0}"
u8291,User 8291,user8291@example.com,"{""role"": ""user"", ""level"": 1}"
u8292,User 8292,user8292@example.com,"{""role"": ""user"", ""level"": 2}"
u8293,User 8293,user8293@example.com,"{""role"": ""user"", ""level"": 3}"
u8294,User 8294,user8294@example.com,"{""role"": ""user"", ""level"": 4}"
u8295,User 8295,user8295@example.com,"{""role"": ""user"", ""level"": 0}"
u8296,User 8296,user8296@example.com,"{""role"": ""user"", ""level"": 1}"
u8297,User 8297,user8297@example.com,"{""role"": ""user"", ""level"": 2}"
u8298,User 8298,user8298@example.com,"{""role"": ""user"", ""level"": 3}"
u8299,User 8299,user8299@example.com,"{""role"": ""user"", ""level"": 4}"
u8300,User 8300,user8300@example.com,"{""role"": ""user"", ""level"": 0}"
u8301,User 8301,user8301@example.com,"{""role"": ""user"", ""level"": 1}"
u8302,User 8302,user8302@example.com,"{""role"": ""user"", ""level"": 2}"
u8303,User 8303,user8303@example.com,"{""role"": ""user"", ""level"": 3}"
u8304,User 8304,user8304@example.com,"{""role"": ""user"", ""level"": 4}"
u8305,User 8305,user8305@example.com,"{""role"": ""user"", ""level"": 0}"
u8306,User 8306,user8306@example.com,"{""role"": ""user"", ""level"": 1}"
u8307,User 8307,user8307@example.com,"{""role"": ""user"", ""level"": 2}"
u8308,User 8308,user8308@example.com,"{""role"": ""user"", ""level"": 3}"
u8309,User 8309,user8309@example.com,"{""role"": ""user"", ""level"": 4}"
u8310,User 8310,user8310@example.com,"{""role"": ""user"", ""level"": 0}"
u8311,User 8311,user8311@example.com,"{""role"": ""user"", ""level"": 1}"
u8312,User 8312,user8312@example.com,"{""role"": ""user"", ""level"": 2}"
u8313,User 8313,user8313@example.com,"{""role"": ""user"", ""level"": 3}"
u8314,User 8314,user8314@example.com,"{""role"": ""user"", ""level"": 4}"
u8315,User 8315,user8315@example.com,"{""role"": ""user"", ""level"": 0}"
u8316,User 8316,user8316@example.com,"{""role"": ""user"", ""level"": 1}"
u8317,User 8317,user8317@example.com,"{""role"": ""user"", ""level"": 2}"
u8318,User 8318,user8318@example.com,"{""role"": ""user"", ""level"": 3}"
u8319,User 8319,user8319@example.com,"{""role"": ""user"", ""level"": 4}"
u8320,User 8320,user8320@example.com,"{""role"": ""user"", ""level"": 0}"
u8321,User 8321,user8321@example.com,"{""role"": ""user"", ""level"": 1}"
u8322,User 8322,user8322@example.com,"{""role"": ""user"", ""level"": 2}"
u8323,User 8323,user8323@example.com,"{""role"": ""user"", ""level"": 3}"
u8324,User 8324,user8324@example.com,"{""role"": ""user"", ""level"": 4}"
u8325,User 8325,user8325@example.com,"{""role"": ""user"", ""level"": 0}"
u8326,User 8326,user8326@example.com,"{""role"": ""user"", ""level"": 1}"
u8327,User 8327,user8327@example.com,"{""role"": ""user"", ""level"": 2}"
u8328,User 8328,user8328@example.com,"{""role"": ""user"", ""level"": 3}"
u8329,User 8329,user8329@example.com,"{""role"": ""user"", ""level"": 4}"
u8330,User 8330,user8330@example.com,"{""role"": ""user"", ""level"": 0}"
u8331,User 8331,user8331@example.com,"{""role"": ""user"", ""level"": 1}"
u8332,User 8332,user8332@example.com,"{""role"": ""user"", ""level"": 2}"
u8333,User 8333,user8333@example.com,"{""role"": ""user"", ""level"": 3}"
u8334,User 8334,user8334@example.com,"{""role"": ""user"", ""level"": 4}"
u8335,User 8335,user8335@example.com,"{""role"": ""user"", ""level"": 0}"
u8336,User 8336,user8336@example.com,"{""role"": ""user"", ""level"": 1}"
u8337,User 8337,user8337@example.com,"{""role"": ""user"", ""level"": 2}"
u8338,User 8338,user8338@example.com,"{""role"": ""user"", ""level"": 3}"
u8339,User 8339,user8339@example.com,"{""role"": ""user"", ""level"": 4}"
u8340,User 8340,user8340@example.com,"{""role"": ""user"", ""level"": 0}"
u8341,User 8341,user8341@example.com,"{""role"": ""user"", ""level"": 1}"
u8342,User 8342,user8342@example.com,"{""role"": ""user"", ""level"": 2}"
u8343,User 8343,user8343@example.com,"{""role"": ""user"", ""level"": 3}"
u8344,User 8344,user8344@example.com,"{""role"": ""user"", ""level"": 4}"
u8345,User 8345,user8345@example.com,"{""role"": ""user"", ""level"": 0}"
u8346,User 8346,user8346@example.com,"{""role"": ""user"", ""level"": 1}"
u8347,User 8347,user8347@example.com,"{""role"": ""user"", ""level"": 2}"
u8348,User 8348,user8348@example.com,"{""role"": ""user"", ""level"": 3}"
u8349,User 8349,user8349@example.com,"{""role"": ""user"", ""level"": 4}"
u8350,User 8350,user8350@example.com,"{""role"": ""user"", ""level"": 0}"
u8351,User 8351,user8351@example.com,"{""role"": ""user"", ""level"": 1}"
u8352,User 8352,user8352@example.com,"{""role"": ""user"", ""level"": 2}"
u8353,User 8353,user8353@example.com,"{""role"": ""user"", ""level"": 3}"
u8354,User 8354,user8354@example.com,"{""role"": ""user"", ""level"": 4}"
u8355,User 8355,user8355@example.com,"{""role"": ""user"", ""level"": 0}"
u8356,User 8356,user8356@example.com,"{""role"": ""user"", ""level"": 1}"
u8357,User 8357,user8357@example.com,"{""role"": ""user"", ""level"": 2}"
u8358,User 8358,user8358@example.com,"{""role"": ""user"", ""level"": 3}"
u8359,User 8359,user8359@example.com,"{""role"": ""user"", ""level"": 4}"
u8360,User 8360,user8360@example.com,"{""role"": ""user"", ""level"": 0}"
u8361,User 8361,user8361@example.com,"{""role"": ""user"", ""level"": 1}"
u8362,User 8362,user8362@example.com,"{""role"": ""user"", ""level"": 2}"
u8363,User 8363,user8363@example.com,"{""role"": ""user"", ""level"": 3}"
u8364,User 8364,user8364@example.com,"{""role"": ""user"", ""level"": 4}"
u8365,User 8365,user8365@example.com,"{""role"": ""user"", ""level"": 0}"
u8366,User 8366,user8366@example.com,"{""role"": ""user"", ""level"": 1}"
u8367,User 8367,user8367@example.com,"{""role"": ""user"", ""level"": 2}"
u8368,User 8368,user8368@example.com,"{""role"": ""user"", ""level"": 3}"
u8369,User 8369,user8369@example.com,"{""role"": ""user"", ""level"": 4}"
u8370,User 8370,user8370@example.com,"{""role"": ""user"", ""level"": 0}"
u8371,User 8371,user8371@example.com,"{""role"": ""user"", ""level"": 1}"
u8372,User 8372,user8372@example.com,"{""role"": ""user"", ""level"": 2}"
u8373,User 8373,user8373@example.com,"{""role"": ""user"", ""level"": 3}"
u8374,User 8374,user8374@example.com,"{""role"": ""user"", ""level"": 4}"
u8375,User 8375,user8375@example.com,"{""role"": ""user"", ""level"": 0}"
u8376,User 8376,user8376@example.com,"{""role"": ""user"", ""level"": 1}"
u8377,User 8377,user8377@example.com,"{""role"": ""user"", ""level"": 2}"
u8378,User 8378,user8378@example.com,"{""role"": ""user"", ""level"": 3}"
u8379,User 8379,user8379@example.com,"{""role"": ""user"", ""level"": 4}"
u8380,User 8380,user8380@example.com,"{""role"": ""user"", ""level"": 0}"
u8381,User 8381,user8381@example.com,"{""role"": ""user"", ""level"": 1}"
u8382,User 8382,user8382@example.com,"{""role"": ""user"", ""level"": 2}"
u8383,User 8383,user8383@example.com,"{""role"": ""user"", ""level"": 3}"
u8384,User 8384,user8384@example.com,"{""role"": ""user"", ""level"": 4}"
u8385,User 8385,user8385@example.com,"{""role"": ""user"", ""level"": 0}"
u8386,User 8386,user8386@example.com,"{""role"": ""user"", ""level"": 1}"
u8387,User 8387,user8387@example.com,"{""role"": ""user"", ""level"": 2}"
u8388,User 8388,user8388@example.com,"{""role"": ""user"", ""level"": 3}"
u8389,User 8389,user8389@example.com,"{""role"": ""user"", ""level"": 4}"
u8390,User 8390,user8390@example.com,"{""role"": ""user"", ""level"": 0}"
u8391,User 8391,user8391@example.com,"{""role"": ""user"", ""level"": 1}"
u8392,User 8392,user8392@example.com,"{""role"": ""user"", ""level"": 2}"
u8393,User 8393,user8393@example.com,"{""role"": ""user"", ""level"": 3}"
u8394,User 8394,user8394@example.com,"{""role"": ""user"", ""level"": 4}"
u8395,User 8395,user8395@example.com,"{""role"": ""user"", ""level"": 0}"
u8396,User 8396,user8396@example.com,"{""role"": ""user"", ""level"": 1}"
u8397,User 8397,user8397@example.com,"{""role"": ""user"", ""level"": 2}"
u8398,User 8398,user8398@example.com,"{""role"": ""user"", ""level"": 3}"
u8399,User 8399,user8399@example.com,"{""role"": ""user"", ""level"": 4}"
u8400,User 8400,user8400@example.com,"{""role"": ""user"", ""level"": 0}"
u8401,User 8401,user8401@example.com,"{""role"": ""user"", ""level"": 1}"
u8402,User 8402,user8402@example.com,"{""role"": ""user"", ""level"": 2}"
u8403,User 8403,user8403@example.com,"{""role"": ""user"", ""level"": 3}"
u8404,User 8404,user8404@example.com,"{""role"": ""user"", ""level"": 4}"
u8405,User 8405,user8405@example.com,"{""role"": ""user"", ""level"": 0}"
u8406,User 8406,user8406@example.com,"{""role"": ""user"", ""level"": 1}"
u8407,User 8407,user8407@example.com,"{""role"": ""user"", ""level"": 2}"
u8408,User 8408,user8408@example.com,"{""role"": ""user"", ""level"": 3}"
u8409,User 8409,user8409@example.com,"{""role"": ""user"", ""level"": 4}"
u8410,User 8410,user8410@example.com,"{""role"": ""user"", ""level"": 0}"
u8411,User 8411,user8411@example.com,"{""role"": ""user"", ""level"": 1}"
u8412,User 8412,user8412@example.com,"{""role"": ""user"", ""level"": 2}"
u8413,User 8413,user8413@example.com,"{""role"": ""user"", ""level"": 3}"
u8414,User 8414,user8414@example.com,"{""role"": ""user"", ""level"": 4}"
u8415,User 8415,user8415@example.com,"{""role"": ""user"", ""level"": 0}"
u8416,User 8416,user8416@example.com,"{""role"": ""user"", ""level"": 1}"
u8417,User 8417,user8417@example.com,"{""role"": ""user"", ""level"": 2}"
u8418,User 8418,user8418@example.com,"{""role"": ""user"", ""level"": 3}"
u8419,User 8419,user8419@example.com,"{""role"": ""user"", ""level"": 4}"
u8420,User 8420,user8420@example.com,"{""role"": ""user"", ""level"": 0}"
u8421,User 8421,user8421@example.com,"{""role"": ""user"", ""level"": 1}"
u8422,User 8422,user8422@example.com,"{""role"": ""user"", ""level"": 2}"
u8423,User 8423,user8423@example.com,"{""role"": ""user"", ""level"": 3}"
u8424,User 8424,user8424@example.com,"{""role"": ""user"", ""level"": 4}"
u8425,User 8425,user8425@example.com,"{""role"": ""user"", ""level"": 0}"
u8426,User 8426,user8426@example.com,"{""role"": ""user"", ""level"": 1}"
u8427,User 8427,user8427@example.com,"{""role"": ""user"", ""level"": 2}"
u8428,User 8428,user8428@example.com,"{""role"": ""user"", ""level"": 3}"
u8429,User 8429,user8429@example.com,"{""role"": ""user"", ""level"": 4}"
u8430,User 8430,user8430@example.com,"{""role"": ""user"", ""level"": 0}"
u8431,User 8431,user8431@example.com,"{""role"": ""user"", ""level"": 1}"
u8432,User 8432,user8432@example.com,"{""role"": ""user"", ""level"": 2}"
u8433,User 8433,user8433@example.com,"{""role"": ""user"", ""level"": 3}"
u8434,User 8434,user8434@example.com,"{""role"": ""user"", ""level"": 4}"
u8435,User 8435,user8435@example.com,"{""role"": ""user"", ""level"": 0}"
u8436,User 8436,user8436@example.com,"{""role"": ""user"", ""level"": 1}"
u8437,User 8437,user8437@example.com,"{""role"": ""user"", ""level"": 2}"
u8438,User 8438,user8438@example.com,"{""role"": ""user"", ""level"": 3}"
u8439,User 8439,user8439@example.com,"{""role"": ""user"", ""level"": 4}"
u8440,User 8440,user8440@example.com,"{""role"": ""user"", ""level"": 0}"
u8441,User 8441,user8441@example.com,"{""role"": ""user"", ""level"": 1}"
u8442,User 8442,user8442@example.com,"{""role"": ""user"", ""level"": 2}"
u8443,User 8443,user8443@example.com,"{""role"": ""user"", ""level"": 3}"
u8444,User 8444,user8444@example.com,"{""role"": ""user"", ""level"": 4}"
u8445,User 8445,user8445@example.com,"{""role"": ""user"", ""level"": 0}"
u8446,User 8446,user8446@example.com,"{""role"": ""user"", ""level"": 1}"
u8447,User 8447,user8447@example.com,"{""role"": ""user"", ""level"": 2}"
u8448,User 8448,user8448@example.com,"{""role"": ""user"", ""level"": 3}"
u8449,User 8449,user8449@example.com,"{""role"": ""user"", ""level"": 4}"
u8450,User 8450,user8450@example.com,"{""role"": ""user"", ""level"": 0}"
u8451,User 8451,user8451@example.com,"{""role"": ""user"", ""level"": 1}"
u8452,User 8452,user8452@example.com,"{""role"": ""user"", ""level"": 2}"
u8453,User 8453,user8453@example.com,"{""role"": ""user"", ""level"": 3}"
u8454,User 8454,user8454@example.com,"{""role"": ""user"", ""level"": 4}"
u8455,User 8455,user8455@example.com,"{""role"": ""user"", ""level"": 0}"
u8456,User 8456,user8456@example.com,"{""role"": ""user"", ""level"": 1}"
u8457,User 8457,user8457@example.com,"{""role"": ""user"", ""level"": 2}"
u8458,User 8458,user8458@example.com,"{""role"": ""user"", ""level"": 3}"
u8459,User 8459,user8459@example.com,"{""role"": ""user"", ""level"": 4}"
u8460,User 8460,user8460@example.com,"{""role"": ""user"", ""level"": 0}"
u8461,User 8461,user8461@example.com,"{""role"": ""user"", ""level"": 1}"
u8462,User 8462,user8462@example.com,"{""role"": ""user"", ""level"": 2}"
u8463,User 8463,user8463@example.com,"{""role"": ""user"", ""level"": 3}"
u8464,User 8464,user8464@example.com,"{""role"": ""user"", ""level"": 4}"
u8465,User 8465,user8465@example.com,"{""role"": ""user"", ""level"": 0}"
u8466,User 8466,user8466@example.com,"{""role"": ""user"", ""level"": 1}"
u8467,User 8467,user8467@example.com,"{""role"": ""user"", ""level"": 2}"
u8468,User 8468,user8468@example.com,"{""role"": ""user"", ""level"": 3}"
u8469,User 8469,user8469@example.com,"{""role"": ""user"", ""level"": 4}"
u8470,User 8470,user8470@example.com,"{""role"": ""user"", ""level"": 0}"
u8471,User 8471,user8471@example.com,"{""role"": ""user"", ""level"": 1}"
u8472,User 8472,user8472@example.com,"{""role"": ""user"", ""level"": 2}"
u8473,User 8473,user8473@example.com,"{""role"": ""user"", ""level"": 3}"
u8474,User 8474,user8474@example.com,"{""role"": ""user"", ""level"": 4}"
u8475,User 8475,user8475@example.com,"{""role"": ""user"", ""level"": 0}"
u8476,User 8476,user8476@example.com,"{""role"": ""user"", ""level"": 1}"
u8477,User 8477,user8477@example.com,"{""role"": ""user"", ""level"": 2}"
u8478,User 8478,user8478@example.com,"{""role"": ""user"", ""level"": 3}"
u8479,User 8479,user8479@example.com,"{""role"": ""user"", ""level"": 4}"
u8480,User 8480,user8480@example.com,"{""role"": ""user"", ""level"": 0}"
u8481,User 8481,user8481@example.com,"{""role"": ""user"", ""level"": 1}"
u8482,User 8482,user8482@example.com,"{""role"": ""user"", ""level"": 2}"
u8483,User 8483,user8483@example.com,"{""role"": ""user"", ""level"": 3}"
u8484,User 8484,user8484@example.com,"{""role"": ""user"", ""level"": 4}"
u8485,User 8485,user8485@example.com,"{""role"": ""user"", ""level"": 0}"
u8486,User 8486,user8486@example.com,"{""role"": ""user"", ""level"": 1}"
u8487,User 8487,user8487@example.com,"{""role"": ""user"", ""level"": 2}"
u8488,User 8488,user8488@example.com,"{""role"": ""user"", ""level"": 3}"
u8489,User 8489,user8489@example.com,"{""role"": ""user"", ""level"": 4}"
u8490,User 8490,user8490@example.com,"{""role"": ""user"", ""level"": 0}"
u8491,User 8491,user8491@example.com,"{""role"": ""user"", ""level"": 1}"
u8492,User 8492,user8492@example.com,"{""role"": ""user"", ""level"": 2}"
u8493,User 8493,user8493@example.com,"{""role"": ""user"", ""level"": 3}"
u8494,User 8494,user8494@example.com,"{""role"": ""user"", ""level"": 4}"
u8495,User 8495,user8495@example.com,"{""role"": ""user"", ""level"": 0}"
u8496,User 8496,user8496@example.com,"{""role"": ""user"", ""level"": 1}"
u8497,User 8497,user8497@example.com,"{""role"": ""user"", ""level"": 2}"
u8498,User 8498,user8498@example.com,"{""role"": ""user"", ""level"": 3}"
u8499,User 8499,user8499@example.com,"{""role"": ""user"", ""level"": 4}"
u8500,User 8500,user8500@example.com,"{""role"": ""user"", ""level"": 0}"
u8501,User 8501,user8501@example.com,"{""role"": ""user"", ""level"": 1}"
u8502,User 8502,user8502@example.com,"{""role"": ""user"", ""level"": 2}"
u8503,User 8503,user8503@example.com,"{""role"": ""user"", ""level"": 3}"
u8504,User 8504,user8504@example.com,"{""role"": ""user"", ""level"": 4}"
u8505,User 8505,user8505@example.com,"{""role"": ""user"", ""level"": 0}"
u8506,User 8506,user8506@example.com,"{""role"": ""user"", ""level"": 1}"
u8507,User 8507,user8507@example.com,"{""role"": ""user"", ""level"": 2}"
u8508,User 8508,user8508@example.com,"{""role"": ""user"", ""level"": 3}"
u8509,User 8509,user8509@example.com,"{""role"": ""user"", ""level"": 4}"
u8510,User 8510,user8510@example.com,"{""role"": ""user"", ""level"": 0}"
u8511,User 8511,user8511@example.com,"{""role"": ""user"", ""level"": 1}"
u8512,User 8512,user8512@example.com,"{""role"": ""user"", ""level"": 2}"
u8513,User 8513,user8513@example.com,"{""role"": ""user"", ""level"": 3}"
u8514,User 8514,user8514@example.com,"{""role"": ""user"", ""level"": 4}"
u8515,User 8515,user8515@example.com,"{""role"": ""user"", ""level"": 0}"
u8516,User 8516,user8516@example.com,"{""role"": ""user"", ""level"": 1}"
u8517,User 8517,user8517@example.com,"{""role"": ""user"", ""level"": 2}"
u8518,User 8518,user8518@example.com,"{""role"": ""user"", ""level"": 3}"
u8519,User 8519,user8519@example.com,"{""role"": ""user"", ""level"": 4}"
u8520,User 8520,user8520@example.com,"{""role"": ""user"", ""level"": 0}"
u8521,User 8521,user8521@example.com,"{""role"": ""user"", ""level"": 1}"
u8522,User 8522,user8522@example.com,"{""role"": ""user"", ""level"": 2}"
u8523,User 8523,user8523@example.com,"{""role"": ""user"", ""level"": 3}"
u8524,User 8524,user8524@example.com,"{""role"": ""user"", ""level"": 4}"
u8525,User 8525,user8525@example.com,"{""role"": ""user"", ""level"": 0}"
u8526,User 8526,user8526@example.com,"{""role"": ""user"", ""level"": 1}"
u8527,User 8527,user8527@example.com,"{""role"": ""user"", ""level"": 2}"
u8528,User 8528,user8528@example.com,"{""role"": ""user"", ""level"": 3}"
u8529,User 8529,user8529@example.com,"{""role"": ""user"", ""level"": 4}"
u8530,User 8530,user8530@example.com,"{""role"": ""user"", ""level"": 0}"
u8531,User 8531,user8531@example.com,"{""role"": ""user"", ""level"": 1}"
u8532,User 8532,user8532@example.com,"{""role"": ""user"", ""level"": 2}"
u8533,User 8533,user8533@example.com,"{""role"": ""user"", ""level"": 3}"
u8534,User 8534,user8534@example.com,"{""role"": ""user"", ""level"": 4}"
u8535,User 8535,user8535@example.com,"{""role"": ""user"", ""level"": 0}"
u8536,User 8536,user8536@example.com,"{""role"": ""user"", ""level"": 1}"
u8537,User 8537,user8537@example.com,"{""role"": ""user"", ""level"": 2}"
u8538,User 8538,user8538@example.com,"{""role"": ""user"", ""level"": 3}"
u8539,User 8539,user8539@example.com,"{""role"": ""user"", ""level"": 4}"
u8540,User 8540,user8540@example.com,"{""role"": ""user"", ""level"": 0}"
u8541,User 8541,user8541@example.com,"{""role"": ""user"", ""level"": 1}"
u8542,User 8542,user8542@example.com,"{""role"": ""user"", ""level"": 2}"
u8543,User 8543,user8543@example.com,"{""role"": ""user"", ""level"": 3}"
u8544,User 8544,user8544@example.com,"{""role"": ""user"", ""level"": 4}"
u8545,User 8545,user8545@example.com,"{""role"": ""user"", ""level"": 0}"
u8546,User 8546,user8546@example.com,"{""role"": ""user"", ""level"": 1}"
u8547,User 8547,user8547@example.com,"{""role"": ""user"", ""level"": 2}"
u8548,User 8548,user8548@example.com,"{""role"": ""user"", ""level"": 3}"
u8549,User 8549,user8549@example.com,"{""role"": ""user"", ""level"": 4}"
u8550,User 8550,user8550@example.com,"{""role"": ""user"", ""level"": 0}"
u8551,User 8551,user8551@example.com,"{""role"": ""user"", ""level"": 1}"
u8552,User 8552,user8552@example.com,"{""role"": ""user"", ""level"": 2}"
u8553,User 8553,user8553@example.com,"{""role"": ""user"", ""level"": 3}"
u8554,User 8554,user8554@example.com,"{""role"": ""user"", ""level"": 4}"
u8555,User 8555,user8555@example.com,"{""role"": ""user"", ""level"": 0}"
u8556,User 8556,user8556@example.com,"{""role"": ""user"", ""level"": 1}"
u8557,User 8557,user8557@example.com,"{""role"": ""user"", ""level"": 2}"
u8558,User 8558,user8558@example.com,"{""role"": ""user"", ""level"": 3}"
u8559,User 8559,user8559@example.com,"{""role"": ""user"", ""level"": 4}"
u8560,User 8560,user8560@example.com,"{""role"": ""user"", ""level"": 0}"
u8561,User 8561,user8561@example.com,"{""role"": ""user"", ""level"": 1}"
u8562,User 8562,user8562@example.com,"{""role"": ""user"", ""level"": 2}"
u8563,User 8563,user8563@example.com,"{""role"": ""user"", ""level"": 3}"
u8564,User 8564,user8564@example.com,"{""role"": ""user"", ""level"": 4}"
u8565,User 8565,user8565@example.com,"{""role"": ""user"", ""level"": 0}"
u8566,User 8566,user8566@example.com,"{""role"": ""user"", ""level"": 1}"
u8567,User 8567,user8567@example.com,"{""role"": ""user"", ""level"": 2}"
u8568,User 8568,user8568@example.com,"{""role"": ""user"", ""level"": 3}"
u8569,User 8569,user8569@example.com,"{""role"": ""user"", ""level"": 4}"
u8570,User 8570,user8570@example.com,"{""role"": ""user"", ""level"": 0}"
u8571,User 8571,user8571@example.com,"{""role"": ""user"", ""level"": 1}"
u8572,User 8572,user8572@example.com,"{""role"": ""user"", ""level"": 2}"
u8573,User 8573,user8573@example.com,"{""role"": ""user"", ""level"": 3}"
u8574,User 8574,user8574@example.com,"{""role"": ""user"", ""level"": 4}"
u8575,User 8575,user8575@example.com,"{""role"": ""user"", ""level"": 0}"
u8576,User 8576,user8576@example.com,"{""role"": ""user"", ""level"": 1}"
u8577,User 8577,user8577@example.com,"{""role"": ""user"", ""level"": 2}"
u8578,User 8578,user8578@example.com,"{""role"": ""user"", ""level"": 3}"
u8579,User 8579,user8579@example.com,"{""role"": ""user"", ""level"": 4}"
u8580,User 8580,user8580@example.com,"{""role"": ""user"", ""level"": 0}"
u8581,User 8581,user8581@example.com,"{""role"": ""user"", ""level"": 1}"
u8582,User 8582,user8582@example.com,"{""role"": ""user"", ""level"": 2}"
u8583,User 8583,user8583@example.com,"{""role"": ""user"", ""level"": 3}"
u8584,User 8584,user8584@example.com,"{""role"": ""user"", ""level"": 4}"
u8585,User 8585,user8585@example.com,"{""role"": ""user"", ""level"": 0}"
u8586,User 8586,user8586@example.com,"{""role"": ""user"", ""level"": 1}"
u8587,User 8587,user8587@example.com,"{""role"": ""user"", ""level"": 2}"
u8588,User 8588,user8588@example.com,"{""role"": ""user"", ""level"": 3}"
u8589,User 8589,user8589@example.com,"{""role"": ""user"", ""level"": 4}"
u8590,User 8590,user8590@example.com,"{""role"": ""user"", ""level"": 0}"
u8591,User 8591,user8591@example.com,"{""role"": ""user"", ""level"": 1}"
u8592,User 8592,user8592@example.com,"{""role"": ""user"", ""level"": 2}"
u8593,User 8593,user8593@example.com,"{""role"": ""user"", ""level"": 3}"
u8594,User 8594,user8594@example.com,"{""role"": ""user"", ""level"": 4}"
u8595,User 8595,user8595@example.com,"{""role"": ""user"", ""level"": 0}"
u8596,User 8596,user8596@example.com,"{""role"": ""user"", ""level"": 1}"
u8597,User 8597,user8597@example.com,"{""role"": ""user"", ""level"": 2}"
u8598,User 8598,user8598@example.com,"{""role"": ""user"", ""level"": 3}"
u8599,User 8599,user8599@example.com,"{""role"": ""user"", ""level"": 4}"
u8600,User 8600,user8600@example.com,"{""role"": ""user"", ""level"": 0}"
u8601,User 8601,user8601@example.com,"{""role"": ""user"", ""level"": 1}"
u8602,User 8602,user8602@example.com,"{""role"": ""user"", ""level"": 2}"
u8603,User 8603,user8603@example.com,"{""role"": ""user"", ""level"": 3}"
u8604,User 8604,user8604@example.com,"{""role"": ""user"", ""level"": 4}"
u8605,User 8605,user8605@example.com,"{""role"": ""user"", ""level"": 0}"
u8606,User 8606,user8606@example.com,"{""role"": ""user"", ""level"": 1}"
u8607,User 8607,user8607@example.com,"{""role"": ""user"", ""level"": 2}"
u8608,User 8608,user8608@example.com,"{""role"": ""user"", ""level"": 3}"
u8609,User 8609,user8609@example.com,"{""role"": ""user"", ""level"": 4}"
u8610,User 8610,user8610@example.com,"{""role"": ""user"", ""level"": 0}"
u8611,User 8611,user8611@example.com,"{""role"": ""user"", ""level"": 1}"
u8612,User 8612,user8612@example.com,"{""role"": ""user"", ""level"": 2}"
u8613,User 8613,user8613@example.com,"{""role"": ""user"", ""level"": 3}"
u8614,User 8614,user8614@example.com,"{""role"": ""user"", ""level"": 4}"
u8615,User 8615,user8615@example.com,"{""role"": ""user"", ""level"": 0}"
u8616,User 8616,user8616@example.com,"{""role"": ""user"", ""level"": 1}"
u8617,User 8617,user8617@example.com,"{""role"": ""user"", ""level"": 2}"
u8618,User 8618,user8618@example.com,"{""role"": ""user"", ""level"": 3}"
u8619,User 8619,user8619@example.com,"{""role"": ""user"", ""level"": 4}"
u8620,User 8620,user8620@example.com,"{""role"": ""user"", ""level"": 0}"
u8621,User 8621,user8621@example.com,"{""role"": ""user"", ""level"": 1}"
u8622,User 8622,user8622@example.com,"{""role"": ""user"", ""level"": 2}"
u8623,User 8623,user8623@example.com,"{""role"": ""user"", ""level"": 3}"
u8624,User 8624,user8624@example.com,"{""role"": ""user"", ""level"": 4}"
u8625,User 8625,user8625@example.com,"{""role"": ""user"", ""level"": 0}"
u8626,User 8626,user8626@example.com,"{""role"": ""user"", ""level"": 1}"
u8627,User 8627,user8627@example.com,"{""role"": ""user"", ""level"": 2}"
u8628,User 8628,user8628@example.com,"{""role"": ""user"", ""level"": 3}"
u8629,User 8629,user8629@example.com,"{""role"": ""user"", ""level"": 4}"
u8630,User 8630,user8630@example.com,"{""role"": ""user"", ""level"": 0}"
u8631,User 8631,user8631@example.com,"{""role"": ""user"", ""level"": 1}"
u8632,User 8632,user8632@example.com,"{""role"": ""user"", ""level"": 2}"
u8633,User 8633,user8633@example.com,"{""role"": ""user"", ""level"": 3}"
u8634,User 8634,user8634@example.com,"{""role"": ""user"", ""level"": 4}"
u8635,User 8635,user8635@example.com,"{""role"": ""user"", ""level"": 0}"
u8636,User 8636,user8636@example.com,"{""role"": ""user"", ""level"": 1}"
u8637,User 8637,user8637@example.com,"{""role"": ""user"", ""level"": 2}"
u8638,User 8638,user8638@example.com,"{""role"": ""user"", ""level"": 3}"
u8639,User 8639,user8639@example.com,"{""role"": ""user"", ""level"": 4}"
u8640,User 8640,user8640@example.com,"{""role"": ""user"", ""level"": 0}"
u8641,User 8641,user8641@example.com,"{""role"": ""user"", ""level"": 1}"
u8642,User 8642,user8642@example.com,"{""role"": ""user"", ""level"": 2}"
u8643,User 8643,user8643@example.com,"{""role"": ""user"", ""level"": 3}"
u8644,User 8644,user8644@example.com,"{""role"": ""user"", ""level"": 4}"
u8645,User 8645,user8645@example.com,"{""role"": ""user"", ""level"": 0}"
u8646,User 8646,user8646@example.com,"{""role"": ""user"", ""level"": 1}"
u8647,User 8647,user8647@example.com,"{""role"": ""user"", ""level"": 2}"
u8648,User 8648,user8648@example.com,"{""role"": ""user"", ""level"": 3}"
u8649,User 8649,user8649@example.com,"{""role"": ""user"", ""level"": 4}"
u8650,User 8650,user8650@example.com,"{""role"": ""user"", ""level"": 0}"
u8651,User 8651,user8651@example.com,"{""role"": ""user"", ""level"": 1}"
u8652,User 8652,user8652@example.com,"{""role"": ""user"", ""level"": 2}"
u8653,User 8653,user8653@example.com,"{""role"": ""user"", ""level"": 3}"
u8654,User 8654,user8654@example.com,"{""role"": ""user"", ""level"": 4}"
u8655,User 8655,user8655@example.com,"{""role"": ""user"", ""level"": 0}"
u8656,User 8656,user8656@example.com,"{""role"": ""user"", ""level"": 1}"
u8657,User 8657,user8657@example.com,"{""role"": ""user"", ""level"": 2}"
u8658,User 8658,user8658@example.com,"{""role"": ""user"", ""level"": 3}"
u8659,User 8659,user8659@example.com,"{""role"": ""user"", ""level"": 4}"
u8660,User 8660,user8660@example.com,"{""role"": ""user"", ""level"": 0}"
u8661,User 8661,user8661@example.com,"{""role"": ""user"", ""level"": 1}"
u8662,User 8662,user8662@example.com,"{""role"": ""user"", ""level"": 2}"
u8663,User 8663,user8663@example.com,"{""role"": ""user"", ""level"": 3}"
u8664,User 8664,user8664@example.com,"{""role"": ""user"", ""level"": 4}"
u8665,User 8665,user8665@example.com,"{""role"": ""user"", ""level"": 0}"
u8666,User 8666,user8666@example.com,"{""role"": ""user"", ""level"": 1}"
u8667,User 8667,user8667@example.com,"{""role"": ""user"", ""level"": 2}"
u8668,User 8668,user8668@example.com,"{""role"": ""user"", ""level"": 3}"
u8669,User 8669,user8669@example.com,"{""role"": ""user"", ""level"": 4}"
u8670,User 8670,user8670@example.com,"{""role"": ""user"", ""level"": 0}"
u8671,User 8671,user8671@example.com,"{""role"": ""user"", ""level"": 1}"
u8672,User 8672,user8672@example.com,"{""role"": ""user"", ""level"": 2}"
u8673,User 8673,user8673@example.com,"{""role"": ""user"", ""level"": 3}"
u8674,User 8674,user8674@example.com,"{""role"": ""user"", ""level"": 4}"
u8675,User 8675,user8675@example.com,"{""role"": ""user"", ""level"": 0}"
u8676,User 8676,user8676@example.com,"{""role"": ""user"", ""level"": 1}"
u8677,User 8677,user8677@example.com,"{""role"": ""user"", ""level"": 2}"
u8678,User 8678,user8678@example.com,"{""role"": ""user"", ""level"": 3}"
u8679,User 8679,user8679@example.com,"{""role"": ""user"", ""level"": 4}"
u8680,User 8680,user8680@example.com,"{""role"": ""user"", ""level"": 0}"
u8681,User 8681,user8681@example.com,"{""role"": ""user"", ""level"": 1}"
u8682,User 8682,user8682@example.com,"{""role"": ""user"", ""level"": 2}"
u8683,User 8683,user8683@example.com,"{""role"": ""user"", ""level"": 3}"
u8684,User 8684,user8684@example.com,"{""role"": ""user"", ""level"": 4}"
u8685,User 8685,user8685@example.com,"{""role"": ""user"", ""level"": 0}"
u8686,User 8686,user8686@example.com,"{""role"": ""user"", ""level"": 1}"
u8687,User 8687,user8687@example.com,"{""role"": ""user"", ""level"": 2}"
u8688,User 8688,user8688@example.com,"{""role"": ""user"", ""level"": 3}"
u8689,User 8689,user8689@example.com,"{""role"": ""user"", ""level"": 4}"
u8690,User 8690,user8690@example.com,"{""role"": ""user"", ""level"": 0}"
u8691,User 8691,user8691@example.com,"{""role"": ""user"", ""level"": 1}"
u8692,User 8692,user8692@example.com,"{""role"": ""user"", ""level"": 2}"
u8693,User 8693,user8693@example.com,"{""role"": ""user"", ""level"": 3}"
u8694,User 8694,user8694@example.com,"{""role"": ""user"", ""level"": 4}"
u8695,User 8695,user8695@example.com,"{""role"": ""user"", ""level"": 0}"
u8696,User 8696,user8696@example.com,"{""role"": ""user"", ""level"": 1}"
u8697,User 8697,user8697@example.com,"{""role"": ""user"", ""level"": 2}"
u8698,User 8698,user8698@example.com,"{""role"": ""user"", ""level"": 3}"
u8699,User 8699,user8699@example.com,"{""role"": ""user"", ""level"": 4}"
u8700,User 8700,user8700@example.com,"{""role"": ""user"", ""level"": 0}"
u8701,User 8701,user8701@example.com,"{""role"": ""user"", ""level"": 1}"
u8702,User 8702,user8702@example.com,"{""role"": ""user"", ""level"": 2}"
u8703,User 8703,user8703@example.com,"{""role"": ""user"", ""level"": 3}"
u8704,User 8704,user8704@example.com,"{""role"": ""user"", ""level"": 4}"
u8705,User 8705,user8705@example.com,"{""role"": ""user"", ""level"": 0}"
u8706,User 8706,user8706@example.com,"{""role"": ""user"", ""level"": 1}"
u8707,User 8707,user8707@example.com,"{""role"": ""user"", ""level"": 2}"
u8708,User 8708,user8708@example.com,"{""role"": ""user"", ""level"": 3}"
u8709,User 8709,user8709@example.com,"{""role"": ""user"", ""level"": 4}"
u8710,User 8710,user8710@example.com,"{""role"": ""user"", ""level"": 0}"
u8711,User 8711,user8711@example.com,"{""role"": ""user"", ""level"": 1}"
u8712,User 8712,user8712@example.com,"{""role"": ""user"", ""level"": 2}"
u8713,User 8713,user8713@example.com,"{""role"": ""user"", ""level"": 3}"
u8714,User 8714,user8714@example.com,"{""role"": ""user"", ""level"": 4}"
u8715,User 8715,user8715@example.com,"{""role"": ""user"", ""level"": 0}"
u8716,User 8716,user8716@example.com,"{""role"": ""user"", ""level"": 1}"
u8717,User 8717,user8717@example.com,"{""role"": ""user"", ""level"": 2}"
u8718,User 8718,user8718@example.com,"{""role"": ""user"", ""level"": 3}"
u8719,User 8719,user8719@example.com,"{""role"": ""user"", ""level"": 4}"
u8720,User 8720,user8720@example.com,"{""role"": ""user"", ""level"": 0}"
u8721,User 8721,user8721@example.com,"{""role"": ""user"", ""level"": 1}"
u8722,User 8722,user8722@example.com,"{""role"": ""user"", ""level"": 2}"
u8723,User 8723,user8723@example.com,"{""role"": ""user"", ""level"": 3}"
u8724,User 8724,user8724@example.com,"{""role"": ""user"", ""level"": 4}"
u8725,User 8725,user8725@example.com,"{""role"": ""user"", ""level"": 0}"
u8726,User 8726,user8726@example.com,"{""role"": ""user"", ""level"": 1}"
u8727,User 8727,user8727@example.com,"{""role"": ""user"", ""level"": 2}"
u8728,User 8728,user8728@example.com,"{""role"": ""user"", ""level"": 3}"
u8729,User 8729,user8729@example.com,"{""role"": ""user"", ""level"": 4}"
u8730,User 8730,user8730@example.com,"{""role"": ""user"", ""level"": 0}"
u8731,User 8731,user8731@example.com,"{""role"": ""user"", ""level"": 1}"
u8732,User 8732,user8732@example.com,"{""role"": ""user"", ""level"": 2}"
u8733,User 8733,user8733@example.com,"{""role"": ""user"", ""level"": 3}"
u8734,User 8734,user8734@example.com,"{""role"": ""user"", ""level"": 4}"
u8735,User 8735,user8735@example.com,"{""role"": ""user"", ""level"": 0}"
u8736,User 8736,user8736@example.com,"{""role"": ""user"", ""level"": 1}"
u8737,User 8737,user8737@example.com,"{""role"": ""user"", ""level"": 2}"
u8738,User 8738,user8738@example.com,"{""role"": ""user"", ""level"": 3}"
u8739,User 8739,user8739@example.com,"{""role"": ""user"", ""level"": 4}"
u8740,User 8740,user8740@example.com,"{""role"": ""user"", ""level"": 0}"
u8741,User 8741,user8741@example.com,"{""role"": ""user"", ""level"": 1}"
u8742,User 8742,user8742@example.com,"{""role"": ""user"", ""level"": 2}"
u8743,User 8743,user8743@example.com,"{""role"": ""user"", ""level"": 3}"
u8744,User 8744,user8744@example.com,"{""role"": ""user"", ""level"": 4}"
u8745,User 8745,user8745@example.com,"{""role"": ""user"", ""level"": 0}"
u8746,User 8746,user8746@example.com,"{""role"": ""user"", ""level"": 1}"
u8747,User 8747,user8747@example.com,"{""role"": ""user"", ""level"": 2}"
u8748,User 8748,user8748@example.com,"{""role"": ""user"", ""level"": 3}"
u8749,User 8749,user8749@example.com,"{""role"": ""user"", ""level"": 4}"
u8750,User 8750,user8750@example.com,"{""role"": ""user"", ""level"": 0}"
u8751,User 8751,user8751@example.com,"{""role"": ""user"", ""level"": 1}"
u8752,User 8752,user8752@example.com,"{""role"": ""user"", ""level"": 2}"
u8753,User 8753,user8753@example.com,"{""role"": ""user"", ""level"": 3}"
u8754,User 8754,user8754@example.com,"{""role"": ""user"", ""level"": 4}"
u8755,User 8755,user8755@example.com,"{""role"": ""user"", ""level"": 0}"
u8756,User 8756,user8756@example.com,"{""role"": ""user"", ""level"": 1}"
u8757,User 8757,user8757@example.com,"{""role"": ""user"", ""level"": 2}"
u8758,User 8758,user8758@example.com,"{""role"": ""user"", ""level"": 3}"
u8759,User 8759,user8759@example.com,"{""role"": ""user"", ""level"": 4}"
u8760,User 8760,user8760@example.com,"{""role"": ""user"", ""level"": 0}"
u8761,User 8761,user8761@example.com,"{""role"": ""user"", ""level"": 1}"
u8762,User 8762,user8762@example.com,"{""role"": ""user"", ""level"": 2}"
u8763,User 8763,user8763@example.com,"{""role"": ""user"", ""level"": 3}"
u8764,User 8764,user8764@example.com,"{""role"": ""user"", ""level"": 4}"
u8765,User 8765,user8765@example.com,"{""role"": ""user"", ""level"": 0}"
u8766,User 8766,user8766@example.com,"{""role"": ""user"", ""level"": 1}"
u8767,User 8767,user8767@example.com,"{""role"": ""user"", ""level"": 2}"
u8768,User 8768,user8768@example.com,"{""role"": ""user"", ""level"": 3}"
u8769,User 8769,user8769@example.com,"{""role"": ""user"", ""level"": 4}"
u8770,User 8770,user8770@example.com,"{""role"": ""user"", ""level"": 0}"
u8771,User 8771,user8771@example.com,"{""role"": ""user"", ""level"": 1}"
u8772,User 8772,user8772@example.com,"{""role"": ""user"", ""level"": 2}"
u8773,User 8773,user8773@example.com,"{""role"": ""user"", ""level"": 3}"
u8774,User 8774,user8774@example.com,"{""role"": ""user"", ""level"": 4}"
u8775,User 8775,user8775@example.com,"{""role"": ""user"", ""level"": 0}"
u8776,User 8776,user8776@example.com,"{""role"": ""user"", ""level"": 1}"
u8777,User 8777,user8777@example.com,"{""role"": ""user"", ""level"": 2}"
u8778,User 8778,user8778@example.com,"{""role"": ""user"", ""level"": 3}"
u8779,User 8779,user8779@example.com,"{""role"": ""user"", ""level"": 4}"
u8780,User 8780,user8780@example.com,"{""role"": ""user"", ""level"": 0}"
u8781,User 8781,user8781@example.com,"{""role"": ""user"", ""level"": 1}"
u8782,User 8782,user8782@example.com,"{""role"": ""user"", ""level"": 2}"
u8783,User 8783,user8783@example.com,"{""role"": ""user"", ""level"": 3}"
u8784,User 8784,user8784@example.com,"{""role"": ""user"", ""level"": 4}"
u8785,User 8785,user8785@example.com,"{""role"": ""user"", ""level"": 0}"
u8786,User 8786,user8786@example.com,"{""role"": ""user"", ""level"": 1}"
u8787,User 8787,user8787@example.com,"{""role"": ""user"", ""level"": 2}"
u8788,User 8788,user8788@example.com,"{""role"": ""user"", ""level"": 3}"
u8789,User 8789,user8789@example.com,"{""role"": ""user"", ""level"": 4}"
u8790,User 8790,user8790@example.com,"{""role"": ""user"", ""level"": 0}"
u8791,User 8791,user8791@example.com,"{""role"": ""user"", ""level"": 1}"
u8792,User 8792,user8792@example.com,"{""role"": ""user"", ""level"": 2}"
u8793,User 8793,user8793@example.com,"{""role"": ""user"", ""level"": 3}"
u8794,User 8794,user8794@example.com,"{""role"": ""user"", ""level"": 4}"
u8795,User 8795,user8795@example.com,"{""role"": ""user"", ""level"": 0}"
u8796,User 8796,user8796@example.com,"{""role"": ""user"", ""level"": 1}"
u8797,User 8797,user8797@example.com,"{""role"": ""user"", ""level"": 2}"
u8798,User 8798,user8798@example.com,"{""role"": ""user"", ""level"": 3}"
u8799,User 8799,user8799@example.com,"{""role"": ""user"", ""level"": 4}"
u8800,User 8800,user8800@example.com,"{""role"": ""user"", ""level"": 0}"
u8801,User 8801,user8801@example.com,"{""role"": ""user"", ""level"": 1}"
u8802,User 8802,user8802@example.com,"{""role"": ""user"", ""level"": 2}"
u8803,User 8803,user8803@example.com,"{""role"": ""user"", ""level"": 3}"
u8804,User 8804,user8804@example.com,"{""role"": ""user"", ""level"": 4}"
u8805,User 8805,user8805@example.com,"{""role"": ""user"", ""level"": 0}"
u8806,User 8806,user8806@example.com,"{""role"": ""user"", ""level"": 1}"
u8807,User 8807,user8807@example.com,"{""role"": ""user"", ""level"": 2}"
u8808,User 8808,user8808@example.com,"{""role"": ""user"", ""level"": 3}"
u8809,User 8809,user8809@example.com,"{""role"": ""user"", ""level"": 4}"
u8810,User 8810,user8810@example.com,"{""role"": ""user"", ""level"": 0}"
u8811,User 8811,user8811@example.com,"{""role"": ""user"", ""level"": 1}"
u8812,User 8812,user8812@example.com,"{""role"": ""user"", ""level"": 2}"
u8813,User 8813,user8813@example.com,"{""role"": ""user"", ""level"": 3}"
u8814,User 8814,user8814@example.com,"{""role"": ""user"", ""level"": 4}"
u8815,User 8815,user8815@example.com,"{""role"": ""user"", ""level"": 0}"
u8816,User 8816,user8816@example.com,"{""role"": ""user"", ""level"": 1}"
u8817,User 8817,user8817@example.com,"{""role"": ""user"", ""level"": 2}"
u8818,User 8818,user8818@example.com,"{""role"": ""user"", ""level"": 3}"
u8819,User 8819,user8819@example.com,"{""role"": ""user"", ""level"": 4}"
u8820,User 8820,user8820@example.com,"{""role"": ""user"", ""level"": 0}"
u8821,User 8821,user8821@example.com,"{""role"": ""user"", ""level"": 1}"
u8822,User 8822,user8822@example.com,"{""role"": ""user"", ""level"": 2}"
u8823,User 8823,user8823@example.com,"{""role"": ""user"", ""level"": 3}"
u8824,User 8824,user8824@example.com,"{""role"": ""user"", ""level"": 4}"
u8825,User 8825,user8825@example.com,"{""role"": ""user"", ""level"": 0}"
u8826,User 8826,user8826@example.com,"{""role"": ""user"", ""level"": 1}"
u8827,User 8827,user8827@example.com,"{""role"": ""user"", ""level"": 2}"
u8828,User 8828,user8828@example.com,"{""role"": ""user"", ""level"": 3}"
u8829,User 8829,user8829@example.com,"{""role"": ""user"", ""level"": 4}"
u8830,User 8830,user8830@example.com,"{""role"": ""user"", ""level"": 0}"
u8831,User 8831,user8831@example.com,"{""role"": ""user"", ""level"": 1}"
u8832,User 8832,user8832@example.com,"{""role"": ""user"", ""level"": 2}"
u8833,User 8833,user8833@example.com,"{""role"": ""user"", ""level"": 3}"
u8834,User 8834,user8834@example.com,"{""role"": ""user"", ""level"": 4}"
u8835,User 8835,user8835@example.com,"{""role"": ""user"", ""level"": 0}"
u8836,User 8836,user8836@example.com,"{""role"": ""user"", ""level"": 1}"
u8837,User 8837,user8837@example.com,"{""role"": ""user"", ""level"": 2}"
u8838,User 8838,user8838@example.com,"{""role"": ""user"", ""level"": 3}"
u8839,User 8839,user8839@example.com,"{""role"": ""user"", ""level"": 4}"
u8840,User 8840,user8840@example.com,"{""role"": ""user"", ""level"": 0}"
u8841,User 8841,user8841@example.com,"{""role"": ""user"", ""level"": 1}"
u8842,User 8842,user8842@example.com,"{""role"": ""user"", ""level"": 2}"
u8843,User 8843,user8843@example.com,"{""role"": ""user"", ""level"": 3}"
u8844,User 8844,user8844@example.com,"{""role"": ""user"", ""level"": 4}"
u8845,User 8845,user8845@example.com,"{""role"": ""user"", ""level"": 0}"
u8846,User 8846,user8846@example.com,"{""role"": ""user"", ""level"": 1}"
u8847,User 8847,user8847@example.com,"{""role"": ""user"", ""level"": 2}"
u8848,User 8848,user8848@example.com,"{""role"": ""user"", ""level"": 3}"
u8849,User 8849,user8849@example.com,"{""role"": ""user"", ""level"": 4}"
u8850,User 8850,user8850@example.com,"{""role"": ""user"", ""level"": 0}"
u8851,User 8851,user8851@example.com,"{""role"": ""user"", ""level"": 1}"
u8852,User 8852,user8852@example.com,"{""role"": ""user"", ""level"": 2}"
u8853,User 8853,user8853@example.com,"{""role"": ""user"", ""level"": 3}"
u8854,User 8854,user8854@example.com,"{""role"": ""user"", ""level"": 4}"
u8855,User 8855,user8855@example.com,"{""role"": ""user"", ""level"": 0}"
u8856,User 8856,user8856@example.com,"{""role"": ""user"", ""level"": 1}"
u8857,User 8857,user8857@example.com,"{""role"": ""user"", ""level"": 2}"
u8858,User 8858,user8858@example.com,"{""role"": ""user"", ""level"": 3}"
u8859,User 8859,user8859@example.com,"{""role"": ""user"", ""level"": 4}"
u8860,User 8860,user8860@example.com,"{""role"": ""user"", ""level"": 0}"
u8861,User 8861,user8861@example.com,"{""role"": ""user"", ""level"": 1}"
u8862,User 8862,user8862@example.com,"{""role"": ""user"", ""level"": 2}"
u8863,User 8863,user8863@example.com,"{""role"": ""user"", ""level"": 3}"
u8864,User 8864,user8864@example.com,"{""role"": ""user"", ""level"": 4}"
u8865,User 8865,user8865@example.com,"{""role"": ""user"", ""level"": 0}"
u8866,User 8866,user8866@example.com,"{""role"": ""user"", ""level"": 1}"
u8867,User 8867,user8867@example.com,"{""role"": ""user"", ""level"": 2}"
u8868,User 8868,user8868@example.com,"{""role"": ""user"", ""level"": 3}"
u8869,User 8869,user8869@example.com,"{""role"": ""user"", ""level"": 4}"
u8870,User 8870,user8870@example.com,"{""role"": ""user"", ""level"": 0}"
u8871,User 8871,user8871@example.com,"{""role"": ""user"", ""level"": 1}"
u8872,User 8872,user8872@example.com,"{""role"": ""user"", ""level"": 2}"
u8873,User 8873,user8873@example.com,"{""role"": ""user"", ""level"": 3}"
u8874,User 8874,user8874@example.com,"{""role"": ""user"", ""level"": 4}"
u8875,User 8875,user8875@example.com,"{""role"": ""user"", ""level"": 0}"
u8876,User 8876,user8876@example.com,"{""role"": ""user"", ""level"": 1}"
u8877,User 8877,user8877@example.com,"{""role"": ""user"", ""level"": 2}"
u8878,User 8878,user8878@example.com,"{""role"": ""user"", ""level"": 3}"
u8879,User 8879,user8879@example.com,"{""role"": ""user"", ""level"": 4}"
u8880,User 8880,user8880@example.com,"{""role"": ""user"", ""level"": 0}"
u8881,User 8881,user8881@example.com,"{""role"": ""user"", ""level"": 1}"
u8882,User 8882,user8882@example.com,"{""role"": ""user"", ""level"": 2}"
u8883,User 8883,user8883@example.com,"{""role"": ""user"", ""level"": 3}"
u8884,User 8884,user8884@example.com,"{""role"": ""user"", ""level"": 4}"
u8885,User 8885,user8885@example.com,"{""role"": ""user"", ""level"": 0}"
u8886,User 8886,user8886@example.com,"{""role"": ""user"", ""level"": 1}"
u8887,User 8887,user8887@example.com,"{""role"": ""user"", ""level"": 2}"
u8888,User 8888,user8888@example.com,"{""role"": ""user"", ""level"": 3}"
u8889,User 8889,user8889@example.com,"{""role"": ""user"", ""level"": 4}"
u8890,User 8890,user8890@example.com,"{""role"": ""user"", ""level"": 0}"
u8891,User 8891,user8891@example.com,"{""role"": ""user"", ""level"": 1}"
u8892,User 8892,user8892@example.com,"{""role"": ""user"", ""level"": 2}"
u8893,User 8893,user8893@example.com,"{""role"": ""user"", ""level"": 3}"
u8894,User 8894,user8894@example.com,"{""role"": ""user"", ""level"": 4}"
u8895,User 8895,user8895@example.com,"{""role"": ""user"", ""level"": 0}"
u8896,User 8896,user8896@example.com,"{""role"": ""user"", ""level"": 1}"
u8897,User 8897,user8897@example.com,"{""role"": ""user"", ""level"": 2}"
u8898,User 8898,user8898@example.com,"{""role"": ""user"", ""level"": 3}"
u8899,User 8899,user8899@example.com,"{""role"": ""user"", ""level"": 4}"
u8900,User 8900,user8900@example.com,"{""role"": ""user"", ""level"": 0}"
u8901,User 8901,user8901@example.com,"{""role"": ""user"", ""level"": 1}"
u8902,User 8902,user8902@example.com,"{""role"": ""user"", ""level"": 2}"
u8903,User 8903,user8903@example.com,"{""role"": ""user"", ""level"": 3}"
u8904,User 8904,user8904@example.com,"{""role"": ""user"", ""level"": 4}"
u8905,User 8905,user8905@example.com,"{""role"": ""user"", ""level"": 0}"
u8906,User 8906,user8906@example.com,"{""role"": ""user"", ""level"": 1}"
u8907,User 8907,user8907@example.com,"{""role"": ""user"", ""level"": 2}"
u8908,User 8908,user8908@example.com,"{""role"": ""user"", ""level"": 3}"
u8909,User 8909,user8909@example.com,"{""role"": ""user"", ""level"": 4}"
u8910,User 8910,user8910@example.com,"{""role"": ""user"", ""level"": 0}"
u8911,User 8911,user8911@example.com,"{""role"": ""user"", ""level"": 1}"
u8912,User 8912,user8912@example.com,"{""role"": ""user"", ""level"": 2}"
u8913,User 8913,user8913@example.com,"{""role"": ""user"", ""level"": 3}"
u8914,User 8914,user8914@example.com,"{""role"": ""user"", ""level"": 4}"
u8915,User 8915,user8915@example.com,"{""role"": ""user"", ""level"": 0}"
u8916,User 8916,user8916@example.com,"{""role"": ""user"", ""level"": 1}"
u8917,User 8917,user8917@example.com,"{""role"": ""user"", ""level"": 2}"
u8918,User 8918,user8918@example.com,"{""role"": ""user"", ""level"": 3}"
u8919,User 8919,user8919@example.com,"{""role"": ""user"", ""level"": 4}"
u8920,User 8920,user8920@example.com,"{""role"": ""user"", ""level"": 0}"
u8921,User 8921,user8921@example.com,"{""role"": ""user"", ""level"": 1}"
u8922,User 8922,user8922@example.com,"{""role"": ""user"", ""level"": 2}"
u8923,User 8923,user8923@example.com,"{""role"": ""user"", ""level"": 3}"
u8924,User 8924,user8924@example.com,"{""role"": ""user"", ""level"": 4}"
u8925,User 8925,user8925@example.com,"{""role"": ""user"", ""level"": 0}"
u8926,User 8926,user8926@example.com,"{""role"": ""user"", ""level"": 1}"
u8927,User 8927,user8927@example.com,"{""role"": ""user"", ""level"": 2}"
u8928,User 8928,user8928@example.com,"{""role"": ""user"", ""level"": 3}"
u8929,User 8929,user8929@example.com,"{""role"": ""user"", ""level"": 4}"
u8930,User 8930,user8930@example.com,"{""role"": ""user"", ""level"": 0}"
u8931,User 8931,user8931@example.com,"{""role"": ""user"", ""level"": 1}"
u8932,User 8932,user8932@example.com,"{""role"": ""user"", ""level"": 2}"
u8933,User 8933,user8933@example.com,"{""role"": ""user"", ""level"": 3}"
u8934,User 8934,user8934@example.com,"{""role"": ""user"", ""level"": 4}"
u8935,User 8935,user8935@example.com,"{""role"": ""user"", ""level"": 0}"
u8936,User 8936,user8936@example.com,"{""role"": ""user"", ""level"": 1}"
u8937,User 8937,user8937@example.com,"{""role"": ""user"", ""level"": 2}"
u8938,User 8938,user8938@example.com,"{""role"": ""user"", ""level"": 3}"
u8939,User 8939,user8939@example.com,"{""role"": ""user"", ""level"": 4}"
u8940,User 8940,user8940@example.com,"{""role"": ""user"", ""level"": 0}"
u8941,User 8941,user8941@example.com,"{""role"": ""user"", ""level"": 1}"
u8942,User 8942,user8942@example.com,"{""role"": ""user"", ""level"": 2}"
u8943,User 8943,user8943@example.com,"{""role"": ""user"", ""level"": 3}"
u8944,User 8944,user8944@example.com,"{""role"": ""user"", ""level"": 4}"
u8945,User 8945,user8945@example.com,"{""role"": ""user"", ""level"": 0}"
u8946,User 8946,user8946@example.com,"{""role"": ""user"", ""level"": 1}"
u8947,User 8947,user8947@example.com,"{""role"": ""user"", ""level"": 2}"
u8948,User 8948,user8948@example.com,"{""role"": ""user"", ""level"": 3}"
u8949,User 8949,user8949@example.com,"{""role"": ""user"", ""level"": 4}"
u8950,User 8950,user8950@example.com,"{""role"": ""user"", ""level"": 0}"
u8951,User 8951,user8951@example.com,"{""role"": ""user"", ""level"": 1}"
u8952,User 8952,user8952@example.com,"{""role"": ""user"", ""level"": 2}"
u8953,User 8953,user8953@example.com,"{""role"": ""user"", ""level"": 3}"
u8954,User 8954,user8954@example.com,"{""role"": ""user"", ""level"": 4}"
u8955,User 8955,user8955@example.com,"{""role"": ""user"", ""level"": 0}"
u8956,User 8956,user8956@example.com,"{""role"": ""user"", ""level"": 1}"
u8957,User 8957,user8957@example.com,"{""role"": ""user"", ""level"": 2}"
u8958,User 8958,user8958@example.com,"{""role"": ""user"", ""level"": 3}"
u8959,User 8959,user8959@example.com,"{""role"": ""user"", ""level"": 4}"
u8960,User 8960,user8960@example.com,"{""role"": ""user"", ""level"": 0}"
u8961,User 8961,user8961@example.com,"{""role"": ""user"", ""level"": 1}"
u8962,User 8962,user8962@example.com,"{""role"": ""user"", ""level"": 2}"
u8963,User 8963,user8963@example.com,"{""role"": ""user"", ""level"": 3}"
u8964,User 8964,user8964@example.com,"{""role"": ""user"", ""level"": 4}"
u8965,User 8965,user8965@example.com,"{""role"": ""user"", ""level"": 0}"
u8966,User 8966,user8966@example.com,"{""role"": ""user"", ""level"": 1}"
u8967,User 8967,user8967@example.com,"{""role"": ""user"", ""level"": 2}"
u8968,User 8968,user8968@example.com,"{""role"": ""user"", ""level"": 3}"
u8969,User 8969,user8969@example.com,"{""role"": ""user"", ""level"": 4}"
u8970,User 8970,user8970@example.com,"{""role"": ""user"", ""level"": 0}"
u8971,User 8971,user8971@example.com,"{""role"": ""user"", ""level"": 1}"
u8972,User 8972,user8972@example.com,"{""role"": ""user"", ""level"": 2}"
u8973,User 8973,user8973@example.com,"{""role"": ""user"", ""level"": 3}"
u8974,User 8974,user8974@example.com,"{""role"": ""user"", ""level"": 4}"
u8975,User 8975,user8975@example.com,"{""role"": ""user"", ""level"": 0}"
u8976,User 8976,user8976@example.com,"{""role"": ""user"", ""level"": 1}"
u8977,User 8977,user8977@example.com,"{""role"": ""user"", ""level"": 2}"
u8978,User 8978,user8978@example.com,"{""role"": ""user"", ""level"": 3}"
u8979,User 8979,user8979@example.com,"{""role"": ""user"", ""level"": 4}"
u8980,User 8980,user8980@example.com,"{""role"": ""user"", ""level"": 0}"
u8981,User 8981,user8981@example.com,"{""role"": ""user"", ""level"": 1}"
u8982,User 8982,user8982@example.com,"{""role"": ""user"", ""level"": 2}"
u8983,User 8983,user8983@example.com,"{""role"": ""user"", ""level"": 3}"
u8984,User 8984,user8984@example.com,"{""role"": ""user"", ""level"": 4}"
u8985,User 8985,user8985@example.com,"{""role"": ""user"", ""level"": 0}"
u8986,User 8986,user8986@example.com,"{""role"": ""user"", ""level"": 1}"
u8987,User 8987,user8987@example.com,"{""role"": ""user"", ""level"": 2}"
u8988,User 8988,user8988@example.com,"{""role"": ""user"", ""level"": 3}"
u8989,User 8989,user8989@example.com,"{""role"": ""user"", ""level"": 4}"
u8990,User 8990,user8990@example.com,"{""role"": ""user"", ""level"": 0}"
u8991,User 8991,user8991@example.com,"{""role"": ""user"", ""level"": 1}"
u8992,User 8992,user8992@example.com,"{""role"": ""user"", ""level"": 2}"
u8993,User 8993,user8993@example.com,"{""role"": ""user"", ""level"": 3}"
u8994,User 8994,user8994@example.com,"{""role"": ""user"", ""level"": 4}"
u8995,User 8995,user8995@example.com,"{""role"": ""user"", ""level"": 0}"
u8996,User 8996,user8996@example.com,"{""role"": ""user"", ""level"": 1}"
u8997,User 8997,user8997@example.com,"{""role"": ""user"", ""level"": 2}"
u8998,User 8998,user8998@example.com,"{""role"": ""user"", ""level"": 3}"
u8999,User 8999,user8999@example.com,"{""role"": ""user"", ""level"": 4}"
u9000,User 9000,user9000@example.com,"{""role"": ""user"", ""level"": 0}"
u9001,User 9001,user9001@example.com,"{""role"": ""user"", ""level"": 1}"
u9002,User 9002,user9002@example.com,"{""role"": ""user"", ""level"": 2}"
u9003,User 9003,user9003@example.com,"{""role"": ""user"", ""level"": 3}"
u9004,User 9004,user9004@example.com,"{""role"": ""user"", ""level"": 4}"
u9005,User 9005,user9005@example.com,"{""role"": ""user"", ""level"": 0}"
u9006,User 9006,user9006@example.com,"{""role"": ""user"", ""level"": 1}"
u9007,User 9007,user9007@example.com,"{""role"": ""user"", ""level"": 2}"
u9008,User 9008,user9008@example.com,"{""role"": ""user"", ""level"": 3}"
u9009,User 9009,user9009@example.com,"{""role"": ""user"", ""level"": 4}"
u9010,User 9010,user9010@example.com,"{""role"": ""user"", ""level"": 0}"
u9011,User 9011,user9011@example.com,"{""role"": ""user"", ""level"": 1}"
u9012,User 9012,user9012@example.com,"{""role"": ""user"", ""level"": 2}"
u9013,User 9013,user9013@example.com,"{""role"": ""user"", ""level"": 3}"
u9014,User 9014,user9014@example.com,"{""role"": ""user"", ""level"": 4}"
u9015,User 9015,user9015@example.com,"{""role"": ""user"", ""level"": 0}"
u9016,User 9016,user9016@example.com,"{""role"": ""user"", ""level"": 1}"
u9017,User 9017,user9017@example.com,"{""role"": ""user"", ""level"": 2}"
u9018,User 9018,user9018@example.com,"{""role"": ""user"", ""level"": 3}"
u9019,User 9019,user9019@example.com,"{""role"": ""user"", ""level"": 4}"
u9020,User 9020,user9020@example.com,"{""role"": ""user"", ""level"": 0}"
u9021,User 9021,user9021@example.com,"{""role"": ""user"", ""level"": 1}"
u9022,User 9022,user9022@example.com,"{""role"": ""user"", ""level"": 2}"
u9023,User 9023,user9023@example.com,"{""role"": ""user"", ""level"": 3}"
u9024,User 9024,user9024@example.com,"{""role"": ""user"", ""level"": 4}"
u9025,User 9025,user9025@example.com,"{""role"": ""user"", ""level"": 0}"
u9026,User 9026,user9026@example.com,"{""role"": ""user"", ""level"": 1}"
u9027,User 9027,user9027@example.com,"{""role"": ""user"", ""level"": 2}"
u9028,User 9028,user9028@example.com,"{""role"": ""user"", ""level"": 3}"
u9029,User 9029,user9029@example.com,"{""role"": ""user"", ""level"": 4}"
u9030,User 9030,user9030@example.com,"{""role"": ""user"", ""level"": 0}"
u9031,User 9031,user9031@example.com,"{""role"": ""user"", ""level"": 1}"
u9032,User 9032,user9032@example.com,"{""role"": ""user"", ""level"": 2}"
u9033,User 9033,user9033@example.com,"{""role"": ""user"", ""level"": 3}"
u9034,User 9034,user9034@example.com,"{""role"": ""user"", ""level"": 4}"
u9035,User 9035,user9035@example.com,"{""role"": ""user"", ""level"": 0}"
u9036,User 9036,user9036@example.com,"{""role"": ""user"", ""level"": 1}"
u9037,User 9037,user9037@example.com,"{""role"": ""user"", ""level"": 2}"
u9038,User 9038,user9038@example.com,"{""role"": ""user"", ""level"": 3}"
u9039,User 9039,user9039@example.com,"{""role"": ""user"", ""level"": 4}"
u9040,User 9040,user9040@example.com,"{""role"": ""user"", ""level"": 0}"
u9041,User 9041,user9041@example.com,"{""role"": ""user"", ""level"": 1}"
u9042,User 9042,user9042@example.com,"{""role"": ""user"", ""level"": 2}"
u9043,User 9043,user9043@example.com,"{""role"": ""user"", ""level"": 3}"
u9044,User 9044,user9044@example.com,"{""role"": ""user"", ""level"": 4}"
u9045,User 9045,user9045@example.com,"{""role"": ""user"", ""level"": 0}"
u9046,User 9046,user9046@example.com,"{""role"": ""user"", ""level"": 1}"
u9047,User 9047,user9047@example.com,"{""role"": ""user"", ""level"": 2}"
u9048,User 9048,user9048@example.com,"{""role"": ""user"", ""level"": 3}"
u9049,User 9049,user9049@example.com,"{""role"": ""user"", ""level"": 4}"
u9050,User 9050,user9050@example.com,"{""role"": ""user"", ""level"": 0}"
u9051,User 9051,user9051@example.com,"{""role"": ""user"", ""level"": 1}"
u9052,User 9052,user9052@example.com,"{""role"": ""user"", ""level"": 2}"
u9053,User 9053,user9053@example.com,"{""role"": ""user"", ""level"": 3}"
u9054,User 9054,user9054@example.com,"{""role"": ""user"", ""level"": 4}"
u9055,User 9055,user9055@example.com,"{""role"": ""user"", ""level"": 0}"
u9056,User 9056,user9056@example.com,"{""role"": ""user"", ""level"": 1}"
u9057,User 9057,user9057@example.com,"{""role"": ""user"", ""level"": 2}"
u9058,User 9058,user9058@example.com,"{""role"": ""user"", ""level"": 3}"
u9059,User 9059,user9059@example.com,"{""role"": ""user"", ""level"": 4}"
u9060,User 9060,user9060@example.com,"{""role"": ""user"", ""level"": 0}"
u9061,User 9061,user9061@example.com,"{""role"": ""user"", ""level"": 1}"
u9062,User 9062,user9062@example.com,"{""role"": ""user"", ""level"": 2}"
u9063,User 9063,user9063@example.com,"{""role"": ""user"", ""level"": 3}"
u9064,User 9064,user9064@example.com,"{""role"": ""user"", ""level"": 4}"
u9065,User 9065,user9065@example.com,"{""role"": ""user"", ""level"": 0}"
u9066,User 9066,user9066@example.com,"{""role"": ""user"", ""level"": 1}"
u9067,User 9067,user9067@example.com,"{""role"": ""user"", ""level"": 2}"
u9068,User 9068,user9068@example.com,"{""role"": ""user"", ""level"": 3}"
u9069,User 9069,user9069@example.com,"{""role"": ""user"", ""level"": 4}"
u9070,User 9070,user9070@example.com,"{""role"": ""user"", ""level"": 0}"
u9071,User 9071,user9071@example.com,"{""role"": ""user"", ""level"": 1}"
u9072,User 9072,user9072@example.com,"{""role"": ""user"", ""level"": 2}"
u9073,User 9073,user9073@example.com,"{""role"": ""user"", ""level"": 3}"
u9074,User 9074,user9074@example.com,"{""role"": ""user"", ""level"": 4}"
u9075,User 9075,user9075@example.com,"{""role"": ""user"", ""level"": 0}"
u9076,User 9076,user9076@example.com,"{""role"": ""user"", ""level"": 1}"
u9077,User 9077,user9077@example.com,"{""role"": ""user"", ""level"": 2}"
u9078,User 9078,user9078@example.com,"{""role"": ""user"", ""level"": 3}"
u9079,User 9079,user9079@example.com,"{""role"": ""user"", ""level"": 4}"
u9080,User 9080,user9080@example.com,"{""role"": ""user"", ""level"": 0}"
u9081,User 9081,user9081@example.com,"{""role"": ""user"", ""level"": 1}"
u9082,User 9082,user9082@example.com,"{""role"": ""user"", ""level"": 2}"
u9083,User 9083,user9083@example.com,"{""role"": ""user"", ""level"": 3}"
u9084,User 9084,user9084@example.com,"{""role"": ""user"", ""level"": 4}"
u9085,User 9085,user9085@example.com,"{""role"": ""user"", ""level"": 0}"
u9086,User 9086,user9086@example.com,"{""role"": ""user"", ""level"": 1}"
u9087,User 9087,user9087@example.com,"{""role"": ""user"", ""level"": 2}"
u9088,User 9088,user9088@example.com,"{""role"": ""user"", ""level"": 3}"
u9089,User 9089,user9089@example.com,"{""role"": ""user"", ""level"": 4}"
u9090,User 9090,user9090@example.com,"{""role"": ""user"", ""level"": 0}"
u9091,User 9091,user9091@example.com,"{""role"": ""user"", ""level"": 1}"
u9092,User 9092,user9092@example.com,"{""role"": ""user"", ""level"": 2}"
u9093,User 9093,user9093@example.com,"{""role"": ""user"", ""level"": 3}"
u9094,User 9094,user9094@example.com,"{""role"": ""user"", ""level"": 4}"
u9095,User 9095,user9095@example.com,"{""role"": ""user"", ""level"": 0}"
u9096,User 9096,user9096@example.com,"{""role"": ""user"", ""level"": 1}"
u9097,User 9097,user9097@example.com,"{""role"": ""user"", ""level"": 2}"
u9098,User 9098,user9098@example.com,"{""role"": ""user"", ""level"": 3}"
u9099,User 9099,user9099@example.com,"{""role"": ""user"", ""level"": 4}"
u9100,User 9100,user9100@example.com,"{""role"": ""user"", ""level"": 0}"
u9101,User 9101,user9101@example.com,"{""role"": ""user"", ""level"": 1}"
u9102,User 9102,user9102@example.com,"{""role"": ""user"", ""level"": 2}"
u9103,User 9103,user9103@example.com,"{""role"": ""user"", ""level"": 3}"
u9104,User 9104,user9104@example.com,"{""role"": ""user"", ""level"": 4}"
u9105,User 9105,user9105@example.com,"{""role"": ""user"", ""level"": 0}"
u9106,User 9106,user9106@example.com,"{""role"": ""user"", ""level"": 1}"
u9107,User 9107,user9107@example.com,"{""role"": ""user"", ""level"": 2}"
u9108,User 9108,user9108@example.com,"{""role"": ""user"", ""level"": 3}"
u9109,User 9109,user9109@example.com,"{""role"": ""user"", ""level"": 4}"
u9110,User 9110,user9110@example.com,"{""role"": ""user"", ""level"": 0}"
u9111,User 9111,user9111@example.com,"{""role"": ""user"", ""level"": 1}"
u9112,User 9112,user9112@example.com,"{""role"": ""user"", ""level"": 2}"
u9113,User 9113,user9113@example.com,"{""role"": ""user"", ""level"": 3}"
u9114,User 9114,user9114@example.com,"{""role"": ""user"", ""level"": 4}"
u9115,User 9115,user9115@example.com,"{""role"": ""user"", ""level"": 0}"
u9116,User 9116,user9116@example.com,"{""role"": ""user"", ""level"": 1}"
u9117,User 9117,user9117@example.com,"{""role"": ""user"", ""level"": 2}"
u9118,User 9118,user9118@example.com,"{""role"": ""user"", ""level"": 3}"
u9119,User 9119,user9119@example.com,"{""role"": ""user"", ""level"": 4}"
u9120,User 9120,user9120@example.com,"{""role"": ""user"", ""level"": 0}"
u9121,User 9121,user9121@example.com,"{""role"": ""user"", ""level"": 1}"
u9122,User 9122,user9122@example.com,"{""role"": ""user"", ""level"": 2}"
u9123,User 9123,user9123@example.com,"{""role"": ""user"", ""level"": 3}"
u9124,User 9124,user9124@example.com,"{""role"": ""user"", ""level"": 4}"
u9125,User 9125,user9125@example.com,"{""role"": ""user"", ""level"": 0}"
u9126,User 9126,user9126@example.com,"{""role"": ""user"", ""level"": 1}"
u9127,User 9127,user9127@example.com,"{""role"": ""user"", ""level"": 2}"
u9128,User 9128,user9128@example.com,"{""role"": ""user"", ""level"": 3}"
u9129,User 9129,user9129@example.com,"{""role"": ""user"", ""level"": 4}"
u9130,User 9130,user9130@example.com,"{""role"": ""user"", ""level"": 0}"
u9131,User 9131,user9131@example.com,"{""role"": ""user"", ""level"": 1}"
u9132,User 9132,user9132@example.com,"{""role"": ""user"", ""level"": 2}"
u9133,User 9133,user9133@example.com,"{""role"": ""user"", ""level"": 3}"
u9134,User 9134,user9134@example.com,"{""role"": ""user"", ""level"": 4}"
u9135,User 9135,user9135@example.com,"{""role"": ""user"", ""level"": 0}"
u9136,User 9136,user9136@example.com,"{""role"": ""user"", ""level"": 1}"
u9137,User 9137,user9137@example.com,"{""role"": ""user"", ""level"": 2}"
u9138,User 9138,user9138@example.com,"{""role"": ""user"", ""level"": 3}"
u9139,User 9139,user9139@example.com,"{""role"": ""user"", ""level"": 4}"
u9140,User 9140,user9140@example.com,"{""role"": ""user"", ""level"": 0}"
u9141,User 9141,user9141@example.com,"{""role"": ""user"", ""level"": 1}"
u9142,User 9142,user9142@example.com,"{""role"": ""user"", ""level"": 2}"
u9143,User 9143,user9143@example.com,"{""role"": ""user"", ""level"": 3}"
u9144,User 9144,user9144@example.com,"{""role"": ""user"", ""level"": 4}"
u9145,User 9145,user9145@example.com,"{""role"": ""user"", ""level"": 0}"
u9146,User 9146,user9146@example.com,"{""role"": ""user"", ""level"": 1}"
u9147,User 9147,user9147@example.com,"{""role"": ""user"", ""level"": 2}"
u9148,User 9148,user9148@example.com,"{""role"": ""user"", ""level"": 3}"
u9149,User 9149,user9149@example.com,"{""role"": ""user"", ""level"": 4}"
u9150,User 9150,user9150@example.com,"{""role"": ""user"", ""level"": 0}"
u9151,User 9151,user9151@example.com,"{""role"": ""user"", ""level"": 1}"
u9152,User 9152,user9152@example.com,"{""role"": ""user"", ""level"": 2}"
u9153,User 9153,user9153@example.com,"{""role"": ""user"", ""level"": 3}"
u9154,User 9154,user9154@example.com,"{""role"": ""user"", ""level"": 4}"
u9155,User 9155,user9155@example.com,"{""role"": ""user"", ""level"": 0}"
u9156,User 9156,user9156@example.com,"{""role"": ""user"", ""level"": 1}"
u9157,User 9157,user9157@example.com,"{""role"": ""user"", ""level"": 2}"
u9158,User 9158,user9158@example.com,"{""role"": ""user"", ""level"": 3}"
u9159,User 9159,user9159@example.com,"{""role"": ""user"", ""level"": 4}"
u9160,User 9160,user9160@example.com,"{""role"": ""user"", ""level"": 0}"
u9161,User 9161,user9161@example.com,"{""role"": ""user"", ""level"": 1}"
u9162,User 9162,user9162@example.com,"{""role"": ""user"", ""level"": 2}"
u9163,User 9163,user9163@example.com,"{""role"": ""user"", ""level"": 3}"
u9164,User 9164,user9164@example.com,"{""role"": ""user"", ""level"": 4}"
u9165,User 9165,user9165@example.com,"{""role"": ""user"", ""level"": 0}"
u9166,User 9166,user9166@example.com,"{""role"": ""user"", ""level"": 1}"
u9167,User 9167,user9167@example.com,"{""role"": ""user"", ""level"": 2}"
u9168,User 9168,user9168@example.com,"{""role"": ""user"", ""level"": 3}"
u9169,User 9169,user9169@example.com,"{""role"": ""user"", ""level"": 4}"
u9170,User 9170,user9170@example.com,"{""role"": ""user"", ""level"": 0}"
u9171,User 9171,user9171@example.com,"{""role"": ""user"", ""level"": 1}"
u9172,User 9172,user9172@example.com,"{""role"": ""user"", ""level"": 2}"
u9173,User 9173,user9173@example.com,"{""role"": ""user"", ""level"": 3}"
u9174,User 9174,user9174@example.com,"{""role"": ""user"", ""level"": 4}"
u9175,User 9175,user9175@example.com,"{""role"": ""user"", ""level"": 0}"
u9176,User 9176,user9176@example.com,"{""role"": ""user"", ""level"": 1}"
u9177,User 9177,user9177@example.com,"{""role"": ""user"", ""level"": 2}"
u9178,User 9178,user9178@example.com,"{""role"": ""user"", ""level"": 3}"
u9179,User 9179,user9179@example.com,"{""role"": ""user"", ""level"": 4}"
u9180,User 9180,user9180@example.com,"{""role"": ""user"", ""level"": 0}"
u9181,User 9181,user9181@example.com,"{""role"": ""user"", ""level"": 1}"
u9182,User 9182,user9182@example.com,"{""role"": ""user"", ""level"": 2}"
u9183,User 9183,user9183@example.com,"{""role"": ""user"", ""level"": 3}"
u9184,User 9184,user9184@example.com,"{""role"": ""user"", ""level"": 4}"
u9185,User 9185,user9185@example.com,"{""role"": ""user"", ""level"": 0}"
u9186,User 9186,user9186@example.com,"{""role"": ""user"", ""level"": 1}"
u9187,User 9187,user9187@example.com,"{""role"": ""user"", ""level"": 2}"
u9188,User 9188,user9188@example.com,"{""role"": ""user"", ""level"": 3}"
u9189,User 9189,user9189@example.com,"{""role"": ""user"", ""level"": 4}"
u9190,User 9190,user9190@example.com,"{""role"": ""user"", ""level"": 0}"
u9191,User 9191,user9191@example.com,"{""role"": ""user"", ""level"": 1}"
u9192,User 9192,user9192@example.com,"{""role"": ""user"", ""level"": 2}"
u9193,User 9193,user9193@example.com,"{""role"": ""user"", ""level"": 3}"
u9194,User 9194,user9194@example.com,"{""role"": ""user"", ""level"": 4}"
u9195,User 9195,user9195@example.com,"{""role"": ""user"", ""level"": 0}"
u9196,User 9196,user9196@example.com,"{""role"": ""user"", ""level"": 1}"
u9197,User 9197,user9197@example.com,"{""role"": ""user"", ""level"": 2}"
u9198,User 9198,user9198@example.com,"{""role"": ""user"", ""level"": 3}"
u9199,User 9199,user9199@example.com,"{""role"": ""user"", ""level"": 4}"
u9200,User 9200,user9200@example.com,"{""role"": ""user"", ""level"": 0}"
u9201,User 9201,user9201@example.com,"{""role"": ""user"", ""level"": 1}"
u9202,User 9202,user9202@example.com,"{""role"": ""user"", ""level"": 2}"
u9203,User 9203,user9203@example.com,"{""role"": ""user"", ""level"": 3}"
u9204,User 9204,user9204@example.com,"{""role"": ""user"", ""level"": 4}"
u9205,User 9205,user9205@example.com,"{""role"": ""user"", ""level"": 0}"
u9206,User 9206,user9206@example.com,"{""role"": ""user"", ""level"": 1}"
u9207,User 9207,user9207@example.com,"{""role"": ""user"", ""level"": 2}"
u9208,User 9208,user9208@example.com,"{""role"": ""user"", ""level"": 3}"
u9209,User 9209,user9209@example.com,"{""role"": ""user"", ""level"": 4}"
u9210,User 9210,user9210@example.com,"{""role"": ""user"", ""level"": 0}"
u9211,User 9211,user9211@example.com,"{""role"": ""user"", ""level"": 1}"
u9212,User 9212,user9212@example.com,"{""role"": ""user"", ""level"": 2}"
u9213,User 9213,user9213@example.com,"{""role"": ""user"", ""level"": 3}"
u9214,User 9214,user9214@example.com,"{""role"": ""user"", ""level"": 4}"
u9215,User 9215,user9215@example.com,"{""role"": ""user"", ""level"": 0}"
u9216,User 9216,user9216@example.com,"{""role"": ""user"", ""level"": 1}"
u9217,User 9217,user9217@example.com,"{""role"": ""user"", ""level"": 2}"
u9218,User 9218,user9218@example.com,"{""role"": ""user"", ""level"": 3}"
u9219,User 9219,user9219@example.com,"{""role"": ""user"", ""level"": 4}"
u9220,User 9220,user9220@example.com,"{""role"": ""user"", ""level"": 0}"
u9221,User 9221,user9221@example.com,"{""role"": ""user"", ""level"": 1}"
u9222,User 9222,user9222@example.com,"{""role"": ""user"", ""level"": 2}"
u9223,User 9223,user9223@example.com,"{""role"": ""user"", ""level"": 3}"
u9224,User 9224,user9224@example.com,"{""role"": ""user"", ""level"": 4}"
u9225,User 9225,user9225@example.com,"{""role"": ""user"", ""level"": 0}"
u9226,User 9226,user9226@example.com,"{""role"": ""user"", ""level"": 1}"
u9227,User 9227,user9227@example.com,"{""role"": ""user"", ""level"": 2}"
u9228,User 9228,user9228@example.com,"{""role"": ""user"", ""level"": 3}"
u9229,User 9229,user9229@example.com,"{""role"": ""user"", ""level"": 4}"
u9230,User 9230,user9230@example.com,"{""role"": ""user"", ""level"": 0}"
u9231,User 9231,user9231@example.com,"{""role"": ""user"", ""level"": 1}"
u9232,User 9232,user9232@example.com,"{""role"": ""user"", ""level"": 2}"
u9233,User 9233,user9233@example.com,"{""role"": ""user"", ""level"": 3}"
u9234,User 9234,user9234@example.com,"{""role"": ""user"", ""level"": 4}"
u9235,User 9235,user9235@example.com,"{""role"": ""user"", ""level"": 0}"
u9236,User 9236,user9236@example.com,"{""role"": ""user"", ""level"": 1}"
u9237,User 9237,user9237@example.com,"{""role"": ""user"", ""level"": 2}"
u9238,User 9238,user9238@example.com,"{""role"": ""user"", ""level"": 3}"
u9239,User 9239,user9239@example.com,"{""role"": ""user"", ""level"": 4}"
u9240,User 9240,user9240@example.com,"{""role"": ""user"", ""level"": 0}"
u9241,User 9241,user9241@example.com,"{""role"": ""user"", ""level"": 1}"
u9242,User 9242,user9242@example.com,"{""role"": ""user"", ""level"": 2}"
u9243,User 9243,user9243@example.com,"{""role"": ""user"", ""level"": 3}"
u9244,User 9244,user9244@example.com,"{""role"": ""user"", ""level"": 4}"
u9245,User 9245,user9245@example.com,"{""role"": ""user"", ""level"": 0}"
u9246,User 9246,user9246@example.com,"{""role"": ""user"", ""level"": 1}"
u9247,User 9247,user9247@example.com,"{""role"": ""user"", ""level"": 2}"
u9248,User 9248,user9248@example.com,"{""role"": ""user"", ""level"": 3}"
u9249,User 9249,user9249@example.com,"{""role"": ""user"", ""level"": 4}"
u9250,User 9250,user9250@example.com,"{""role"": ""user"", ""level"": 0}"
u9251,User 9251,user9251@example.com,"{""role"": ""user"", ""level"": 1}"
u9252,User 9252,user9252@example.com,"{""role"": ""user"", ""level"": 2}"
u9253,User 9253,user9253@example.com,"{""role"": ""user"", ""level"": 3}"
u9254,User 9254,user9254@example.com,"{""role"": ""user"", ""level"": 4}"
u9255,User 9255,user9255@example.com,"{""role"": ""user"", ""level"": 0}"
u9256,User 9256,user9256@example.com,"{""role"": ""user"", ""level"": 1}"
u9257,User 9257,user9257@example.com,"{""role"": ""user"", ""level"": 2}"
u9258,User 9258,user9258@example.com,"{""role"": ""user"", ""level"": 3}"
u9259,User 9259,user9259@example.com,"{""role"": ""user"", ""level"": 4}"
u9260,User 9260,user9260@example.com,"{""role"": ""user"", ""level"": 0}"
u9261,User 9261,user9261@example.com,"{""role"": ""user"", ""level"": 1}"
u9262,User 9262,user9262@example.com,"{""role"": ""user"", ""level"": 2}"
u9263,User 9263,user9263@example.com,"{""role"": ""user"", ""level"": 3}"
u9264,User 9264,user9264@example.com,"{""role"": ""user"", ""level"": 4}"
u9265,User 9265,user9265@example.com,"{""role"": ""user"", ""level"": 0}"
u9266,User 9266,user9266@example.com,"{""role"": ""user"", ""level"": 1}"
u9267,User 9267,user9267@example.com,"{""role"": ""user"", ""level"": 2}"
u9268,User 9268,user9268@example.com,"{""role"": ""user"", ""level"": 3}"
u9269,User 9269,user9269@example.com,"{""role"": ""user"", ""level"": 4}"
u9270,User 9270,user9270@example.com,"{""role"": ""user"", ""level"": 0}"
u9271,User 9271,user9271@example.com,"{""role"": ""user"", ""level"": 1}"
u9272,User 9272,user9272@example.com,"{""role"": ""user"", ""level"": 2}"
u9273,User 9273,user9273@example.com,"{""role"": ""user"", ""level"": 3}"
u9274,User 9274,user9274@example.com,"{""role"": ""user"", ""level"": 4}"
u9275,User 9275,user9275@example.com,"{""role"": ""user"", ""level"": 0}"
u9276,User 9276,user9276@example.com,"{""role"": ""user"", ""level"": 1}"
u9277,User 9277,user9277@example.com,"{""role"": ""user"", ""level"": 2}"
u9278,User 9278,user9278@example.com,"{""role"": ""user"", ""level"": 3}"
u9279,User 9279,user9279@example.com,"{""role"": ""user"", ""level"": 4}"
u9280,User 9280,user9280@example.com,"{""role"": ""user"", ""level"": 0}"
u9281,User 9281,user9281@example.com,"{""role"": ""user"", ""level"": 1}"
u9282,User 9282,user9282@example.com,"{""role"": ""user"", ""level"": 2}"
u9283,User 9283,user9283@example.com,"{""role"": ""user"", ""level"": 3}"
u9284,User 9284,user9284@example.com,"{""role"": ""user"", ""level"": 4}"
u9285,User 9285,user9285@example.com,"{""role"": ""user"", ""level"": 0}"
u9286,User 9286,user9286@example.com,"{""role"": ""user"", ""level"": 1}"
u9287,User 9287,user9287@example.com,"{""role"": ""user"", ""level"": 2}"
u9288,User 9288,user9288@example.com,"{""role"": ""user"", ""level"": 3}"
u9289,User 9289,user9289@example.com,"{""role"": ""user"", ""level"": 4}"
u9290,User 9290,user9290@example.com,"{""role"": ""user"", ""level"": 0}"
u9291,User 9291,user9291@example.com,"{""role"": ""user"", ""level"": 1}"
u9292,User 9292,user9292@example.com,"{""role"": ""user"", ""level"": 2}"
u9293,User 9293,user9293@example.com,"{""role"": ""user"", ""level"": 3}"
u9294,User 9294,user9294@example.com,"{""role"": ""user"", ""level"": 4}"
u9295,User 9295,user9295@example.com,"{""role"": ""user"", ""level"": 0}"
u9296,User 9296,user9296@example.com,"{""role"": ""user"", ""level"": 1}"
u9297,User 9297,user9297@example.com,"{""role"": ""user"", ""level"": 2}"
u9298,User 9298,user9298@example.com,"{""role"": ""user"", ""level"": 3}"
u9299,User 9299,user9299@example.com,"{""role"": ""user"", ""level"": 4}"
u9300,User 9300,user9300@example.com,"{""role"": ""user"", ""level"": 0}"
u9301,User 9301,user9301@example.com,"{""role"": ""user"", ""level"": 1}"
u9302,User 9302,user9302@example.com,"{""role"": ""user"", ""level"": 2}"
u9303,User 9303,user9303@example.com,"{""role"": ""user"", ""level"": 3}"
u9304,User 9304,user9304@example.com,"{""role"": ""user"", ""level"": 4}"
u9305,User 9305,user9305@example.com,"{""role"": ""user"", ""level"": 0}"
u9306,User 9306,user9306@example.com,"{""role"": ""user"", ""level"": 1}"
u9307,User 9307,user9307@example.com,"{""role"": ""user"", ""level"": 2}"
u9308,User 9308,user9308@example.com,"{""role"": ""user"", ""level"": 3}"
u9309,User 9309,user9309@example.com,"{""role"": ""user"", ""level"": 4}"
u9310,User 9310,user9310@example.com,"{""role"": ""user"", ""level"": 0}"
u9311,User 9311,user9311@example.com,"{""role"": ""user"", ""level"": 1}"
u9312,User 9312,user9312@example.com,"{""role"": ""user"", ""level"": 2}"
u9313,User 9313,user9313@example.com,"{""role"": ""user"", ""level"": 3}"
u9314,User 9314,user9314@example.com,"{""role"": ""user"", ""level"": 4}"
u9315,User 9315,user9315@example.com,"{""role"": ""user"", ""level"": 0}"
u9316,User 9316,user9316@example.com,"{""role"": ""user"", ""level"": 1}"
u9317,User 9317,user9317@example.com,"{""role"": ""user"", ""level"": 2}"
u9318,User 9318,user9318@example.com,"{""role"": ""user"", ""level"": 3}"
u9319,User 9319,user9319@example.com,"{""role"": ""user"", ""level"": 4}"
u9320,User 9320,user9320@example.com,"{""role"": ""user"", ""level"": 0}"
u9321,User 9321,user9321@example.com,"{""role"": ""user"", ""level"": 1}"
u9322,User 9322,user9322@example.com,"{""role"": ""user"", ""level"": 2}"
u9323,User 9323,user9323@example.com,"{""role"": ""user"", ""level"": 3}"
u9324,User 9324,user9324@example.com,"{""role"": ""user"", ""level"": 4}"
u9325,User 9325,user9325@example.com,"{""role"": ""user"", ""level"": 0}"
u9326,User 9326,user9326@example.com,"{""role"": ""user"", ""level"": 1}"
u9327,User 9327,user9327@example.com,"{""role"": ""user"", ""level"": 2}"
u9328,User 9328,user9328@example.com,"{""role"": ""user"", ""level"": 3}"
u9329,User 9329,user9329@example.com,"{""role"": ""user"", ""level"": 4}"
u9330,User 9330,user9330@example.com,"{""role"": ""user"", ""level"": 0}"
u9331,User 9331,user9331@example.com,"{""role"": ""user"", ""level"": 1}"
u9332,User 9332,user9332@example.com,"{""role"": ""user"", ""level"": 2}"
u9333,User 9333,user9333@example.com,"{""role"": ""user"", ""level"": 3}"
u9334,User 9334,user9334@example.com,"{""role"": ""user"", ""level"": 4}"
u9335,User 9335,user9335@example.com,"{""role"": ""user"", ""level"": 0}"
u9336,User 9336,user9336@example.com,"{""role"": ""user"", ""level"": 1}"
u9337,User 9337,user9337@example.com,"{""role"": ""user"", ""level"": 2}"
u9338,User 9338,user9338@example.com,"{""role"": ""user"", ""level"": 3}"
u9339,User 9339,user9339@example.com,"{""role"": ""user"", ""level"": 4}"
u9340,User 9340,user9340@example.com,"{""role"": ""user"", ""level"": 0}"
u9341,User 9341,user9341@example.com,"{""role"": ""user"", ""level"": 1}"
u9342,User 9342,user9342@example.com,"{""role"": ""user"", ""level"": 2}"
u9343,User 9343,user9343@example.com,"{""role"": ""user"", ""level"": 3}"
u9344,User 9344,user9344@example.com,"{""role"": ""user"", ""level"": 4}"
u9345,User 9345,user9345@example.com,"{""role"": ""user"", ""level"": 0}"
u9346,User 9346,user9346@example.com,"{""role"": ""user"", ""level"": 1}"
u9347,User 9347,user9347@example.com,"{""role"": ""user"", ""level"": 2}"
u9348,User 9348,user9348@example.com,"{""role"": ""user"", ""level"": 3}"
u9349,User 9349,user9349@example.com,"{""role"": ""user"", ""level"": 4}"
u9350,User 9350,user9350@example.com,"{""role"": ""user"", ""level"": 0}"
u9351,User 9351,user9351@example.com,"{""role"": ""user"", ""level"": 1}"
u9352,User 9352,user9352@example.com,"{""role"": ""user"", ""level"": 2}"
u9353,User 9353,user9353@example.com,"{""role"": ""user"", ""level"": 3}"
u9354,User 9354,user9354@example.com,"{""role"": ""user"", ""level"": 4}"
u9355,User 9355,user9355@example.com,"{""role"": ""user"", ""level"": 0}"
u9356,User 9356,user9356@example.com,"{""role"": ""user"", ""level"": 1}"
u9357,User 9357,user9357@example.com,"{""role"": ""user"", ""level"": 2}"
u9358,User 9358,user9358@example.com,"{""role"": ""user"", ""level"": 3}"
u9359,User 9359,user9359@example.com,"{""role"": ""user"", ""level"": 4}"
u9360,User 9360,user9360@example.com,"{""role"": ""user"", ""level"": 0}"
u9361,User 9361,user9361@example.com,"{""role"": ""user"", ""level"": 1}"
u9362,User 9362,user9362@example.com,"{""role"": ""user"", ""level"": 2}"
u9363,User 9363,user9363@example.com,"{""role"": ""user"", ""level"": 3}"
u9364,User 9364,user9364@example.com,"{""role"": ""user"", ""level"": 4}"
u9365,User 9365,user9365@example.com,"{""role"": ""user"", ""level"": 0}"
u9366,User 9366,user9366@example.com,"{""role"": ""user"", ""level"": 1}"
u9367,User 9367,user9367@example.com,"{""role"": ""user"", ""level"": 2}"
u9368,User 9368,user9368@example.com,"{""role"": ""user"", ""level"": 3}"
u9369,User 9369,user9369@example.com,"{""role"": ""user"", ""level"": 4}"
u9370,User 9370,user9370@example.com,"{""role"": ""user"", ""level"": 0}"
u9371,User 9371,user9371@example.com,"{""role"": ""user"", ""level"": 1}"
u9372,User 9372,user9372@example.com,"{""role"": ""user"", ""level"": 2}"
u9373,User 9373,user9373@example.com,"{""role"": ""user"", ""level"": 3}"
u9374,User 9374,user9374@example.com,"{""role"": ""user"", ""level"": 4}"
u9375,User 9375,user9375@example.com,"{""role"": ""user"", ""level"": 0}"
u9376,User 9376,user9376@example.com,"{""role"": ""user"", ""level"": 1}"
u9377,User 9377,user9377@example.com,"{""role"": ""user"", ""level"": 2}"
u9378,User 9378,user9378@example.com,"{""role"": ""user"", ""level"": 3}"
u9379,User 9379,user9379@example.com,"{""role"": ""user"", ""level"": 4}"
u9380,User 9380,user9380@example.com,"{""role"": ""user"", ""level"": 0}"
u9381,User 9381,user9381@example.com,"{""role"": ""user"", ""level"": 1}"
u9382,User 9382,user9382@example.com,"{""role"": ""user"", ""level"": 2}"
u9383,User 9383,user9383@example.com,"{""role"": ""user"", ""level"": 3}"
u9384,User 9384,user9384@example.com,"{""role"": ""user"", ""level"": 4}"
u9385,User 9385,user9385@example.com,"{""role"": ""user"", ""level"": 0}"
u9386,User 9386,user9386@example.com,"{""role"": ""user"", ""level"": 1}"
u9387,User 9387,user9387@example.com,"{""role"": ""user"", ""level"": 2}"
u9388,User 9388,user9388@example.com,"{""role"": ""user"", ""level"": 3}"
u9389,User 9389,user9389@example.com,"{""role"": ""user"", ""level"": 4}"
u9390,User 9390,user9390@example.com,"{""role"": ""user"", ""level"": 0}"
u9391,User 9391,user9391@example.com,"{""role"": ""user"", ""level"": 1}"
u9392,User 9392,user9392@example.com,"{""role"": ""user"", ""level"": 2}"
u9393,User 9393,user9393@example.com,"{""role"": ""user"", ""level"": 3}"
u9394,User 9394,user9394@example.com,"{""role"": ""user"", ""level"": 4}"
u9395,User 9395,user9395@example.com,"{""role"": ""user"", ""level"": 0}"
u9396,User 9396,user9396@example.com,"{""role"": ""user"", ""level"": 1}"
u9397,User 9397,user9397@example.com,"{""role"": ""user"", ""level"": 2}"
u9398,User 9398,user9398@example.com,"{""role"": ""user"", ""level"": 3}"
u9399,User 9399,user9399@example.com,"{""role"": ""user"", ""level"": 4}"
u9400,User 9400,user9400@example.com,"{""role"": ""user"", ""level"": 0}"
u9401,User 9401,user9401@example.com,"{""role"": ""user"", ""level"": 1}"
u9402,User 9402,user9402@example.com,"{""role"": ""user"", ""level"": 2}"
u9403,User 9403,user9403@example.com,"{""role"": ""user"", ""level"": 3}"
u9404,User 9404,user9404@example.com,"{""role"": ""user"", ""level"": 4}"
u9405,User 9405,user9405@example.com,"{""role"": ""user"", ""level"": 0}"
u9406,User 9406,user9406@example.com,"{""role"": ""user"", ""level"": 1}"
u9407,User 9407,user9407@example.com,"{""role"": ""user"", ""level"": 2}"
u9408,User 9408,user9408@example.com,"{""role"": ""user"", ""level"": 3}"
u9409,User 9409,user9409@example.com,"{""role"": ""user"", ""level"": 4}"
u9410,User 9410,user9410@example.com,"{""role"": ""user"", ""level"": 0}"
u9411,User 9411,user9411@example.com,"{""role"": ""user"", ""level"": 1}"
u9412,User 9412,user9412@example.com,"{""role"": ""user"", ""level"": 2}"
u9413,User 9413,user9413@example.com,"{""role"": ""user"", ""level"": 3}"
u9414,User 9414,user9414@example.com,"{""role"": ""user"", ""level"": 4}"
u9415,User 9415,user9415@example.com,"{""role"": ""user"", ""level"": 0}"
u9416,User 9416,user9416@example.com,"{""role"": ""user"", ""level"": 1}"
u9417,User 9417,user9417@example.com,"{""role"": ""user"", ""level"": 2}"
u9418,User 9418,user9418@example.com,"{""role"": ""user"", ""level"": 3}"
u9419,User 9419,user9419@example.com,"{""role"": ""user"", ""level"": 4}"
u9420,User 9420,user9420@example.com,"{""role"": ""user"", ""level"": 0}"
u9421,User 9421,user9421@example.com,"{""role"": ""user"", ""level"": 1}"
u9422,User 9422,user9422@example.com,"{""role"": ""user"", ""level"": 2}"
u9423,User 9423,user9423@example.com,"{""role"": ""user"", ""level"": 3}"
u9424,User 9424,user9424@example.com,"{""role"": ""user"", ""level"": 4}"
u9425,User 9425,user9425@example.com,"{""role"": ""user"", ""level"": 0}"
u9426,User 9426,user9426@example.com,"{""role"": ""user"", ""level"": 1}"
u9427,User 9427,user9427@example.com,"{""role"": ""user"", ""level"": 2}"
u9428,User 9428,user9428@example.com,"{""role"": ""user"", ""level"": 3}"
u9429,User 9429,user9429@example.com,"{""role"": ""user"", ""level"": 4}"
u9430,User 9430,user9430@example.com,"{""role"": ""user"", ""level"": 0}"
u9431,User 9431,user9431@example.com,"{""role"": ""user"", ""level"": 1}"
u9432,User 9432,user9432@example.com,"{""role"": ""user"", ""level"": 2}"
u9433,User 9433,user9433@example.com,"{""role"": ""user"", ""level"": 3}"
u9434,User 9434,user9434@example.com,"{""role"": ""user"", ""level"": 4}"
u9435,User 9435,user9435@example.com,"{""role"": ""user"", ""level"": 0}"
u9436,User 9436,user9436@example.com,"{""role"": ""user"", ""level"": 1}"
u9437,User 9437,user9437@example.com,"{""role"": ""user"", ""level"": 2}"
u9438,User 9438,user9438@example.com,"{""role"": ""user"", ""level"": 3}"
u9439,User 9439,user9439@example.com,"{""role"": ""user"", ""level"": 4}"
u9440,User 9440,user9440@example.com,"{""role"": ""user"", ""level"": 0}"
u9441,User 9441,user9441@example.com,"{""role"": ""user"", ""level"": 1}"
u9442,User 9442,user9442@example.com,"{""role"": ""user"", ""level"": 2}"
u9443,User 9443,user9443@example.com,"{""role"": ""user"", ""level"": 3}"
u9444,User 9444,user9444@example.com,"{""role"": ""user"", ""level"": 4}"
u9445,User 9445,user9445@example.com,"{""role"": ""user"", ""level"": 0}"
u9446,User 9446,user9446@example.com,"{""role"": ""user"", ""level"": 1}"
u9447,User 9447,user9447@example.com,"{""role"": ""user"", ""level"": 2}"
u9448,User 9448,user9448@example.com,"{""role"": ""user"", ""level"": 3}"
u9449,User 9449,user9449@example.com,"{""role"": ""user"", ""level"": 4}"
u9450,User 9450,user9450@example.com,"{""role"": ""user"", ""level"": 0}"
u9451,User 9451,user9451@example.com,"{""role"": ""user"", ""level"": 1}"
u9452,User 9452,user9452@example.com,"{""role"": ""user"", ""level"": 2}"
u9453,User 9453,user9453@example.com,"{""role"": ""user"", ""level"": 3}"
u9454,User 9454,user9454@example.com,"{""role"": ""user"", ""level"": 4}"
u9455,User 9455,user9455@example.com,"{""role"": ""user"", ""level"": 0}"
u9456,User 9456,user9456@example.com,"{""role"": ""user"", ""level"": 1}"
u9457,User 9457,user9457@example.com,"{""role"": ""user"", ""level"": 2}"
u9458,User 9458,user9458@example.com,"{""role"": ""user"", ""level"": 3}"
u9459,User 9459,user9459@example.com,"{""role"": ""user"", ""level"": 4}"
u9460,User 9460,user9460@example.com,"{""role"": ""user"", ""level"": 0}"
u9461,User 9461,user9461@example.com,"{""role"": ""user"", ""level"": 1}"
u9462,User 9462,user9462@example.com,"{""role"": ""user"", ""level"": 2}"
u9463,User 9463,user9463@example.com,"{""role"": ""user"", ""level"": 3}"
u9464,User 9464,user9464@example.com,"{""role"": ""user"", ""level"": 4}"
u9465,User 9465,user9465@example.com,"{""role"": ""user"", ""level"": 0}"
u9466,User 9466,user9466@example.com,"{""role"": ""user"", ""level"": 1}"
u9467,User 9467,user9467@example.com,"{""role"": ""user"", ""level"": 2}"
u9468,User 9468,user9468@example.com,"{""role"": ""user"", ""level"": 3}"
u9469,User 9469,user9469@example.com,"{""role"": ""user"", ""level"": 4}"
u9470,User 9470,user9470@example.com,"{""role"": ""user"", ""level"": 0}"
u9471,User 9471,user9471@example.com,"{""role"": ""user"", ""level"": 1}"
u9472,User 9472,user9472@example.com,"{""role"": ""user"", ""level"": 2}"
u9473,User 9473,user9473@example.com,"{""role"": ""user"", ""level"": 3}"
u9474,User 9474,user9474@example.com,"{""role"": ""user"", ""level"": 4}"
u9475,User 9475,user9475@example.com,"{""role"": ""user"", ""level"": 0}"
u9476,User 9476,user9476@example.com,"{""role"": ""user"", ""level"": 1}"
u9477,User 9477,user9477@example.com,"{""role"": ""user"", ""level"": 2}"
u9478,User 9478,user9478@example.com,"{""role"": ""user"", ""level"": 3}"
u9479,User 9479,user9479@example.com,"{""role"": ""user"", ""level"": 4}"
u9480,User 9480,user9480@example.com,"{""role"": ""user"", ""level"": 0}"
u9481,User 9481,user9481@example.com,"{""role"": ""user"", ""level"": 1}"
u9482,User 9482,user9482@example.com,"{""role"": ""user"", ""level"": 2}"
u9483,User 9483,user9483@example.com,"{""role"": ""user"", ""level"": 3}"
u9484,User 9484,user9484@example.com,"{""role"": ""user"", ""level"": 4}"
u9485,User 9485,user9485@example.com,"{""role"": ""user"", ""level"": 0}"
u9486,User 9486,user9486@example.com,"{""role"": ""user"", ""level"": 1}"
u9487,User 9487,user9487@example.com,"{""role"": ""user"", ""level"": 2}"
u9488,User 9488,user9488@example.com,"{""role"": ""user"", ""level"": 3}"
u9489,User 9489,user9489@example.com,"{""role"": ""user"", ""level"": 4}"
u9490,User 9490,user9490@example.com,"{""role"": ""user"", ""level"": 0}"
u9491,User 9491,user9491@example.com,"{""role"": ""user"", ""level"": 1}"
u9492,User 9492,user9492@example.com,"{""role"": ""user"", ""level"": 2}"
u9493,User 9493,user9493@example.com,"{""role"": ""user"", ""level"": 3}"
u9494,User 9494,user9494@example.com,"{""role"": ""user"", ""level"": 4}"
u9495,User 9495,user9495@example.com,"{""role"": ""user"", ""level"": 0}"
u9496,User 9496,user9496@example.com,"{""role"": ""user"", ""level"": 1}"
u9497,User 9497,user9497@example.com,"{""role"": ""user"", ""level"": 2}"
u9498,User 9498,user9498@example.com,"{""role"": ""user"", ""level"": 3}"
u9499,User 9499,user9499@example.com,"{""role"": ""user"", ""level"": 4}"
u9500,User 9500,user9500@example.com,"{""role"": ""user"", ""level"": 0}"
u9501,User 9501,user9501@example.com,"{""role"": ""user"", ""level"": 1}"
u9502,User 9502,user9502@example.com,"{""role"": ""user"", ""level"": 2}"
u9503,User 9503,user9503@example.com,"{""role"": ""user"", ""level"": 3}"
u9504,User 9504,user9504@example.com,"{""role"": ""user"", ""level"": 4}"
u9505,User 9505,user9505@example.com,"{""role"": ""user"", ""level"": 0}"
u9506,User 9506,user9506@example.com,"{""role"": ""user"", ""level"": 1}"
u9507,User 9507,user9507@example.com,"{""role"": ""user"", ""level"": 2}"
u9508,User 9508,user9508@example.com,"{""role"": ""user"", ""level"": 3}"
u9509,User 9509,user9509@example.com,"{""role"": ""user"", ""level"": 4}"
u9510,User 9510,user9510@example.com,"{""role"": ""user"", ""level"": 0}"
u9511,User 9511,user9511@example.com,"{""role"": ""user"", ""level"": 1}"
u9512,User 9512,user9512@example.com,"{""role"": ""user"", ""level"": 2}"
u9513,User 9513,user9513@example.com,"{""role"": ""user"", ""level"": 3}"
u9514,User 9514,user9514@example.com,"{""role"": ""user"", ""level"": 4}"
u9515,User 9515,user9515@example.com,"{""role"": ""user"", ""level"": 0}"
u9516,User 9516,user9516@example.com,"{""role"": ""user"", ""level"": 1}"
u9517,User 9517,user9517@example.com,"{""role"": ""user"", ""level"": 2}"
u9518,User 9518,user9518@example.com,"{""role"": ""user"", ""level"": 3}"
u9519,User 9519,user9519@example.com,"{""role"": ""user"", ""level"": 4}"
u9520,User 9520,user9520@example.com,"{""role"": ""user"", ""level"": 0}"
u9521,User 9521,user9521@example.com,"{""role"": ""user"", ""level"": 1}"
u9522,User 9522,user9522@example.com,"{""role"": ""user"", ""level"": 2}"
u9523,User 9523,user9523@example.com,"{""role"": ""user"", ""level"": 3}"
u9524,User 9524,user9524@example.com,"{""role"": ""user"", ""level"": 4}"
u9525,User 9525,user9525@example.com,"{""role"": ""user"", ""level"": 0}"
u9526,User 9526,user9526@example.com,"{""role"": ""user"", ""level"": 1}"
u9527,User 9527,user9527@example.com,"{""role"": ""user"", ""level"": 2}"
u9528,User 9528,user9528@example.com,"{""role"": ""user"", ""level"": 3}"
u9529,User 9529,user9529@example.com,"{""role"": ""user"", ""level"": 4}"
u9530,User 9530,user9530@example.com,"{""role"": ""user"", ""level"": 0}"
u9531,User 9531,user9531@example.com,"{""role"": ""user"", ""level"": 1}"
u9532,User 9532,user9532@example.com,"{""role"": ""user"", ""level"": 2}"
u9533,User 9533,user9533@example.com,"{""role"": ""user"", ""level"": 3}"
u9534,User 9534,user9534@example.com,"{""role"": ""user"", ""level"": 4}"
u9535,User 9535,user9535@example.com,"{""role"": ""user"", ""level"": 0}"
u9536,User 9536,user9536@example.com,"{""role"": ""user"", ""level"": 1}"
u9537,User 9537,user9537@example.com,"{""role"": ""user"", ""level"": 2}"
u9538,User 9538,user9538@example.com,"{""role"": ""user"", ""level"": 3}"
u9539,User 9539,user9539@example.com,"{""role"": ""user"", ""level"": 4}"
u9540,User 9540,user9540@example.com,"{""role"": ""user"", ""level"": 0}"
u9541,User 9541,user9541@example.com,"{""role"": ""user"", ""level"": 1}"
u9542,User 9542,user9542@example.com,"{""role"": ""user"", ""level"": 2}"
u9543,User 9543,user9543@example.com,"{""role"": ""user"", ""level"": 3}"
u9544,User 9544,user9544@example.com,"{""role"": ""user"", ""level"": 4}"
u9545,User 9545,user9545@example.com,"{""role"": ""user"", ""level"": 0}"
u9546,User 9546,user9546@example.com,"{""role"": ""user"", ""level"": 1}"
u9547,User 9547,user9547@example.com,"{""role"": ""user"", ""level"": 2}"
u9548,User 9548,user9548@example.com,"{""role"": ""user"", ""level"": 3}"
u9549,User 9549,user9549@example.com,"{""role"": ""user"", ""level"": 4}"
u9550,User 9550,user9550@example.com,"{""role"": ""user"", ""level"": 0}"
u9551,User 9551,user9551@example.com,"{""role"": ""user"", ""level"": 1}"
u9552,User 9552,user9552@example.com,"{""role"": ""user"", ""level"": 2}"
u9553,User 9553,user9553@example.com,"{""role"": ""user"", ""level"": 3}"
u9554,User 9554,user9554@example.com,"{""role"": ""user"", ""level"": 4}"
u9555,User 9555,user9555@example.com,"{""role"": ""user"", ""level"": 0}"
u9556,User 9556,user9556@example.com,"{""role"": ""user"", ""level"": 1}"
u9557,User 9557,user9557@example.com,"{""role"": ""user"", ""level"": 2}"
u9558,User 9558,user9558@example.com,"{""role"": ""user"", ""level"": 3}"
u9559,User 9559,user9559@example.com,"{""role"": ""user"", ""level"": 4}"
u9560,User 9560,user9560@example.com,"{""role"": ""user"", ""level"": 0}"
u9561,User 9561,user9561@example.com,"{""role"": ""user"", ""level"": 1}"
u9562,User 9562,user9562@example.com,"{""role"": ""user"", ""level"": 2}"
u9563,User 9563,user9563@example.com,"{""role"": ""user"", ""level"": 3}"
u9564,User 9564,user9564@example.com,"{""role"": ""user"", ""level"": 4}"
u9565,User 9565,user9565@example.com,"{""role"": ""user"", ""level"": 0}"
u9566,User 9566,user9566@example.com,"{""role"": ""user"", ""level"": 1}"
u9567,User 9567,user9567@example.com,"{""role"": ""user"", ""level"": 2}"
u9568,User 9568,user9568@example.com,"{""role"": ""user"", ""level"": 3}"
u9569,User 9569,user9569@example.com,"{""role"": ""user"", ""level"": 4}"
u9570,User 9570,user9570@example.com,"{""role"": ""user"", ""level"": 0}"
u9571,User 9571,user9571@example.com,"{""role"": ""user"", ""level"": 1}"
u9572,User 9572,user9572@example.com,"{""role"": ""user"", ""level"": 2}"
u9573,User 9573,user9573@example.com,"{""role"": ""user"", ""level"": 3}"
u9574,User 9574,user9574@example.com,"{""role"": ""user"", ""level"": 4}"
u9575,User 9575,user9575@example.com,"{""role"": ""user"", ""level"": 0}"
u9576,User 9576,user9576@example.com,"{""role"": ""user"", ""level"": 1}"
u9577,User 9577,user9577@example.com,"{""role"": ""user"", ""level"": 2}"
u9578,User 9578,user9578@example.com,"{""role"": ""user"", ""level"": 3}"
u9579,User 9579,user9579@example.com,"{""role"": ""user"", ""level"": 4}"
u9580,User 9580,user9580@example.com,"{""role"": ""user"", ""level"": 0}"
u9581,User 9581,user9581@example.com,"{""role"": ""user"", ""level"": 1}"
u9582,User 9582,user9582@example.com,"{""role"": ""user"", ""level"": 2}"
u9583,User 9583,user9583@example.com,"{""role"": ""user"", ""level"": 3}"
u9584,User 9584,user9584@example.com,"{""role"": ""user"", ""level"": 4}"
u9585,User 9585,user9585@example.com,"{""role"": ""user"", ""level"": 0}"
u9586,User 9586,user9586@example.com,"{""role"": ""user"", ""level"": 1}"
u9587,User 9587,user9587@example.com,"{""role"": ""user"", ""level"": 2}"
u9588,User 9588,user9588@example.com,"{""role"": ""user"", ""level"": 3}"
u9589,User 9589,user9589@example.com,"{""role"": ""user"", ""level"": 4}"
u9590,User 9590,user9590@example.com,"{""role"": ""user"", ""level"": 0}"
u9591,User 9591,user9591@example.com,"{""role"": ""user"", ""level"": 1}"
u9592,User 9592,user9592@example.com,"{""role"": ""user"", ""level"": 2}"
u9593,User 9593,user9593@example.com,"{""role"": ""user"", ""level"": 3}"
u9594,User 9594,user9594@example.com,"{""role"": ""user"", ""level"": 4}"
u9595,User 9595,user9595@example.com,"{""role"": ""user"", ""level"": 0}"
u9596,User 9596,user9596@example.com,"{""role"": ""user"", ""level"": 1}"
u9597,User 9597,user9597@example.com,"{""role"": ""user"", ""level"": 2}"
u9598,User 9598,user9598@example.com,"{""role"": ""user"", ""level"": 3}"
u9599,User 9599,user9599@example.com,"{""role"": ""user"", ""level"": 4}"
u9600,User 9600,user9600@example.com,"{""role"": ""user"", ""level"": 0}"
u9601,User 9601,user9601@example.com,"{""role"": ""user"", ""level"": 1}"
u9602,User 9602,user9602@example.com,"{""role"": ""user"", ""level"": 2}"
u9603,User 9603,user9603@example.com,"{""role"": ""user"", ""level"": 3}"
u9604,User 9604,user9604@example.com,"{""role"": ""user"", ""level"": 4}"
u9605,User 9605,user9605@example.com,"{""role"": ""user"", ""level"": 0}"
u9606,User 9606,user9606@example.com,"{""role"": ""user"", ""level"": 1}"
u9607,User 9607,user9607@example.com,"{""role"": ""user"", ""level"": 2}"
u9608,User 9608,user9608@example.com,"{""role"": ""user"", ""level"": 3}"
u9609,User 9609,user9609@example.com,"{""role"": ""user"", ""level"": 4}"
u9610,User 9610,user9610@example.com,"{""role"": ""user"", ""level"": 0}"
u9611,User 9611,user9611@example.com,"{""role"": ""user"", ""level"": 1}"
u9612,User 9612,user9612@example.com,"{""role"": ""user"", ""level"": 2}"
u9613,User 9613,user9613@example.com,"{""role"": ""user"", ""level"": 3}"
u9614,User 9614,user9614@example.com,"{""role"": ""user"", ""level"": 4}"
u9615,User 9615,user9615@example.com,"{""role"": ""user"", ""level"": 0}"
u9616,User 9616,user9616@example.com,"{""role"": ""user"", ""level"": 1}"
u9617,User 9617,user9617@example.com,"{""role"": ""user"", ""level"": 2}"
u9618,User 9618,user9618@example.com,"{""role"": ""user"", ""level"": 3}"
u9619,User 9619,user9619@example.com,"{""role"": ""user"", ""level"": 4}"
u9620,User 9620,user9620@example.com,"{""role"": ""user"", ""level"": 0}"
u9621,User 9621,user9621@example.com,"{""role"": ""user"", ""level"": 1}"
u9622,User 9622,user9622@example.com,"{""role"": ""user"", ""level"": 2}"
u9623,User 9623,user9623@example.com,"{""role"": ""user"", ""level"": 3}"
u9624,User 9624,user9624@example.com,"{""role"": ""user"", ""level"": 4}"
u9625,User 9625,user9625@example.com,"{""role"": ""user"", ""level"": 0}"
u9626,User 9626,user9626@example.com,"{""role"": ""user"", ""level"": 1}"
u9627,User 9627,user9627@example.com,"{""role"": ""user"", ""level"": 2}"
u9628,User 9628,user9628@example.com,"{""role"": ""user"", ""level"": 3}"
u9629,User 9629,user9629@example.com,"{""role"": ""user"", ""level"": 4}"
u9630,User 9630,user9630@example.com,"{""role"": ""user"", ""level"": 0}"
u9631,User 9631,user9631@example.com,"{""role"": ""user"", ""level"": 1}"
u9632,User 9632,user9632@example.com,"{""role"": ""user"", ""level"": 2}"
u9633,User 9633,user9633@example.com,"{""role"": ""user"", ""level"": 3}"
u9634,User 9634,user9634@example.com,"{""role"": ""user"", ""level"": 4}"
u9635,User 9635,user9635@example.com,"{""role"": ""user"", ""level"": 0}"
u9636,User 9636,user9636@example.com,"{""role"": ""user"", ""level"": 1}"
u9637,User 9637,user9637@example.com,"{""role"": ""user"", ""level"": 2}"
u9638,User 9638,user9638@example.com,"{""role"": ""user"", ""level"": 3}"
u9639,User 9639,user9639@example.com,"{""role"": ""user"", ""level"": 4}"
u9640,User 9640,user9640@example.com,"{""role"": ""user"", ""level"": 0}"
u9641,User 9641,user9641@example.com,"{""role"": ""user"", ""level"": 1}"
u9642,User 9642,user9642@example.com,"{""role"": ""user"", ""level"": 2}"
u9643,User 9643,user9643@example.com,"{""role"": ""user"", ""level"": 3}"
u9644,User 9644,user9644@example.com,"{""role"": ""user"", ""level"": 4}"
u9645,User 9645,user9645@example.com,"{""role"": ""user"", ""level"": 0}"
u9646,User 9646,user9646@example.com,"{""role"": ""user"", ""level"": 1}"
u9647,User 9647,user9647@example.com,"{""role"": ""user"", ""level"": 2}"
u9648,User 9648,user9648@example.com,"{""role"": ""user"", ""level"": 3}"
u9649,User 9649,user9649@example.com,"{""role"": ""user"", ""level"": 4}"
u9650,User 9650,user9650@example.com,"{""role"": ""user"", ""level"": 0}"
u9651,User 9651,user9651@example.com,"{""role"": ""user"", ""level"": 1}"
u9652,User 9652,user9652@example.com,"{""role"": ""user"", ""level"": 2}"
u9653,User 9653,user9653@example.com,"{""role"": ""user"", ""level"": 3}"
u9654,User 9654,user9654@example.com,"{""role"": ""user"", ""level"": 4}"
u9655,User 9655,user9655@example.com,"{""role"": ""user"", ""level"": 0}"
u9656,User 9656,user9656@example.com,"{""role"": ""user"", ""level"": 1}"
u9657,User 9657,user9657@example.com,"{""role"": ""user"", ""level"": 2}"
u9658,User 9658,user9658@example.com,"{""role"": ""user"", ""level"": 3}"
u9659,User 9659,user9659@example.com,"{""role"": ""user"", ""level"": 4}"
u9660,User 9660,user9660@example.com,"{""role"": ""user"", ""level"": 0}"
u9661,User 9661,user9661@example.com,"{""role"": ""user"", ""level"": 1}"
u9662,User 9662,user9662@example.com,"{""role"": ""user"", ""level"": 2}"
u9663,User 9663,user9663@example.com,"{""role"": ""user"", ""level"": 3}"
u9664,User 9664,user9664@example.com,"{""role"": ""user"", ""level"": 4}"
u9665,User 9665,user9665@example.com,"{""role"": ""user"", ""level"": 0}"
u9666,User 9666,user9666@example.com,"{""role"": ""user"", ""level"": 1}"
u9667,User 9667,user9667@example.com,"{""role"": ""user"", ""level"": 2}"
u9668,User 9668,user9668@example.com,"{""role"": ""user"", ""level"": 3}"
u9669,User 9669,user9669@example.com,"{""role"": ""user"", ""level"": 4}"
u9670,User 9670,user9670@example.com,"{""role"": ""user"", ""level"": 0}"
u9671,User 9671,user9671@example.com,"{""role"": ""user"", ""level"": 1}"
u9672,User 9672,user9672@example.com,"{""role"": ""user"", ""level"": 2}"
u9673,User 9673,user9673@example.com,"{""role"": ""user"", ""level"": 3}"
u9674,User 9674,user9674@example.com,"{""role"": ""user"", ""level"": 4}"
u9675,User 9675,user9675@example.com,"{""role"": ""user"", ""level"": 0}"
u9676,User 9676,user9676@example.com,"{""role"": ""user"", ""level"": 1}"
u9677,User 9677,user9677@example.com,"{""role"": ""user"", ""level"": 2}"
u9678,User 9678,user9678@example.com,"{""role"": ""user"", ""level"": 3}"
u9679,User 9679,user9679@example.com,"{""role"": ""user"", ""level"": 4}"
u9680,User 9680,user9680@example.com,"{""role"": ""user"", ""level"": 0}"
u9681,User 9681,user9681@example.com,"{""role"": ""user"", ""level"": 1}"
u9682,User 9682,user9682@example.com,"{""role"": ""user"", ""level"": 2}"
u9683,User 9683,user9683@example.com,"{""role"": ""user"", ""level"": 3}"
u9684,User 9684,user9684@example.com,"{""role"": ""user"", ""level"": 4}"
u9685,User 9685,user9685@example.com,"{""role"": ""user"", ""level"": 0}"
u9686,User 9686,user9686@example.com,"{""role"": ""user"", ""level"": 1}"
u9687,User 9687,user9687@example.com,"{""role"": ""user"", ""level"": 2}"
u9688,User 9688,user9688@example.com,"{""role"": ""user"", ""level"": 3}"
u9689,User 9689,user9689@example.com,"{""role"": ""user"", ""level"": 4}"
u9690,User 9690,user9690@example.com,"{""role"": ""user"", ""level"": 0}"
u9691,User 9691,user9691@example.com,"{""role"": ""user"", ""level"": 1}"
u9692,User 9692,user9692@example.com,"{""role"": ""user"", ""level"": 2}"
u9693,User 9693,user9693@example.com,"{""role"": ""user"", ""level"": 3}"
u9694,User 9694,user9694@example.com,"{""role"": ""user"", ""level"": 4}"
u9695,User 9695,user9695@example.com,"{""role"": ""user"", ""level"": 0}"
u9696,User 9696,user9696@example.com,"{""role"": ""user"", ""level"": 1}"
u9697,User 9697,user9697@example.com,"{""role"": ""user"", ""level"": 2}"
u9698,User 9698,user9698@example.com,"{""role"": ""user"", ""level"": 3}"
u9699,User 9699,user9699@example.com,"{""role"": ""user"", ""level"": 4}"
u9700,User 9700,user9700@example.com,"{""role"": ""user"", ""level"": 0}"
u9701,User 9701,user9701@example.com,"{""role"": ""user"", ""level"": 1}"
u9702,User 9702,user9702@example.com,"{""role"": ""user"", ""level"": 2}"
u9703,User 9703,user9703@example.com,"{""role"": ""user"", ""level"": 3}"
u9704,User 9704,user9704@example.com,"{""role"": ""user"", ""level"": 4}"
u9705,User 9705,user9705@example.com,"{""role"": ""user"", ""level"": 0}"
u9706,User 9706,user9706@example.com,"{""role"": ""user"", ""level"": 1}"
u9707,User 9707,user9707@example.com,"{""role"": ""user"", ""level"": 2}"
u9708,User 9708,user9708@example.com,"{""role"": ""user"", ""level"": 3}"
u9709,User 9709,user9709@example.com,"{""role"": ""user"", ""level"": 4}"
u9710,User 9710,user9710@example.com,"{""role"": ""user"", ""level"": 0}"
u9711,User 9711,user9711@example.com,"{""role"": ""user"", ""level"": 1}"
u9712,User 9712,user9712@example.com,"{""role"": ""user"", ""level"": 2}"
u9713,User 9713,user9713@example.com,"{""role"": ""user"", ""level"": 3}"
u9714,User 9714,user9714@example.com,"{""role"": ""user"", ""level"": 4}"
u9715,User 9715,user9715@example.com,"{""role"": ""user"", ""level"": 0}"
u9716,User 9716,user9716@example.com,"{""role"": ""user"", ""level"": 1}"
u9717,User 9717,user9717@example.com,"{""role"": ""user"", ""level"": 2}"
u9718,User 9718,user9718@example.com,"{""role"": ""user"", ""level"": 3}"
u9719,User 9719,user9719@example.com,"{""role"": ""user"", ""level"": 4}"
u9720,User 9720,user9720@example.com,"{""role"": ""user"", ""level"": 0}"
u9721,User 9721,user9721@example.com,"{""role"": ""user"", ""level"": 1}"
u9722,User 9722,user9722@example.com,"{""role"": ""user"", ""level"": 2}"
u9723,User 9723,user9723@example.com,"{""role"": ""user"", ""level"": 3}"
u9724,User 9724,user9724@example.com,"{""role"": ""user"", ""level"": 4}"
u9725,User 9725,user9725@example.com,"{""role"": ""user"", ""level"": 0}"
u9726,User 9726,user9726@example.com,"{""role"": ""user"", ""level"": 1}"
u9727,User 9727,user9727@example.com,"{""role"": ""user"", ""level"": 2}"
u9728,User 9728,user9728@example.com,"{""role"": ""user"", ""level"": 3}"
u9729,User 9729,user9729@example.com,"{""role"": ""user"", ""level"": 4}"
u9730,User 9730,user9730@example.com,"{""role"": ""user"", ""level"": 0}"
u9731,User 9731,user9731@example.com,"{""role"": ""user"", ""level"": 1}"
u9732,User 9732,user9732@example.com,"{""role"": ""user"", ""level"": 2}"
u9733,User 9733,user9733@example.com,"{""role"": ""user"", ""level"": 3}"
u9734,User 9734,user9734@example.com,"{""role"": ""user"", ""level"": 4}"
u9735,User 9735,user9735@example.com,"{""role"": ""user"", ""level"": 0}"
u9736,User 9736,user9736@example.com,"{""role"": ""user"", ""level"": 1}"
u9737,User 9737,user9737@example.com,"{""role"": ""user"", ""level"": 2}"
u9738,User 9738,user9738@example.com,"{""role"": ""user"", ""level"": 3}"
u9739,User 9739,user9739@example.com,"{""role"": ""user"", ""level"": 4}"
u9740,User 9740,user9740@example.com,"{""role"": ""user"", ""level"": 0}"
u9741,User 9741,user9741@example.com,"{""role"": ""user"", ""level"": 1}"
u9742,User 9742,user9742@example.com,"{""role"": ""user"", ""level"": 2}"
u9743,User 9743,user9743@example.com,"{""role"": ""user"", ""level"": 3}"
u9744,User 9744,user9744@example.com,"{""role"": ""user"", ""level"": 4}"
u9745,User 9745,user9745@example.com,"{""role"": ""user"", ""level"": 0}"
u9746,User 9746,user9746@example.com,"{""role"": ""user"", ""level"": 1}"
u9747,User 9747,user9747@example.com,"{""role"": ""user"", ""level"": 2}"
u9748,User 9748,user9748@example.com,"{""role"": ""user"", ""level"": 3}"
u9749,User 9749,user9749@example.com,"{""role"": ""user"", ""level"": 4}"
u9750,User 9750,user9750@example.com,"{""role"": ""user"", ""level"": 0}"
u9751,User 9751,user9751@example.com,"{""role"": ""user"", ""level"": 1}"
u9752,User 9752,user9752@example.com,"{""role"": ""user"", ""level"": 2}"
u9753,User 9753,user9753@example.com,"{""role"": ""user"", ""level"": 3}"
u9754,User 9754,user9754@example.com,"{""role"": ""user"", ""level"": 4}"
u9755,User 9755,user9755@example.com,"{""role"": ""user"", ""level"": 0}"
u9756,User 9756,user9756@example.com,"{""role"": ""user"", ""level"": 1}"
u9757,User 9757,user9757@example.com,"{""role"": ""user"", ""level"": 2}"
u9758,User 9758,user9758@example.com,"{""role"": ""user"", ""level"": 3}"
u9759,User 9759,user9759@example.com,"{""role"": ""user"", ""level"": 4}"
u9760,User 9760,user9760@example.com,"{""role"": ""user"", ""level"": 0}"
u9761,User 9761,user9761@example.com,"{""role"": ""user"", ""level"": 1}"
u9762,User 9762,user9762@example.com,"{""role"": ""user"", ""level"": 2}"
u9763,User 9763,user9763@example.com,"{""role"": ""user"", ""level"": 3}"
u9764,User 9764,user9764@example.com,"{""role"": ""user"", ""level"": 4}"
u9765,User 9765,user9765@example.com,"{""role"": ""user"", ""level"": 0}"
u9766,User 9766,user9766@example.com,"{""role"": ""user"", ""level"": 1}"
u9767,User 9767,user9767@example.com,"{""role"": ""user"", ""level"": 2}"
u9768,User 9768,user9768@example.com,"{""role"": ""user"", ""level"": 3}"
u9769,User 9769,user9769@example.com,"{""role"": ""user"", ""level"": 4}"
u9770,User 9770,user9770@example.com,"{""role"": ""user"", ""level"": 0}"
u9771,User 9771,user9771@example.com,"{""role"": ""user"", ""level"": 1}"
u9772,User 9772,user9772@example.com,"{""role"": ""user"", ""level"": 2}"
u9773,User 9773,user9773@example.com,"{""role"": ""user"", ""level"": 3}"
u9774,User 9774,user9774@example.com,"{""role"": ""user"", ""level"": 4}"
u9775,User 9775,user9775@example.com,"{""role"": ""user"", ""level"": 0}"
u9776,User 9776,user9776@example.com,"{""role"": ""user"", ""level"": 1}"
u9777,User 9777,user9777@example.com,"{""role"": ""user"", ""level"": 2}"
u9778,User 9778,user9778@example.com,"{""role"": ""user"", ""level"": 3}"
u9779,User 9779,user9779@example.com,"{""role"": ""user"", ""level"": 4}"
u9780,User 9780,user9780@example.com,"{""role"": ""user"", ""level"": 0}"
u9781,User 9781,user9781@example.com,"{""role"": ""user"", ""level"": 1}"
u9782,User 9782,user9782@example.com,"{""role"": ""user"", ""level"": 2}"
u9783,User 9783,user9783@example.com,"{""role"": ""user"", ""level"": 3}"
u9784,User 9784,user9784@example.com,"{""role"": ""user"", ""level"": 4}"
u9785,User 9785,user9785@example.com,"{""role"": ""user"", ""level"": 0}"
u9786,User 9786,user9786@example.com,"{""role"": ""user"", ""level"": 1}"
u9787,User 9787,user9787@example.com,"{""role"": ""user"", ""level"": 2}"
u9788,User 9788,user9788@example.com,"{""role"": ""user"", ""level"": 3}"
u9789,User 9789,user9789@example.com,"{""role"": ""user"", ""level"": 4}"
u9790,User 9790,user9790@example.com,"{""role"": ""user"", ""level"": 0}"
u9791,User 9791,user9791@example.com,"{""role"": ""user"", ""level"": 1}"
u9792,User 9792,user9792@example.com,"{""role"": ""user"", ""level"": 2}"
u9793,User 9793,user9793@example.com,"{""role"": ""user"", ""level"": 3}"
u9794,User 9794,user9794@example.com,"{""role"": ""user"", ""level"": 4}"
u9795,User 9795,user9795@example.com,"{""role"": ""user"", ""level"": 0}"
u9796,User 9796,user9796@example.com,"{""role"": ""user"", ""level"": 1}"
u9797,User 9797,user9797@example.com,"{""role"": ""user"", ""level"": 2}"
u9798,User 9798,user9798@example.com,"{""role"": ""user"", ""level"": 3}"
u9799,User 9799,user9799@example.com,"{""role"": ""user"", ""level"": 4}"
u9800,User 9800,user9800@example.com,"{""role"": ""user"", ""level"": 0}"
u9801,User 9801,user9801@example.com,"{""role"": ""user"", ""level"": 1}"
u9802,User 9802,user9802@example.com,"{""role"": ""user"", ""level"": 2}"
u9803,User 9803,user9803@example.com,"{""role"": ""user"", ""level"": 3}"
u9804,User 9804,user9804@example.com,"{""role"": ""user"", ""level"": 4}"
u9805,User 9805,user9805@example.com,"{""role"": ""user"", ""level"": 0}"
u9806,User 9806,user9806@example.com,"{""role"": ""user"", ""level"": 1}"
u9807,User 9807,user9807@example.com,"{""role"": ""user"", ""level"": 2}"
u9808,User 9808,user9808@example.com,"{""role"": ""user"", ""level"": 3}"
u9809,User 9809,user9809@example.com,"{""role"": ""user"", ""level"": 4}"
u9810,User 9810,user9810@example.com,"{""role"": ""user"", ""level"": 0}"
u9811,User 9811,user9811@example.com,"{""role"": ""user"", ""level"": 1}"
u9812,User 9812,user9812@example.com,"{""role"": ""user"", ""level"": 2}"
u9813,User 9813,user9813@example.com,"{""role"": ""user"", ""level"": 3}"
u9814,User 9814,user9814@example.com,"{""role"": ""user"", ""level"": 4}"
u9815,User 9815,user9815@example.com,"{""role"": ""user"", ""level"": 0}"
u9816,User 9816,user9816@example.com,"{""role"": ""user"", ""level"": 1}"
u9817,User 9817,user9817@example.com,"{""role"": ""user"", ""level"": 2}"
u9818,User 9818,user9818@example.com,"{""role"": ""user"", ""level"": 3}"
u9819,User 9819,user9819@example.com,"{""role"": ""user"", ""level"": 4}"
u9820,User 9820,user9820@example.com,"{""role"": ""user"", ""level"": 0}"
u9821,User 9821,user9821@example.com,"{""role"": ""user"", ""level"": 1}"
u9822,User 9822,user9822@example.com,"{""role"": ""user"", ""level"": 2}"
u9823,User 9823,user9823@example.com,"{""role"": ""user"", ""level"": 3}"
u9824,User 9824,user9824@example.com,"{""role"": ""user"", ""level"": 4}"
u9825,User 9825,user9825@example.com,"{""role"": ""user"", ""level"": 0}"
u9826,User 9826,user9826@example.com,"{""role"": ""user"", ""level"": 1}"
u9827,User 9827,user9827@example.com,"{""role"": ""user"", ""level"": 2}"
u9828,User 9828,user9828@example.com,"{""role"": ""user"", ""level"": 3}"
u9829,User 9829,user9829@example.com,"{""role"": ""user"", ""level"": 4}"
u9830,User 9830,user9830@example.com,"{""role"": ""user"", ""level"": 0}"
u9831,User 9831,user9831@example.com,"{""role"": ""user"", ""level"": 1}"
u9832,User 9832,user9832@example.com,"{""role"": ""user"", ""level"": 2}"
u9833,User 9833,user9833@example.com,"{""role"": ""user"", ""level"": 3}"
u9834,User 9834,user9834@example.com,"{""role"": ""user"", ""level"": 4}"
u9835,User 9835,user9835@example.com,"{""role"": ""user"", ""level"": 0}"
u9836,User 9836,user9836@example.com,"{""role"": ""user"", ""level"": 1}"
u9837,User 9837,user9837@example.com,"{""role"": ""user"", ""level"": 2}"
u9838,User 9838,user9838@example.com,"{""role"": ""user"", ""level"": 3}"
u9839,User 9839,user9839@example.com,"{""role"": ""user"", ""level"": 4}"
u9840,User 9840,user9840@example.com,"{""role"": ""user"", ""level"": 0}"
u9841,User 9841,user9841@example.com,"{""role"": ""user"", ""level"": 1}"
u9842,User 9842,user9842@example.com,"{""role"": ""user"", ""level"": 2}"
u9843,User 9843,user9843@example.com,"{""role"": ""user"", ""level"": 3}"
u9844,User 9844,user9844@example.com,"{""role"": ""user"", ""level"": 4}"
u9845,User 9845,user9845@example.com,"{""role"": ""user"", ""level"": 0}"
u9846,User 9846,user9846@example.com,"{""role"": ""user"", ""level"": 1}"
u9847,User 9847,user9847@example.com,"{""role"": ""user"", ""level"": 2}"
u9848,User 9848,user9848@example.com,"{""role"": ""user"", ""level"": 3}"
u9849,User 9849,user9849@example.com,"{""role"": ""user"", ""level"": 4}"
u9850,User 9850,user9850@example.com,"{""role"": ""user"", ""level"": 0}"
u9851,User 9851,user9851@example.com,"{""role"": ""user"", ""level"": 1}"
u9852,User 9852,user9852@example.com,"{""role"": ""user"", ""level"": 2}"
u9853,User 9853,user9853@example.com,"{""role"": ""user"", ""level"": 3}"
u9854,User 9854,user9854@example.com,"{""role"": ""user"", ""level"": 4}"
u9855,User 9855,user9855@example.com,"{""role"": ""user"", ""level"": 0}"
u9856,User 9856,user9856@example.com,"{""role"": ""user"", ""level"": 1}"
u9857,User 9857,user9857@example.com,"{""role"": ""user"", ""level"": 2}"
u9858,User 9858,user9858@example.com,"{""role"": ""user"", ""level"": 3}"
u9859,User 9859,user9859@example.com,"{""role"": ""user"", ""level"": 4}"
u9860,User 9860,user9860@example.com,"{""role"": ""user"", ""level"": 0}"
u9861,User 9861,user9861@example.com,"{""role"": ""user"", ""level"": 1}"
u9862,User 9862,user9862@example.com,"{""role"": ""user"", ""level"": 2}"
u9863,User 9863,user9863@example.com,"{""role"": ""user"", ""level"": 3}"
u9864,User 9864,user9864@example.com,"{""role"": ""user"", ""level"": 4}"
u9865,User 9865,user9865@example.com,"{""role"": ""user"", ""level"": 0}"
u9866,User 9866,user9866@example.com,"{""role"": ""user"", ""level"": 1}"
u9867,User 9867,user9867@example.com,"{""role"": ""user"", ""level"": 2}"
u9868,User 9868,user9868@example.com,"{""role"": ""user"", ""level"": 3}"
u9869,User 9869,user9869@example.com,"{""role"": ""user"", ""level"": 4}"
u9870,User 9870,user9870@example.com,"{""role"": ""user"", ""level"": 0}"
u9871,User 9871,user9871@example.com,"{""role"": ""user"", ""level"": 1}"
u9872,User 9872,user9872@example.com,"{""role"": ""user"", ""level"": 2}"
u9873,User 9873,user9873@example.com,"{""role"": ""user"", ""level"": 3}"
u9874,User 9874,user9874@example.com,"{""role"": ""user"", ""level"": 4}"
u9875,User 9875,user9875@example.com,"{""role"": ""user"", ""level"": 0}"
u9876,User 9876,user9876@example.com,"{""role"": ""user"", ""level"": 1}"
u9877,User 9877,user9877@example.com,"{""role"": ""user"", ""level"": 2}"
u9878,User 9878,user9878@example.com,"{""role"": ""user"", ""level"": 3}"
u9879,User 9879,user9879@example.com,"{""role"": ""user"", ""level"": 4}"
u9880,User 9880,user9880@example.com,"{""role"": ""user"", ""level"": 0}"
u9881,User 9881,user9881@example.com,"{""role"": ""user"", ""level"": 1}"
u9882,User 9882,user9882@example.com,"{""role"": ""user"", ""level"": 2}"
u9883,User 9883,user9883@example.com,"{""role"": ""user"", ""level"": 3}"
u9884,User 9884,user9884@example.com,"{""role"": ""user"", ""level"": 4}"
u9885,User 9885,user9885@example.com,"{""role"": ""user"", ""level"": 0}"
u9886,User 9886,user9886@example.com,"{""role"": ""user"", ""level"": 1}"
u9887,User 9887,user9887@example.com,"{""role"": ""user"", ""level"": 2}"
u9888,User 9888,user9888@example.com,"{""role"": ""user"", ""level"": 3}"
u9889,User 9889,user9889@example.com,"{""role"": ""user"", ""level"": 4}"
u9890,User 9890,user9890@example.com,"{""role"": ""user"", ""level"": 0}"
u9891,User 9891,user9891@example.com,"{""role"": ""user"", ""level"": 1}"
u9892,User 9892,user9892@example.com,"{""role"": ""user"", ""level"": 2}"
u9893,User 9893,user9893@example.com,"{""role"": ""user"", ""level"": 3}"
u9894,User 9894,user9894@example.com,"{""role"": ""user"", ""level"": 4}"
u9895,User 9895,user9895@example.com,"{""role"": ""user"", ""level"": 0}"
u9896,User 9896,user9896@example.com,"{""role"": ""user"", ""level"": 1}"
u9897,User 9897,user9897@example.com,"{""role"": ""user"", ""level"": 2}"
u9898,User 9898,user9898@example.com,"{""role"": ""user"", ""level"": 3}"
u9899,User 9899,user9899@example.com,"{""role"": ""user"", ""level"": 4}"
u9900,User 9900,user9900@example.com,"{""role"": ""user"", ""level"": 0}"
u9901,User 9901,user9901@example.com,"{""role"": ""user"", ""level"": 1}"
u9902,User 9902,user9902@example.com,"{""role"": ""user"", ""level"": 2}"
u9903,User 9903,user9903@example.com,"{""role"": ""user"", ""level"": 3}"
u9904,User 9904,user9904@example.com,"{""role"": ""user"", ""level"": 4}"
u9905,User 9905,user9905@example.com,"{""role"": ""user"", ""level"": 0}"
u9906,User 9906,user9906@example.com,"{""role"": ""user"", ""level"": 1}"
u9907,User 9907,user9907@example.com,"{""role"": ""user"", ""level"": 2}"
u9908,User 9908,user9908@example.com,"{""role"": ""user"", ""level"": 3}"
u9909,User 9909,user9909@example.com,"{""role"": ""user"", ""level"": 4}"
u9910,User 9910,user9910@example.com,"{""role"": ""user"", ""level"": 0}"
u9911,User 9911,user9911@example.com,"{""role"": ""user"", ""level"": 1}"
u9912,User 9912,user9912@example.com,"{""role"": ""user"", ""level"": 2}"
u9913,User 9913,user9913@example.com,"{""role"": ""user"", ""level"": 3}"
u9914,User 9914,user9914@example.com,"{""role"": ""user"", ""level"": 4}"
u9915,User 9915,user9915@example.com,"{""role"": ""user"", ""level"": 0}"
u9916,User 9916,user9916@example.com,"{""role"": ""user"", ""level"": 1}"
u9917,User 9917,user9917@example.com,"{""role"": ""user"", ""level"": 2}"
u9918,User 9918,user9918@example.com,"{""role"": ""user"", ""level"": 3}"
u9919,User 9919,user9919@example.com,"{""role"": ""user"", ""level"": 4}"
u9920,User 9920,user9920@example.com,"{""role"": ""user"", ""level"": 0}"
u9921,User 9921,user9921@example.com,"{""role"": ""user"", ""level"": 1}"
u9922,User 9922,user9922@example.com,"{""role"": ""user"", ""level"": 2}"
u9923,User 9923,user9923@example.com,"{""role"": ""user"", ""level"": 3}"
u9924,User 9924,user9924@example.com,"{""role"": ""user"", ""level"": 4}"
u9925,User 9925,user9925@example.com,"{""role"": ""user"", ""level"": 0}"
u9926,User 9926,user9926@example.com,"{""role"": ""user"", ""level"": 1}"
u9927,User 9927,user9927@example.com,"{""role"": ""user"", ""level"": 2}"
u9928,User 9928,user9928@example.com,"{""role"": ""user"", ""level"": 3}"
u9929,User 9929,user9929@example.com,"{""role"": ""user"", ""level"": 4}"
u9930,User 9930,user9930@example.com,"{""role"": ""user"", ""level"": 0}"
u9931,User 9931,user9931@example.com,"{""role"": ""user"", ""level"": 1}"
u9932,User 9932,user9932@example.com,"{""role"": ""user"", ""level"": 2}"
u9933,User 9933,user9933@example.com,"{""role"": ""user"", ""level"": 3}"
u9934,User 9934,user9934@example.com,"{""role"": ""user"", ""level"": 4}"
u9935,User 9935,user9935@example.com,"{""role"": ""user"", ""level"": 0}"
u9936,User 9936,user9936@example.com,"{""role"": ""user"", ""level"": 1}"
u9937,User 9937,user9937@example.com,"{""role"": ""user"", ""level"": 2}"
u9938,User 9938,user9938@example.com,"{""role"": ""user"", ""level"": 3}"
u9939,User 9939,user9939@example.com,"{""role"": ""user"", ""level"": 4}"
u9940,User 9940,user9940@example.com,"{""role"": ""user"", ""level"": 0}"
u9941,User 9941,user9941@example.com,"{""role"": ""user"", ""level"": 1}"
u9942,User 9942,user9942@example.com,"{""role"": ""user"", ""level"": 2}"
u9943,User 9943,user9943@example.com,"{""role"": ""user"", ""level"": 3}"
u9944,User 9944,user9944@example.com,"{""role"": ""user"", ""level"": 4}"
u9945,User 9945,user9945@example.com,"{""role"": ""user"", ""level"": 0}"
u9946,User 9946,user9946@example.com,"{""role"": ""user"", ""level"": 1}"
u9947,User 9947,user9947@example.com,"{""role"": ""user"", ""level"": 2}"
u9948,User 9948,user9948@example.com,"{""role"": ""user"", ""level"": 3}"
u9949,User 9949,user9949@example.com,"{""role"": ""user"", ""level"": 4}"
u9950,User 9950,user9950@example.com,"{""role"": ""user"", ""level"": 0}"
u9951,User 9951,user9951@example.com,"{""role"": ""user"", ""level"": 1}"
u9952,User 9952,user9952@example.com,"{""role"": ""user"", ""level"": 2}"
u9953,User 9953,user9953@example.com,"{""role"": ""user"", ""level"": 3}"
u9954,User 9954,user9954@example.com,"{""role"": ""user"", ""level"": 4}"
u9955,User 9955,user9955@example.com,"{""role"": ""user"", ""level"": 0}"
u9956,User 9956,user9956@example.com,"{""role"": ""user"", ""level"": 1}"
u9957,User 9957,user9957@example.com,"{""role"": ""user"", ""level"": 2}"
u9958,User 9958,user9958@example.com,"{""role"": ""user"", ""level"": 3}"
u9959,User 9959,user9959@example.com,"{""role"": ""user"", ""level"": 4}"
u9960,User 9960,user9960@example.com,"{""role"": ""user"", ""level"": 0}"
u9961,User 9961,user9961@example.com,"{""role"": ""user"", ""level"": 1}"
u9962,User 9962,user9962@example.com,"{""role"": ""user"", ""level"": 2}"
u9963,User 9963,user9963@example.com,"{""role"": ""user"", ""level"": 3}"
u9964,User 9964,user9964@example.com,"{""role"": ""user"", ""level"": 4}"
u9965,User 9965,user9965@example.com,"{""role"": ""user"", ""level"": 0}"
u9966,User 9966,user9966@example.com,"{""role"": ""user"", ""level"": 1}"
u9967,User 9967,user9967@example.com,"{""role"": ""user"", ""level"": 2}"
u9968,User 9968,user9968@example.com,"{""role"": ""user"", ""level"": 3}"
u9969,User 9969,user9969@example.com,"{""role"": ""user"", ""level"": 4}"
u9970,User 9970,user9970@example.com,"{""role"": ""user"", ""level"": 0}"
u9971,User 9971,user9971@example.com,"{""role"": ""user"", ""level"": 1}"
u9972,User 9972,user9972@example.com,"{""role"": ""user"", ""level"": 2}"
u9973,User 9973,user9973@example.com,"{""role"": ""user"", ""level"": 3}"
u9974,User 9974,user9974@example.com,"{""role"": ""user"", ""level"": 4}"
u9975,User 9975,user9975@example.com,"{""role"": ""user"", ""level"": 0}"
u9976,User 9976,user9976@example.com,"{""role"": ""user"", ""level"": 1}"
u9977,User 9977,user9977@example.com,"{""role"": ""user"", ""level"": 2}"
u9978,User 9978,user9978@example.com,"{""role"": ""user"", ""level"": 3}"
u9979,User 9979,user9979@example.com,"{""role"": ""user"", ""level"": 4}"
u9980,User 9980,user9980@example.com,"{""role"": ""user"", ""level"": 0}"
u9981,User 9981,user9981@example.com,"{""role"": ""user"", ""level"": 1}"
u9982,User 9982,user9982@example.com,"{""role"": ""user"", ""level"": 2}"
u9983,User 9983,user9983@example.com,"{""role"": ""user"", ""level"": 3}"
u9984,User 9984,user9984@example.com,"{""role"": ""user"", ""level"": 4}"
u9985,User 9985,user9985@example.com,"{""role"": ""user"", ""level"": 0}"
u9986,User 9986,user9986@example.com,"{""role"": ""user"", ""level"": 1}"
u9987,User 9987,user9987@example.com,"{""role"": ""user"", ""level"": 2}"
u9988,User 9988,user9988@example.com,"{""role"": ""user"", ""level"": 3}"
u9989,User 9989,user9989@example.com,"{""role"": ""user"", ""level"": 4}"
u9990,User 9990,user9990@example.com,"{""role"": ""user"", ""level"": 0}"
u9991,User 9991,user9991@example.com,"{""role"": ""user"", ""level"": 1}"
u9992,User 9992,user9992@example.com,"{""role"": ""user"", ""level"": 2}"
u9993,User 9993,user9993@example.com,"{""role"": ""user"", ""level"": 3}"
u9994,User 9994,user9994@example.com,"{""role"": ""user"", ""level"": 4}"
u9995,User 9995,user9995@example.com,"{""role"": ""user"", ""level"": 0}"
u9996,User 9996,user9996@example.com,"{""role"": ""user"", ""level"": 1}"
u9997,User 9997,user9997@example.com,"{""role"": ""user"", ""level"": 2}"
u9998,User 9998,user9998@example.com,"{""role"": ""user"", ""level"": 3}"
u9999,User 9999,user9999@example.com,"{""role"": ""user"", ""level"": 4}"
u10000,User 10000,user10000@example.com,"{""role"": ""user"", ""level"": 0}"
